ID,Projeto,Tipo,Situação,Título,Descrição,Últimas notas
114685,e-SUS Regulação,Demanda,Demanda - Entregue,MANUTENÇÃO EVOLUTIVA - GERAÇÃO DO BOLETIM DE PRODUÇÃO AMBULATORIAL (BPA) - FATURAMENTO AMBULATORIAL - ESUS REGULAÇÃO,"*Descrição:* 
Esta Ordem de Serviço tem como objetivo a implementação da funcionalidade de geração do Boletim de Produção Ambulatorial (BPA) no sistema e-SUS Regulação, seguindo as regras e parâmetros detalhados para garantir a conformidade com os requisitos de produção ambulatorial. O sistema deverá permitir a geração tanto do BPA Consolidado (BPA-C) quanto do BPA Individualizado (BPA-I), conforme as regras estabelecidas pelo SIASUS.

*Regras para Implementação:*
_*1. Parâmetros de Consulta dos Arquivos BPA:*_ 
   - O sistema deverá apresentar a competência selecionada para consulta sempre que for gerada por ao menos uma unidade.
   - Ao carregar a competência, o sistema automaticamente selecionará as unidades envolvidas, sem duplicidade no nome das unidades.

_*2. Geração do Arquivo BPA:*_
   - Considerar apenas solicitações com status de **agendamento confirmado** pelo executante e cuja data de execução esteja dentro da competência selecionada.
   - Solicitações cujos profissionais executantes não possuam CBO ou CNS informados serão excluídas do arquivo txt e listadas no relatório de erros em formato CSV.
   - O arquivo será gerado no formato texto, obedecendo ao layout definido para o BPA e SIASUS.
   - Informações de BPA-C e BPA-I serão geradas no mesmo arquivo, priorizando o BPA-I.
   - Os campos ""Tipo"" e ""Origem"" deverão seguir as diretrizes (""I"" para BPA-I, ""C"" para BPA-C, e ""ESR"" para a origem).
   - O campo de idade será calculado com base na data de nascimento do paciente e a data de execução do procedimento.
   - O BPA-C agregará informações por procedimento, caráter de atendimento e faixa etária, enquanto o BPA-I agregará informações por paciente e profissional executante.

_*3. Construção do Arquivo BPA:*_
   - O arquivo deverá respeitar o layout de interface de texto especificado para o BPA.
   - Poderá ser gerado múltiplas vezes para a mesma competência, com nomes distintos para evitar duplicidade.
   - O sistema permitirá a geração do BPA de até seis competências anteriores à competência atual, considerando a data de confirmação da solicitação.

_*4. Consulta e Armazenamento do BPA:*_
   - A consulta deverá exibir apenas registros com status de **agendamento confirmado pelo executante**.
   - O detalhamento do registro deverá conter informações de geração, como login do usuário, data e hora, tanto na tela quanto na impressão.
   - O sistema armazenará o arquivo BPA por até um ano, com status ""Temporário"" ou ""Confirmado"", dependendo da ação do operador de salvar o arquivo.

_*5. Limite e Geração de Arquivos BPA:*_
   - Limitar a geração de até 10 arquivos BPA para a mesma competência.
   - Disponibilizar relatório de erros no formato HTML para registros que não puderam ser processados por falta de CBO, CNS, ou caráter de atendimento.

_*6. Relatório de Erros e Reprocessamento:*_
   - O sistema deverá gerar um relatório de erros sempre que houver inconsistências na criação do BPA.
   - O relatório deverá detalhar os motivos pelos quais determinados registros não foram incluídos, permitindo a correção e a geração de uma nova versão do arquivo BPA.

*Justificativa:* 
Essa demanda faz parte do cronograma de evolução do e-SUS Regulação para permitir a geração do Boletim de Produção Ambulatorial (BPA) em conformidade com o SIASUS. A implementação desse recurso é crucial para o correto processamento dos dados de produção ambulatorial e para assegurar a prestação de contas dos serviços de saúde prestados, impactando diretamente na gestão de recursos e planejamento das ações de saúde pública.

",
114781,SubProj SIH,Demanda,Demanda - Entregue,Versão não obrigatória SIHD - 09/2024,"*Justificativa*
NUP: 25000.116544/2008-89 (Processo de Referência nº 0002012-48.2006.4.05.8100)
Determinações judiciais realizada na audiência ocorrida em 10 de setembro de 2024.
 *O Termo de Audiência determina:*
 *IV) Determino que o Ministério da Saúde:*
 [...]
2) a título de medida cautelar, em razão da condição atípica do HGF iniciar execução do cronograma com ocupação de 120% de seus leitos (com acomodação transitória de pacientes em locais que não cumprem os requisitos específicos de configuração de leitos, verificados por esta Magistrada na inspeção judicial), bem como estar em fase de entrega e habilitação de mais 45 leitos, *determino no que o Ministério da Saúde se abstenha de glosar as verbas relativas a repasse/pagamento de valores por motivo de ultrapassagem de capacidade instalada do HGF, pelo prazo de 120 dias, ou seja, até 31/01/2025* .

*Escopo*

Inativar a regra de capacidade instalada APENAS para o HGF-HOSPITAL GERAL DE FORTALEZA (código CNES 2497654) referente às produções apresentadas nas competências setembro/2024, outubro/2024, novembro/2024, dezembro/2024 e até janeiro/2025.

Obs.: Não importará a data de realização, internação ou alta. ",
113771,subproj Hemovida Web Coagulopatias,Demanda,Demanda - Entregue,GO - Liberação de acesso perfil gestor estadual (substituta),"
*Escopo:* A gestora estadual Mirian Amaral de Melo, saíra de fériase/ou atestado e solicitou a liberação de acesso da profissional farmacêutica Alessandra Roberta de Oliveira, CPF: 007570811-69, E-MAIL: alessandra.roberta@hotmail.com e TELEFONE: (62) 32317905, com o perfil de Gestora Estadual (substituta).

*Justificativa:* Liberar acesso para a profissional que irá substituir a Mirian.

*Objetivo:* Permitir que o trabalho executado pelo Gestor Estadual não seja interrompido.

*ATENÇÃO! Informações complementares em anexo.* 

NOTA:"" _Este atendimento possui dados sensíveis, dessa forma o artigo 26 da LGPD prevê que o uso compartilhado de dados pessoais pelo Poder Público deve atender a finalidades específicas de execução de políticas públicas e atribuição legal pelos órgãos e pelas entidades públicas, respeitados os princípios de proteção de dados pessoais elencados no art. 6º da Lei. Sendo assim utilizados para realização de suporte/manutenção, conforme orientação do serviço hemoterápico solicitante_ "".
",Solicitamos atendimento da demanda.
113770,subproj Hemovida Web Coagulopatias,Demanda,Demanda - Entregue,RS - Liberação de acesso perfil gestor estadual (substituta),"
*Escopo:* A gestora estadual Giovana Fecker da Costa Diaz, saíra de licença médica e solicitou a liberação de acesso da profissional ADRIANA CELIA LUZ, CPF: 61350729000, E-MAIL: adriana-luz@saude.rs.gov.br e TELEFONE: (51) 999638894, com o perfil de Gestora Estadual (substituta).
*
Justificativa:* Liberar acesso para a profissional que irá substituir a Giovana.

*Objetivo:* Permitir que o trabalho executado pelo Gestor Estadual não seja interrompido.

*ATENÇÃO! Informações complementares em anexo.*

*NOTA:* "" Este atendimento possui dados sensíveis, dessa forma o artigo 26 da LGPD prevê que o uso compartilhado de dados pessoais pelo Poder Público deve atender a finalidades específicas de execução de políticas públicas e atribuição legal pelos órgãos e pelas entidades públicas, respeitados os princípios de proteção de dados pessoais elencados no art. 6º da Lei. Sendo assim utilizados para realização de suporte/manutenção, conforme orientação do serviço hemoterápico solicitante "".",Solicitamos atendimento da demanda.
111089,subproj Hemovida Web Coagulopatias,Demanda,Demanda - Entregue,ATC - Solicitação de cadastro novo Gestor Federal,"*
Escopo:* Liberar a acesso para a nova profissional Taciana Ribeiro Silva Bessa - taciana.ribeiro@saude.gov.br, CPF: 900.641.276-72, Telefone: (61) 3315-9064, com o perfil Gestor Federal.

*Justisficativa:* Liberar acesso a nova profissional que irá compor a equipe da Assessoria Técnica de Coagulopatias ? ATC.

*Objetivo:* Permitir que a profissional execute suas atividades conforme perfil de acesso definido pela ATC.

*Nota:* "" _Este atendimento possui dados sensíveis, dessa forma o artigo 26 da LGPD prevê que o uso compartilhado de dados pessoais pelo Poder Público deve atender a finalidades específicas de execução de políticas públicas e atribuição legal pelos órgãos e pelas entidades públicas, respeitados os princípios de proteção de dados pessoais elencados no art. 6º da Lei. Sendo assim utilizados para realização de suporte/manutenção, conforme orientação do serviço hemoterápico solicitante_ "".
",Solicitamos atendimento da demanda.
114907,Subproj HORUS,Demanda,Demanda - Entregue,"Erro no status dos itens e da Distribuição, módulo Especializado UF: MT","A CAF de Mato Grosso (Estabelecimento de Saúde: CENTRO ESTADUAL DE ABASTECIMENTO E DISTRIBUIÇÃO DE INSUMOS DE SAÚDE DE MATO GROSSO (CEADIS), CNES  4069463) realizou as ?Distribuição sem requisição? abaixo, no entanto, o status da requisição e dos itens permanecem como Inicial, devendo ter sido alterado para Atendido. Os itens foram atendidos conforme consta nos relatórios de saída do estabelecimento atendente. O estabelecimento também confirmou que os produtos foram subtraídos do estoque, só não houve a alteração do status. 

Nº 26088148 - Estabelecimento de Saúde Destino: SMS DE APIACAS CEAF/CBAF/CESAF SES-MT
O item INSULINA ANÁLOGA DE AÇÃO RÁPIDA 100 UI/ML TUBETE COM SISTEMA a Quantidade Atendida deverá ser igual a 0. 
Os demais itens a Quantidade a Distribuir = Quantidade atendida.


Nº 26102702 - Estabelecimento de Saúde Destino: SMS DE ARAGUAIANA CEAF/CBAF/CESAF SES-MT
Os demais itens a Quantidade a Distribuir = Quantidade atendida.
",
114715,Subproj HORUS,Demanda,Demanda - Entregue,"Erro no status dos itens e da Distribuição, módulo Especializado UF: MT (4)","A CAF de Mato Grosso (Estabelecimento de Saúde: CENTRO ESTADUAL DE ABASTECIMENTO E DISTRIBUIÇÃO DE INSUMOS DE SAÚDE DE MATO GROSSO (CEADIS), CNES  4069463) realizou as ?Distribuição sem requisição? abaixo, no entanto, o status da requisição e dos itens permanecem como Inicial, devendo ter sido alterado para Atendido. Os itens foram atendidos conforme consta nos relatórios de saída do estabelecimento atendente. O estabelecimento também confirmou que os produtos foram subtraídos do estoque, só não houve a alteração do status. 

Nº 26166450 - Estabelecimento de Saúde Destino: SMS DE DENISE CEAF/CBAF/CESAF SES-MT
O item AMANTADINA 100 MG COMP GRUPO 1.B a Quantidade Atendida deverá ser igual a 0. 
Os demais itens a Quantidade a Distribuir = Quantidade atendida.


Nº 26085277 - Estabelecimento de Saúde Destino: SMS DE NOVA OLIMPIA CEAF/CBAF/CESAF SES-MT
O item INSULINA ANÁLOGA DE AÇÃO RÁPIDA 100 UI/ML TUBETE COM SISTEMA a Quantidade Atendida deverá ser igual a 0. 
Os demais itens a Quantidade a Distribuir = Quantidade atendida.
",
113939,subproj Hemovida Web Coagulopatias,Demanda,Demanda - Em atendimento,PE ? Paciente PB em transito infusão não é apresentada no relatório HEMOPE.,"

*Escopo:* O usuário Lucas Vas de Castro Oliveira (pefil Controlador Estoque Estadual), em 02/09/2024 fez um atendimento de um paciente em trânsito da Paraíba que precisou ser infundido no HEMOPE. (Figura 1)

Dia 02/09/2024: 60 frascos CONCENTRADO DE FATOR VIII RECOMBINANTE 500 UI (Lote: BE20E215AA ) - 30000 UI

Abaixo estão as figuras 2 e 3 e anexado na demanda também o arquivo gerado da infusão.

No relatório de Infusões do HEMOPE o sistema não está apresentando a infusão realizada no dia 02/09/2024 deste paciente.

*Justificativa:* O sistema deverá apresentar as informações da instituição do usuário logado (pefil Controlador Estoque Estadual).

*Objetivo:* Apresentar apenas as informações da instituição o qual o usuário pefil Controlador Estoque Estadual está vinculado.
*
ATENÇÃO! Evidências nos arquivos em anexo.*

*NOTA:* "" _Este atendimento possui dados sensíveis, dessa forma o artigo 26 da LGPD prevê que o uso compartilhado de dados pessoais pelo Poder Público deve atender a finalidades específicas de execução de políticas públicas e atribuição legal pelos órgãos e pelas entidades públicas, respeitados os princípios de proteção de dados pessoais elencados no art. 6º da Lei. Sendo assim utilizados para realização de suporte/manutenção, conforme orientação do serviço hemoterápico solicitante_ ""
",Solicitamos atendimento da demanda.
113706,subproj Hemovida Web Coagulopatias,Demanda,Demanda - Em atendimento,RJ - Paciente não é encontrado no sistema - consultar paciente,"
*Escopo:* Usuária Célia Akiko Leitão, instituição HEMORIO, não está conseguindo localizar o paciente Reydson Chagas Souza Silva, nascido em 15/12/1973, portador de Hemofilia A Grave, CNS 898.001.293.324.053, CPF 0532.603.271-33, código SHWC 2018758053. Residia no RJ, há um ano foi transferido para Manaus, hoje encontra-se internado no Hemorio necessitando utilizar fatores de coagulação.

Justificativa: Ajustar o sistema para os usuários possam trabalhar adequadamente.

Objetivo: Permitir que o profissional precisa realizar as consultas conforme estabelecido no sistema, para poder realizar o atendimento aos pacientes.

*Evidências no arquivo em anexo.*

NOTA: "" _Este atendimento possui dados sensíveis, dessa forma o artigo 26 da LGPD prevê que o uso compartilhado de dados pessoais pelo Poder Público deve atender a finalidades específicas de execução de políticas públicas e atribuição legal pelos órgãos e pelas entidades públicas, respeitados os princípios de proteção de dados pessoais elencados no art. 6º da Lei. Sendo assim utilizados para realização de suporte/manutenção, conforme orientação do serviço hemoterápico solicitante_ "".",Solicitamos atendimento da demanda.
113700,subproj Hemovida Web Coagulopatias,Demanda,Demanda - Em atendimento,SC ? Dados complementares ? campo DATA fora padrão,"
*Escopo:* A usuária Joana Sacheti Freitas Donadel, da instituição HEMOSC , não consegue alterar os Dados Complementares do Paciente, dados do mesmo no arquivo em anexo. Acredita que o sistema não permite, pois a data está fora do padrão - 01/03/20171.

*Justificativa:* É necessário a alteração da data para o usuário poder realizar novos registros.

*Objetivo:* O sistema não deveria permitir salvar data fora do padrão.

NOTA: "" _Este atendimento possui dados sensíveis, dessa forma o artigo 26 da LGPD prevê que o uso compartilhado de dados pessoais pelo Poder Público deve atender a finalidades específicas de execução de políticas públicas e atribuição legal pelos órgãos e pelas entidades públicas, respeitados os princípios de proteção de dados pessoais elencados no art. 6º da Lei. Sendo assim utilizados para realização de suporte/manutenção, conforme orientação do serviço hemoterápico solicitante_ "".",
105290,subproj Hemovida Web Coagulopatias,Demanda,Demanda - Entregue,Hemominas - Aceite CONCENTRADO DE fator VIII-HA-IT - Distribuição 111570,"Escopo: O usuário Cristiano Romero Gonçalves Rodrigues do serviço Pato de Minas, perfil ""controlador de estoque do serviço"", não consegue realizar o aceite de 100 (cem) frascos de fator VIII ? código SIAD 613860 que constam da guia SIAD 2024/3940 no sistema coagulopatiasweb - Distribuição 111570. Mesmo clicando no local ?aceitar? o sistema não efetiva o registro.

*Justificativa:* O usuário precisa receber os 100 frascos da medicação  CONCENTRADO DE fator VIII-HA-IT Frasco de 500 UI para que possa ser os pacientes possam continuar o tratamento.

*Objetivo:* Viabilizar a utilização do sistema conforme fluxo estabelecido para recebimento do medicamento , CONCENTRADO DE fator VIII-HA-IT Frasco de 500 UI, para o serviço hemoterápico realizar o atendimento conforme estabelecido em legislação.",
105344,subproj Hemovida Web Coagulopatias,Demanda,Demanda - Entregue,Hemocentro R Juiz de Fora - Aceite CONCENTRADO DE fator VIII lote C3A035AA,"
Escopo: A usuária Cynthia Lírio Reis e Góes Vieira do serviço HEMOCENTRO REGIONAL DE JUIZ DE FORA, perfil ""controlador de estoque do serviço"", não consegue realizar o aceite no lote C3A035AA - Fator VIII 500UI. Mesmo clicando no botão ?aceitar? o sistema confirma o aceite, mas o mesmo permanece em aberto.

Justificativa: A usuária precisa receber o medicamento do lote C3A035AA - Fator VIII 500UI para que possa os pacientes possam dar continuidade no tratamento.

Objetivo: Viabilizar a utilização do sistema conforme fluxo estabelecido para recebimento do medicamento, Fator VIII 500UI, para que o serviço hemoterápico realize o atendimento conforme estabelecido em legislação.
",
106190,subproj Hemovida Web Coagulopatias,Demanda,Demanda - Entregue,Minas Gerais ? Erro ajustar campo Estoque Almoxarifado Central,"*Escopo:* A usuária *Ana Paula Guimarães dos Santos* , perfil *""Gestor Federal""* , não consegue ajustar o estoque do *Almoxarifado Central do estado de Minas Gerais* , dos seguintes medicamentos: *BE20D245AA e L224E1201* . Neste processo, foi possível apenas realizar o ajuste somente nos lotes *?U14355E, P100581792, C3A039AC?* . O sistema realiza todo o fluxo com as mensagens, entretanto não realiza a alteração e também não gera mensagem de erro. 

*Justificativa:* O estado MG, instituição precisa realizar as distribuições de medicamento para os serviços realizarem o atendimento aos pacientes conforme tratamento estabelecendo.

*Objetivo:* Corrigir para viabilizar a utilização do sistema conforme fluxo estabelecido para distribuição de medicamentos, para os serviços hemoterápicos realizarem o atendimento conforme estabelecido em legislação.

",
110799,subproj Hemovida Web Coagulopatias,Demanda,Demanda - Entregue,Modificações para adequação ao novo protocolo do emicizumabe,"*Escopo:* Adequar o sistema ao novo Protocolo do *emicizumabe*.

Como há grande pressão de usuários do SUS e profissionais da saúde para implementação desta mudança, cujo prazo usual já foi esgotado, é fundamental que as alterações no sistema estejam prontas e validadas antes da disponibilização. Aguardávamos a publicação final, mas diante do tempo, optamos por submeter antecipadamente este pedido de melhorias. Adaptaremos o protocolo para que este exija o menor número possível de mudanças. Há urgência para adoção destas melhorias que, na visão desta área técnica, são a *principal prioridade neste momento* . Para facilitar, sintetizamos as mudanças a seguir:

Atualmente pacientes que entram nos programas de imunotolerância ou de emicizumabe são registrados em seções específicas do sistema HWC, conforme as especificidades de cada protocolo (critérios de inclusão, documentos necessários, etc). Com a mudança, as restrições de acesso ao programa de emicizumabe serão reduzidas, de modo que qualquer paciente com hemofilia A grave poderá solicitar a entrada neste protocolo. Assim, será necessário eliminar as restrições à entrada destes pacientes e modificar os documentos solicitados para inclusão. Isto está detalhado na demanda. 
De forma semelhante, o programa de imunotolerância é hoje um programa separado, que não permite o uso de emicizumabe. Com as novas regras, pacientes em uso de emicizumabe poderão realizar, concomitante, a imunotolerância. 

Seguem abaixo os detalhes:
1) Na área de inclusão do termo de esclarecimento e responsabilidade e do termo de anuência da equipe multiprofissional para inclusão pacientes com hemofilia A e inibidores no tratamento com emicizumabe
- Deverá modificar o nome para de INCLUIR TERMO para INCLUIR DOCUMENTOS com a observação de que os documentos devem ser incluídos apenas em um documento 
- Deverá aumentar a capacidade de inclusão de documentos.

2) Durante essa solicitação, deverá ser incluído um campo com a seguinte pergunta:
- O paciente já participou do protocolo de imunotolerância? Sim ou não
a) Se sim, abrir campo com o enunciado ""Sobre a participação do paciente no Protocolo de Imunotolerância"" para resposta as opções:
-Reposta total
-Resposta parcial
-Falha terapêutica
-Abandono

3) O sistema hoje não permite inserir pacientes em ""emicizumabe"" se estiver na ""imunotolerância"". Após a publicação do novo protocolo, os paciente que estiverem na ""imunotolerância"" podem ser incluídos também em ""emicizumabe"" podendo estar nas duas plataformas ao mesmo tempo. 
Além disso, os pacientes que estiverem em ""emicizumabe"" poderão ser incluídos na ""imunotolerância"" podendo estar nas duas plataformas ao mesmo tempo. 
Solicitamos que seja modificado no sistema e que os pacientes possam ser incluídos na plataforma de ""emicizumabe"" mesmo estando em ""imunotolerância"" e também possam ser incluídos em ""imunotolerância"" mesmo estando em ""emicizumabe"".

*Justificativa:* Modificações para adequação ao novo protocolo do emicizumabe.

*Objetivo:* Possibilitar que os pacientes possam ser assistidos com as mudanças e evoluções do tratamento na utilização do sistema sem nenhum impedimento na assistência aos pacientes.
","Após a reunião realizada no dia 30/08/2024 dúvidas apresentadas pela equipe técnica foram sanadas e outros encaminhamentos foram dados. Conforme listado a baixo: 

1. Anexar em um único arquivo todos os documentos exigidos pelo protocolo (texto).
2. Para Emicizumabe o diagnóstico tem que ser somente Hemofilia A
3. Se o paciente já faz Imunotolerância o diagnóstico poderá ser Hemofilia A ou B
4. A gravidade poderá ser qualquer uma, pois a análise será feita pela própria área técnica - ATC, algumas vezes essa informação poderá ser informada equivocadamente. Assim não limita a entrada do paciente no protocolo Emicizumabe.
5. O campo ""Sobre a participação do protocolo de"" não será mais incluído. No formulário existe a informação da data da última Imunotolerância.
"
110802,subproj Hemovida Web Coagulopatias,Demanda,Demanda - Entregue,ATC - Solicitação de cadastro estadual,"

*Escopo:* Usuária Maíra Nunes Pereira, nova profissional da área de Assessoria Técnica de Coagulopatias, precisa terá acesso ao sistema Hemovida Web Coagulopatias com os seguintes perfis: GESTOR FEDERAL ? ADMINISTRADOR e Gestora Estadual BR.

*Justificativa:* A profissional está assumindo as atividades das profissionais Sarha Jane e Soraia, que está se desligando da Coordenação-Geral de Sangue e Hemoderivados.

*Objetivo:* Possibilitar que a usuária possa executar suas atividades.

Anexo informações complementares.
",Solicitamos atendimento imediato.
111084,subproj Hemovida Web Coagulopatias,Demanda,Demanda - Entregue,MS - solicitação de substituição de Gestor Estadual,"Escopo: Segue documentação para substituição do Gestor Estadual do Mato Grosso do Sul ?Jose Maria N. A."" por Fábio L. M. 

Justificativa: O profissional ?Jose Maria N. A."" que está se desligando da instituição Rede Hemosul ? MS.

Objetivo: Possibilitar que a usuária possa executar suas atividades conforme regra de acesso.

Anexo informações complementares. 

Nota: "" _Este atendimento possui dados sensíveis, dessa forma o artigo 26 da LGPD prevê que o uso compartilhado de dados pessoais pelo Poder Público deve atender a finalidades específicas de execução de políticas públicas e atribuição legal pelos órgãos e pelas entidades públicas, respeitados os princípios de proteção de dados pessoais elencados no art. 6º da Lei. Sendo assim utilizados para realização de suporte/manutenção, conforme orientação do serviço hemoterápico solicitante_ "".",Solicitamos atendimento da demanda.
111087,subproj Hemovida Web Coagulopatias,Demanda,Demanda - Entregue,BA - Não consegue finalizar Cadastro de novo paciente,"*Escopo:* A usuária Gestora Estadual BA não está conseguindo terminar o cadastro de uma nova paciente conforme print FIGURA 1.

*Justificativa:* Permitir que o paciente possa ser incluído no sistema com todas as informações corretas para que possa realizar o seu tratamento conforme o protocolo definido pelo o médico.

*Objetivo:* O sistema deve permitir o cadastro de novos pacientes conforme documentação.

*Nota:* "" _Este atendimento possui dados sensíveis, dessa forma o artigo 26 da LGPD prevê que o uso compartilhado de dados pessoais pelo Poder Público deve atender a finalidades específicas de execução de políticas públicas e atribuição legal pelos órgãos e pelas entidades públicas, respeitados os princípios de proteção de dados pessoais elencados no art. 6º da Lei. Sendo assim utilizados para realização de suporte/manutenção, conforme orientação do serviço hemoterápico solicitante_ "".
",Solicitamos atendimento da demanda.
114510,Subproj HORUS,Demanda,Demanda - Entregue,O relatório Dispensação por usuário SUS não está apresentando dispensações com o Status ?Não atendido?,"O município de Milhã, no Ceará, relata que o relatório de Dispensação por Usuário do SUS não está exibindo todas as dispensações com o status ""não atendido"". Essa falha na geração do relatório está ocorrendo em todos os estabelecimentos, afetando as informações necessárias para a Secretaria de Saúde do município, dificultando o acompanhamento e a gestão dos medicamentos que não foram entregues aos usuários.",
113858,Subproj Plataforma Brasil,Demanda,Demanda - Entregue,[PB-2024-074] [698] O sistema não atualizou o pesquisador responsável do projeto após aprovação da solicitação de alteração pelo CEP.,"Fomos notificados por 2 CEPs a respeito de problemas ocorridos após aprovarem solicitações de alteração de pesquisador responsável.
Pois, os(as) novos(as) pesquisadores(as) indicados(as) não estão tendo acesso ao projeto na Plataforma Brasil.
Abaixo estão detalhados os casos onde o referido problema ocorreu:

*** CEP: 5327 - Hospital de Clínicas de Porto Alegre - HCPA ***

CASO 01)

DESCRIÇÃO DO PROBLEMA:
- No dia 06/08/2024, o CEP aprovou a solicitação para troca de pesquisador de ""THOBIAS PLESNIK"" para ""Felix Henrique Paim Kessler"".
Porém, o sr. Felix Henrique Paim Kessler não consegue visualizar o projeto no sistema.

DADOS DO PROJETO:
Título da Pesquisa: DESENVOLVIMENTO DA VERSÃO BRASILEIRA DE UM MANUAL DE OTIMIZAÇÃO DO DESEMPENHO DE ATLETAS PARA PROFISSIONAIS
CAAE: (não possui ainda)
Instituição Proponente: Fundo de Incentivo à Pesquisa e Eventos

DADOS UTILIZADOS NA ANÁLISE DA DEMANDA:
- Pesquisador antigo: THOBIAS PLESNIK (CPF: 859.566.940-68 / TB_AGENTE.CO_SEQ_AGENTE = 917503)
- Pesquisador novo/indicado: Felix Henrique Paim Kessler (CPF: 662.874.130-34 / TB_AGENTE.CO_SEQ_AGENTE = 175126)
- TB_PROJETO.CO_SEQ_PROJETO = 2330111 (PO)
- TB_PROJETO.CO_PESQUISADOR_RESPONSAVEL = 917503 (está com o código do pesquisador antigo - este é o erro!)

SOLUÇÃO A SER ADOTADA:
- Script para atribuir o valor '175126' na tabela de projetos (TB_PROJETO.CO_PESQUISADOR_RESPONSAVEL = 175126) correspondente ao sr. Felix Henrique Paim Kessler, que é o novo pesquisador responsável do projeto, quando TB_PROJETO.CO_SEQ_PROJETO = 2330111 (PO).
- Gravar o trâmite ""Alteração de Pesquisador Responsável Validada"" no referido projeto, correspondente à operação de alteração de pesquisador responsável, que foi realizada no dia 06/08/2024.

CASO 02)

DESCRIÇÃO DO PROBLEMA:
- No dia 12/08/2024, o CEP aprovou a solicitação para troca de pesquisador de ""FRANCISCO JOSÉ VERÍSSIMO VERONESE"" para ""Fernanda Sales Luiz Vianna"".
Porém, a sra. Fernanda Sales Luiz Vianna não consegue visualizar o projeto no sistema.

DADOS DO PROJETO:
Título da Pesquisa: PREVALÊNCIA DO GENÓTIPO DE RISCO G1/G2 DO GENE DA APOLIPROTEÍNA L1 (APOL1) E ASSOCIAÇÃO COM DOENÇA RENAL CRÔNICA NÃO DIABÉTICA EM INDIVIDUOS AUTODECLARADOS NEGROS
CAAE: 69698117.1.0000.5327
Instituição Proponente: HOSPITAL DE CLINICAS DE PORTO ALEGRE

DADOS UTILIZADOS NA ANÁLISE DA DEMANDA:
- Pesquisador antigo: FRANCISCO JOSÉ VERÍSSIMO VERONESE?????(CPF: 375.714.780-49 / TB_AGENTE.CO_SEQ_AGENTE = 37499)
- Pesquisador novo/indicado: Fernanda Sales Luiz Vianna (CPF: 829.334.050-91 / TB_AGENTE.CO_SEQ_AGENTE = 161101)
- TB_PROJETO.CO_SEQ_PROJETO = 942989 (PO), 1037275 (E1), 1526255 (E2) e 1880049 (E3)
- TB_PROJETO.CO_PESQUISADOR_RESPONSAVEL = 37499 (está com o código do pesquisador antigo - este é o erro!)

SOLUÇÃO A SER ADOTADA:
- Script para atribuir o valor '161101' na tabela de projetos (TB_PROJETO.CO_PESQUISADOR_RESPONSAVEL = 161101) correspondente à sra. Fernanda Sales Luiz Vianna, que é o novo pesquisador responsável do projeto, quando TB_PROJETO.CO_SEQ_PROJETO = 942989 (PO), 1037275 (E1), 1526255 (E2) e 1880049 (E3).
- Gravar o trâmite ""Alteração de Pesquisador Responsável Validada"" no referido projeto, correspondente à operação de alteração de pesquisador responsável, que foi realizada no dia 12/08/2024.

CASO 03)

DESCRIÇÃO DO PROBLEMA:
- No dia 12/08/2024, o CEP aprovou a solicitação para troca de pesquisador de ""CECILIA OGANDO ALFAMA"" para ""Luciana Verçoza Viana"".
Porém, a sra. Luciana Verçoza Viana não consegue visualizar o projeto no sistema.

DADOS DO PROJETO:
Título da Pesquisa: ASSOCIAÇÃO ENTRE CONSUMO DE ALIMENTOS ULTRAPROCESSADOS E O REGANHO DE PESO APÓS 24 MESES DE CIRURGIA BARIÁTRICA
CAAE: (não possui ainda)
Instituição Proponente: HOSPITAL DE CLINICAS DE PORTO ALEGRE

DADOS UTILIZADOS NA ANÁLISE DA DEMANDA:
- Pesquisador antigo: CECILIA OGANDO ALFAMA (CPF: 858.353.400-44 / TB_AGENTE.CO_SEQ_AGENTE = 479201)
- Pesquisador novo/indicado: Luciana Verçoza Viana (CPF: 927.715.720-87 / TB_AGENTE.CO_SEQ_AGENTE = 209514)
- TB_PROJETO.CO_SEQ_PROJETO = 2381089 (PO)
- TB_PROJETO.CO_PESQUISADOR_RESPONSAVEL = 479201 (está com o código do pesquisador antigo - este é o erro!)

SOLUÇÃO A SER ADOTADA:
- Script para atribuir o valor '209514' na tabela de projetos (TB_PROJETO.CO_PESQUISADOR_RESPONSAVEL = 209514) correspondente à sra. Luciana Verçoza Viana, que é a nova pesquisadora responsável do projeto, quando TB_PROJETO.CO_SEQ_PROJETO = 2381089 (PO).
- Gravar o trâmite ""Alteração de Pesquisador Responsável Validada"" no referido projeto, correspondente à operação de alteração de pesquisador responsável, que foi realizada no dia 12/08/2024.

CASO 04)

DESCRIÇÃO DO PROBLEMA:
- No dia 19/08/2024, o CEP aprovou a solicitação para troca de pesquisador de ""Cristiane Bauermann Leitao"" para ""Camila Corrêa"".
Porém, a sra. Camila Corrêa não consegue visualizar o projeto no sistema.

DADOS DO PROJETO:
Título da Pesquisa: Associação entre Componentes da Dieta e Perfil Inflamatório em Pacientes Transplantados Renais
CAAE: 03577118.6.0000.5327
Instituição Proponente: HOSPITAL DE CLINICAS DE PORTO ALEGRE

DADOS UTILIZADOS NA ANÁLISE DA DEMANDA:
- Pesquisador antigo: Cristiane Bauermann Leitao (CPF: 884.407.020-00 / TB_AGENTE.CO_SEQ_AGENTE = 13774)
- Pesquisador novo/indicado: Camila Corrêa (CPF: 008.778.130-19 / TB_AGENTE.CO_SEQ_AGENTE = 34339)
- TB_PROJETO.CO_SEQ_PROJETO = 1150565 (PO)
- TB_PROJETO.CO_PESQUISADOR_RESPONSAVEL = 13774 (está com o código do pesquisador antigo - este é o erro!)

SOLUÇÃO A SER ADOTADA:
- Script para atribuir o valor '34339' na tabela de projetos (TB_PROJETO.CO_PESQUISADOR_RESPONSAVEL = 34339) correspondente à sra. Camila Corrêa, que é a nova pesquisadora responsável do projeto, quando TB_PROJETO.CO_SEQ_PROJETO = 1150565 (PO).
- Gravar o trâmite ""Alteração de Pesquisador Responsável Validada"" no referido projeto, correspondente à operação de alteração de pesquisador responsável, que foi realizada no dia 19/08/2024.

*** CEP: 5154 - Universidade Federal do Triângulo Mineiro (UFTM) ***

CASO 05)

DESCRIÇÃO DO PROBLEMA:
- No dia 14/08/2024, o CEP aprovou a solicitação para troca de pesquisador de ""BRUNA MARTINS CRUVINEL"" para ""RHAINER GUILLERMO NASCIMENTO FERREIRA"".
Porém, o sr. RHAINER GUILLERMO NASCIMENTO FERREIRA não consegue visualizar o projeto no sistema.

DADOS DO PROJETO:
Título da Pesquisa: A EXPERIMENTAÇÃO NO ENSINO DE GEOCIÊNCIAS: COMO OS MODELOS REPRESENTATIVOS PODEM AUXILIAR NA CONSOLIDAÇÃO DO CONHECIMENTO?
CAAE: 82537724.9.0000.5154
Instituição Proponente: Universidade Federal do Triangulo Mineiro

DADOS UTILIZADOS NA ANÁLISE DA DEMANDA:
- Pesquisador antigo: BRUNA MARTINS CRUVINEL (CPF: 142.100.166-75 / TB_AGENTE.CO_SEQ_AGENTE = 1206872)
- Pesquisador novo/indicado: RHAINER GUILLERMO NASCIMENTO FERREIRA (CPF: 075.802.096-16 / TB_AGENTE.CO_SEQ_AGENTE = 490000)
- TB_PROJETO.CO_SEQ_PROJETO = 2397083 (PO)
- TB_PROJETO.CO_PESQUISADOR_RESPONSAVEL =  1206872 (está com o código do pesquisador antigo - este é o erro!)

SOLUÇÃO A SER ADOTADA:
- Script para atribuir o valor '490000' na tabela de projetos (TB_PROJETO.CO_PESQUISADOR_RESPONSAVEL = 490000) correspondente ao sr. RHAINER GUILLERMO NASCIMENTO FERREIRA, que é a novo pesquisador responsável do projeto, quando TB_PROJETO.CO_SEQ_PROJETO = 2397083 (PO).
- Gravar o trâmite ""Alteração de Pesquisador Responsável Validada"" no referido projeto, correspondente à operação de alteração de pesquisador responsável, que foi realizada no dia 14/08/2024.

CASO 06)

DESCRIÇÃO DO PROBLEMA:
- No dia 12/08/2024, o CEP aprovou a solicitação para troca de pesquisador de ""Valeria Reis"" para ""JAQUELINE MAISSIAT"".
Porém, a sra. JAQUELINE MAISSIAT não consegue visualizar o projeto no sistema.

DADOS DO PROJETO:
Título da Pesquisa: Aprender pela imagem: As possibilidades de um jogo educativo
CAAE: 82642624.3.0000.5154
Instituição Proponente: INSTITUTO FEDERAL DE EDUCACAO, CIENCIA E TECNOLOGIA DO TRIANGULO MINEIRO

DADOS UTILIZADOS NA ANÁLISE DA DEMANDA:
- Pesquisador antigo: Valeria Reis (CPF: 397.186.888-62 / TB_AGENTE.CO_SEQ_AGENTE = 1199635)
- Pesquisador novo/indicado: JAQUELINE MAISSIAT (CPF: 001.005.990-36 / TB_AGENTE.CO_SEQ_AGENTE = 1219720)
- TB_PROJETO.CO_SEQ_PROJETO = 2376772 (PO)
- TB_PROJETO.CO_PESQUISADOR_RESPONSAVEL = 1199635 (está com o código do pesquisador antigo - este é o erro!)

SOLUÇÃO A SER ADOTADA:
- Script para atribuir o valor '1219720' na tabela de projetos (TB_PROJETO.CO_PESQUISADOR_RESPONSAVEL = 1219720) correspondente à sra. JAQUELINE MAISSIAT, que é a nova pesquisadora responsável do projeto, quando TB_PROJETO.CO_SEQ_PROJETO = 2376772 (PO).
- Gravar o trâmite ""Alteração de Pesquisador Responsável Validada"" no referido projeto, correspondente à operação de alteração de pesquisador responsável, que foi realizada no dia 14/08/2024.

OBJETIVO DA DEMANDA:
Correção dos casos identificados para que se comporte conforme definido nos documentos:
- Caso de Uso: MS_PLATBR_UC122_ManterSolicitacaoAlteracaoPesquisadorResponsavel
- Caso de Uso: MS_PLATBR_UC314_ValidarSolicitacaoAlteracaoPesquisadorResponsavel
- Especificação Técnica: MS_PLATBR_Especificacao_Tecnica_186 , 186A, 186B e 186C.  ",
113621,Subproj Plataforma Brasil,Demanda,Demanda - Entregue,"[PB-2024-071] [696] O sistema apresenta carregamento contínuo ao tentar submeter a emenda ""Ep3"" do projeto.","O pesquisador relata que não consegue submeter a emenda ""Ep3"" do projeto de CAAE 56482922.2.2016.5138, pois o sistema fica somente carregando.

DADOS DO PROJETO
Título da Pesquisa: Projeto CV-Genes: avaliação do impacto do componente genético como fator de risco para doença cardiovascular aterosclerótica na população brasileira
Pesquisador Responsável: SAMANTHA BAGGIO FRANCO PEREZ
CAAE: 56482922.2.2016.5138
Submetido em: 17/02/2023
Instituição Proponente: SANTA CASA DE MISERICORDIA DE BELO HORIZONTE
Situação da Versão do Projeto: Parecer Consubstanciado Emitido (Aprovado)

SOLUÇÃO A SER ADOTADA:
- O sistema deverá permitir que o pesquisador consiga submeter o protocolo ""Ep3"" do projeto.

OBJETIVO DA DEMANDA:
- Correção do sistema para que se comporte conforme definido nos casos de uso UC036 - Manter Pesquisa Simplificada.

SOLICITANTES:
- Equipe PB/Conep (plataformabrasil@saude.gov.br)","Verificamos que no projeto CAAE 56482922.2.2016.5138 não consta a notificação ""Np2"".

Logo, do protocolo ""Np1"" pula para o protocolo ""Np3"". Acreditamos que isto seja um problema no contador. Sendo assim, a numeração deve ser ajustada (na lista de protocolos, árvore de arquivos e histórico de trâmites), conforme descrito a seguir:

- O protocolo ""Np3"" deve ser alterado para ""Np2"";
- O protocolo ""Np4"" deve ser alterado para ""Np3"";
- O protocolo ""Np5"" deve ser alterado para ""Np4"";
- O protocolo ""Np6"" deve ser alterado para ""Np5"";
- O protocolo ""Np7"" deve ser alterado para ""Np6"";"
111085,Subproj Plataforma Brasil,Demanda,Demanda - Entregue,[PB-2024-057] [668] Campo grupo em que serão divididos não apresenta informação para participante.,"O sistema está solicitando que o campo ""Grande Área do Conhecimento (CNPQ)"" é de preenchimento obrigatório no projeto de centro participante.

DADOS DO PROJETO:
Título da Pesquisa: Protocolo ALKS 3831-A313: Estudo de extensão de segurança de longo prazo da OLZ/SAM em participantes pediátricos com esquizofrenia ou transtorno bipolar I (Extensão do ENLIGHTEN Youth)
Pesquisador Responsável: Mario Rodrigues Louzã Neto
CAAE: 76740723.9.1001.0068
Submetido em: 16/04/2024
Instituição Proponente: Hospital das Clínicas da Faculdade de Medicina da USP
Situação da Versão do Projeto: Parecer Consubstanciado Emitido (Aprovado)

SOLUÇÃO A SER ADOTADA:
O campo deve apresentar a mesma informação que foi preenchida pelo centro coordenador e que consta nas informações básicas do projeto.

OBJETIVO DA DEMANDA:
Correção do sistema para que se comporte conforme definido na regra de negócio [RN469] e na Especificação Técnica 188-M.

SOLICITANTES:
Equipe Plataforma Brasil <plataformabrasil@saude.gov.br>
<ricardo.costa@saude.gov.br>","Prezados(as), 

Verificamos que a descrição da demanda está incompleta.

Na verdade, o problema não ocorre no projeto CAAE 76740723.9.1001.0068 (centro coordenador).
Mas, sim no *CENTRO PARTICIPANTE* "" +Universidade Federal do Ceará/HOSPITAL UNIVERSITARIO WALTER CANTIDIO+ "" pertinente ao pesquisador +Fabio Gomes de Matos e Souza+ .

Poderiam realizar a correção para o centro participante informado? "
114092,Subproj HORUS,Demanda,Demanda - Entregue,"Erro no status dos itens e da Distribuição, módulo Especializado UF: MT","A CAF de Mato Grosso (Estabelecimento de Saúde: CENTRO ESTADUAL DE ABASTECIMENTO E DISTRIBUIÇÃO DE INSUMOS DE SAÚDE DE MATO GROSSO (CEADIS), CNES  4069463) realizou a ?Distribuição sem requisição? abaixo, no entanto, o status da requisição e dos itens permanecem como Inicial, devendo ter sido alterado para Atendido. Os itens foram atendidos conforme consta nos relatórios de saída do estabelecimento atendente. O estabelecimento também confirmou que os produtos foram subtraídos do estoque, só não houve a alteração do status.",Por favor atender solicitação.
113701,Subproj HORUS,Demanda,Demanda - Entregue,Erro ao selecionar medicamento vencido - Avaré - SP,"O estabelecimento de saúde FARMÁCIA JUDICIAL DE AVARÉ, CNES: 6435920, possui o medicamento BR0308732U0062 ÁCIDO VALPRÓICO (VALPROATO DE SÓDIO) 50 MG/ML XAROPE 100 ML ELENCO ESTADUAL em estoque com dois lotes distintos (2145226 e 0843/20). Os medicamentos referentes ao lote 2145226 já ultrapassaram o prazo de validade, no entanto, o sistema não consegue realizar a saída através da funcionalidade ?Saída Diversa>Saída por Validade Vencida?.
Ressaltamos que uma demanda foi aberta anteriormente para tratamento desse erro (#102789). 

",Favor atender solicitação conforme encaminhado pela equipe técnica.
113684,Subproj Plataforma Brasil,Demanda,Demanda - Entregue,"[PB-2024-072] [201] O sistema apresenta mensagem ""Não é possível concluir esta operação. Existem protocolos vinculados a este projeto na CONEP, que aguardam indicação de comitê de ética"", ao tentar submeter emenda.","O pesquisador relata que ao tentar submeter a resposta de pendências da emenda ""E4"", o sistema apresenta a seguinte mensagem: ""Não é possível concluir está operação. Existe(m) protocolo(s) vinculado(s) a este na CONEP, que aguardam indicação de comitê de ética"". 

Dados do projeto:
Título da Pesquisa: Desenvolvimento de um Programa de Transplante de Rim Intervivos com Doação Renal Pareada
Pesquisador Responsável: Marcelo Perosa de Miranda
CAAE: 37380614.2.0000.5485
Submetido em: 22/06/2023
Instituição Proponente: Sociedade Assistencial Bandeirantes/Hospital Bandeirantes - SP
Situação da Versão do Projeto: Parecer Consubstanciado Emitido (Não Aprovado - Não Cabe Recurso)

Solução a ser adotada:
- O sistema deverá permitir que o pesquisador consiga submeter a resposta do protocolo ""E4"" ao CEP.

Objetivo da demanda:
- Correção do sistema para que se comporte conforme definido nos casos de uso UC036 - Manter Pesquisa Simplificada e UC026 - Enviar pesquisa para o CEP.

Solicitantes:
plataformabrasil@saude.gov.br",
111884,subproj Hemovida Web Coagulopatias,Demanda,Demanda - Em atendimento,DF e BA ? Anexo termo TCLE inconsistente.,"*Escopo:* 
*(N1)* A fim de realizar a validação do paciente incluído no tratamento do Emicizumabe, o cadastro do paciente foi recusado mais de 2 vezes para que o serviço do Hemocentro de Brasília realizasse o processo de inclusão do paciente no tratamento.

Sendo assim, na última tentativa de inclusão o sistema exibiu a mensagem de ?ARQUIVO ANEXO COM SUCESSO?. *(Figura 1)*

Ao verificar a ficha de solicitação no sistema para validação da inclusão, o sistema exibe a mensagem de NÃO EXISTE TERMO DE ACEITE PARA O PACIENTE. E mensagem no cabeçalho da tela. *(Figura 2 e 3)*

*(N2)* Essa situação o arquivo TCLE não abre conforme a *figura 4 e 5* .


Neste sentido, solicitamos correção da funcionalidade.
Os dados dos pacientes são: código *0706089913* , *0518877739* e *0518884517* .

Justificativa: Corrigir a inconsistência apresentada na funcionalidade solicitação de inclusão do paciente no Emicizumabe (inclusão de validação / upload e download do arquivo)

Objetivo: Possibilitar que os serviços realizem a inclusão de pacientes no tratamento do Emicizumabe, conforme protocolo clínico.

*NOTA:* _""Este atendimento possui dados sensíveis, dessa forma o artigo 26 da LGPD prevê que o uso compartilhado de dados pessoais pelo Poder Público deve atender a finalidades específicas de execução de políticas públicas e atribuição legal pelos órgãos e pelas entidades públicas, respeitados os princípios de proteção de dados pessoais elencados no art. 6º da Lei. Sendo assim utilizados para realização de suporte/manutenção, conforme orientação do serviço hemoterápico solicitante""_.
",Solicitamos o atendimento imediato da demanda.
110387,subproj Hemovida Web Coagulopatias,Demanda,Demanda - Em atendimento,SP - Controle de Estoque UNIFESP,"
*Escopo:* Implementar solução para que o sistema Hemovida Web Coagulpatias apresente corretamente os registros de entrada e saída de infusão adequadamente no controle de estoque.
Avaliar o relatório do consolidado de estoque de medicamento ? serviço UNIFESP

*Justificativa:* fluxo de entrada e saída com as posições de estoque reais do sistema.

*Objetivo:* Manter o fluxo de entrada e saída com relação as posições de estoque do sistema Hemovida Web Coagulopatias Web, de acordo com o escopo de regras.
",Solicitamos atendimento da demanda.
113938,Subproj Plataforma Brasil,Demanda,Demanda - Entregue,"[PB-2024-076] [198] O sistema não atualizou a situação do protocolo ""PO"", após ter recebido parecer de ""pendente"". ","Fomos notificados pelo pesquisador a respeito de problema ocorrido após a tramitação do protocolo ""PO"" do projeto CAAE 80408024.8.0000.5187, na qual situação encontra-se como ""Parecer Consubstanciado Emitido (Em Apreciação Ética)"", porém a situação correta deve ser: ""Pendência emitida pelo CEP"", visto que o parecer consubstanciado encontra-se com situação de pendente.

DADOS DO PROJETO 
Título da Pesquisa: AVALIAÇÃO DOS ATRIBUTOS RADIÔMICOS DA ARTICULAÇÃO TEMPOROMANDIBULAR NA ESTIMATIVA DE IDADE UTILIZANDO RADIOGRAFIAS PANORÂMICAS E APRENDIZADO DE MÁQUINA
Pesquisador Responsável: YGOR ALEXANDRE BESERRA DE SOUSA
CAAE: 80408024.8.0000.5187
Submetido em: 19/06/2024
Instituição Proponente: Universidade Estadual da Paraíba - UEPB
Situação da Versão do Projeto: Parecer Consubstanciado Emitido (Em Apreciação Ética

SOLUÇÃO A SER ADOTADA 
A  situação do protocolo ""PO"" deve ser atualizada para ""Pendência emitida pelo CEP"", visto que o parecer consubstanciado encontra-se com situação de pendência.

OBJETIVO DA DEMANDA:
Correção do sistema para que se comporte conforme definido na Especificação Técnica 188-M.

SOLICITANTES:
plataformabrasil@saude.gov.br",
102771,Subproj HORUS,Demanda,Demanda - Entregue,Erro em Dispensações/Agendamentos ? Santa Isabel - SP,"O estabelecimento de saúde UBS II DR FRANCISCO PEDREIRA RIBEIRO DE SANTA ISABEL-SP, CNES 4049535 relata que está ocorrendo erro nas dispensações de número: 126186452, 161537574 e 148972455.

A usuária relata que não houve dispensação no referido estabelecimento, no entanto, ao gerar o relatório ?Dispensação por Usuário SUS?, as dispensações são apresentadas.

Em análise ao sistema, foi verificado que todas as dispensações relatadas se encontram com status de ?Agendada? no estabelecimento UBS II DR FRANCISCO PEDREIRA RIBEIRO DE SANTA ISABEL-SP, mas ao consultar o boleto de dispensação, consta que outro estabelecimento realizou o atendimento.

Ao gerar o relatório de ?Entrada e Saída? dos estabelecimentos atendentes, foi confirmado que as dispensações foram de fato realizadas nestes locais.

Dispensação 126186452:

Data: 01/08/2023
Estabelecimento Atendente: CENTRO DE ESPECIALIDADES MUNICIPAL DE SANTA ISABEL-SP
Medicamento com Divergência: Furosemida 40 mg Comprimido

Dispensação 161537574:

Data: 16/08/2023
Estabelecimento Atendente: ESF VILA GUILHERME DE SANTA ISABEL-SP
Medicamento com Divergência: Furosemida 40 mg Comprimido

Dispensação 148972455:

Data: 17/08/2023
Estabelecimento Atendente: CENTRO DE ESPECIALIDADES MUNICIPAL DE SANTA ISABEL-SP
Medicamento com Divergência: CETOCONAZOL 2% CREME 30 G

Em resumo, ao consultar o relatório de ?Entrada e Saída? dos estabelecimentos atendentes, fica confirmado que as dispensações foram de fato realizadas. No entanto, o relatório ""Dispensação por Usuário SUS"" do estabelecimento responsável pelo agendamento indica erroneamente que as dispensações foram efetuadas nesse local.
",
110722,Subproj Plataforma Brasil,Demanda,Demanda - Entregue,[PB-2024-051] O sistema apresenta carregamento contínuo ao tentar editar projeto de pesquisa.,"*CASO 01)*

Fomos notificados pela pesquisadora a respeito de problema ocorrido ao tentar editar o projeto original ""POc"" do centro coparticipante CAAE 29693120.5.3592.0063. Pois, o sistema apresenta carregamento contínuo, que impossibilita à pesquisadora e seus assistentes de preencherem as informações do referido protocolo e realizar o seu envio ao CEP.

DADOS DO PROJETO COPARTICIPANTE:

Título da Pesquisa: Estudo de prevalência de HTLV e outras IST e padrões de comportamento sexual em parturientes no Brasil.
Pesquisador Responsável: ELIANA MARCIA DA ROS WENDLAND
CAAE: 29693120.5.3592.0063
Instituição Coparticipante: Hospital Maternidade Leonor Mendes de Barros

SOLUÇÃO A SER ADOTADA:
- Quando a pesquisadora e/ou seus assistentes acionarem a opção de edição da pesquisa (ícone de lápis) no protocolo ""POc"", o sistema deve apresentar a tela para edição do projeto original, possibilitando o seu preenchimento e posterior envio ao CEP. 

OBJETIVO DA DEMANDA:
- Correção do sistema para que se comporte conforme definido nos casos de uso UC036 - Manter Pesquisa Simplificada.

SOLICITANTES:
- Eliana Marcia da Ros Wendland (eliana.wendland@hmv.org.br)
- Augusto Bacelo Bidinotto (augusto.bidinotto@hmv.org.br)","Quando a demanda [RD#110722] foi aberta, a situação estava correta (com pendência de parecer). 
Porém, não sei explicar o pq a situação mudou para ""aprovado"", já que não consta nenhum registro de trâmite, e nem parecer de aprovação para este protocolo. 
A reclamação inicial da pesquisadora foi que ela não estava conseguindo submeter a resposta de pendência, pq o sistema apresentava aquele ""carregamento contínuo"". 
Então, nesse primeiro momento precisamos ajustar a situação para ""Parecer Consubstanciado Emitido (Pendência Emitida pelo CEP)"". E depois solicitar que a pesquisadora faça uma nova tentativa de submissão do projeto. E se ela conseguir, poderemos considerar a demanda como concluída/homologada."
110709,Subproj HORUS,Demanda,Demanda - Entregue,Erro na reimpressão de recibos ? Hórus Especializado,"O estabelecimento de saúde FARMÁCIA ESTADUAL DE MEDICAMENTOS ESPECIAIS - RIO FARMES PRAÇA XI - FARMÁCIA no Rio de Janeiro, que executa o Horus Especializado, relata que não consegue reimprimir o recibo de Dispensação através da funcionalidade ?Solicitação > Reimprimir Recibo?, para a paciente MARCIA OLIVEIRA LOUREIRO, CNS: 704205248892088, referente ao LME 7, APAC 3324201920072, vigência 02/07/2024 -30/09/2024.","Por favor, proceder atendimento da demanda."
107172,Subproj HORUS,Demanda,Demanda - Entregue,"Erro no status dos itens e da Distribuição, módulo Especializado UF: MT","A CAF de Mato Grosso (Estabelecimento de Saúde: CENTRO ESTADUAL DE ABASTECIMENTO E DISTRIBUIÇÃO DE INSUMOS DE SAÚDE DE MATO GROSSO (CEADIS), CNES  4069463) realizou as ?Distribuição sem requisição? abaixo, no entanto, o status da requisição e dos itens permanecem como Inicial, devendo ter sido alterado para Atendido. Os itens foram atendidos conforme consta nos relatórios de saída do estabelecimento atendente. O estabelecimento também confirmou que os produtos foram subtraídos do estoque, só não houve a alteração do status.",Por favor atender demanda conforme solicitado pelos técnicos do NQS/DAF.
107633,Subproj HORUS,Demanda,Demanda - Entregue,Erro no status de Entrada,"O município Parapuã-SP (Cód. IBGE: 353600) relata que ao realizar a entrada de nº 6758607, no estabelecimento CS GILBERTO MIRANDA CABRAL DE PARAPUA (CNES: 2092735), a mesma segue com Status de ?Não-Armazenada?, porém o item, BR0267522U0042-CLOMIPRAMINA, CLORIDRATO 25 MG COMPRIMIDO encontra-se armazenado no estoque do estabelecimento, conforme relatório de posição de estoque e entrada.",Por favor atender demanda conforme solicitado pelos técnicos do NQS/DAF.
108604,Subproj HORUS,Demanda,Demanda - Entregue,Erro ao realizar o desbloqueio de produto,"O município Assaré - CE (Cód. IBGE: 230160) relata que ao realizar o desbloqueio do produto BR0272789U0042 - LEVONORGESTREL + ETINILESTRADIOL 0,15 + 0,03 MG COMPRIMIDO para realizar a saída do produto, visto que o mesmo se encontra vencido, o Sistema não realiza o desbloqueio e devolve com a mensagem ?A validade deve ser maior que a data de armazenamento e inferior a 10 anos de armazenamento?. Verificamos que o produto foi armazenado já com a validade expirada, algo que o Sistema não deveria permitir.",Por favor atender demanda conforme solicitado pelos técnicos do NQS/DAF.
108792,Subproj HORUS,Demanda,Demanda - Entregue,Erro ao realizar o desbloqueio de produto,"O município Colméia - TO (Cód. IBGE: 171670) relata que ao realizar o desbloqueio do produto BR0306947U0041 - OSELTAMIVIR, FOSFATO 75 MG CÁPSULA para realizar a saída do produto, visto que o mesmo se encontra vencido, o Sistema não realiza o desbloqueio e devolve com a mensagem ?A validade deve ser maior que a data de armazenamento e inferior a 10 anos de armazenamento?. Verificamos que o produto foi armazenado já com a validade expirada, algo que o Sistema não deveria permitir.",Por favor atender demanda conforme solicitado pelos técnicos do NQS/DAF.
106143,Subproj Plataforma Brasil,Demanda,Demanda - Em atendimento,[Evolutiva] Melhoria na regra de vinculação entre instituições na Plataforma Brasil,"DESCRIÇÃO DO PROBLEMA/NECESSIDADE:

O sistema atualmente tem permitido a realização de vínculos indevidos entre instituições pai x instituições filhas que estão ocasionando ""looping"" e inconsistências na aplicação, que impedem a tramitação de protocolos nos comitês de ética.

Dessa forma, para que o problema não volte a ocorrer, será necessária a alteração nas funcionalidades relacionadas ao cadastro (inclusão e alteração) de instituições na Plataforma Brasil, de modo que os usuários somente possam realizar vinculações entre instituições, respeitando sua ascendência e descendência.

Por exemplo, se a instituição ""A"" é a instituição pai da instituição ""B"", a instituição ""B"" nunca poderá ser a instituição pai ou ascendente da instituição ""A"". Pois ""B"" é descendente de ""A"".

Obs.: Além da melhoria na funcionalidade, também deverá ser verificado na base de dados (no momento da correção), se existem instituições com vínculos inconsistentes entre si. Caso exista, estes vínculos deverão ser removidos.

FUNCIONALIDADES IMPACTADAS/RELACIONADAS:

- Aba ""Pesquisador"" > Menu ""Cadastros"" > Submenu ""Solicitar Cadastro de Instituição"" > Opção ""Adicionar Nova Solicitação""
- Aba ""Pesquisador"" > Opção ""Nova Submissão"" ou ""Projeto Anterior"" > Etapa 05 > Incluir Instituição Participante > Opção ""Solicitar Cadastro de Instituição""
- Aba ""Pesquisador"" > Opção ""Nova Submissão"" ou ""Projeto Anterior"" > Etapa 05 > Incluir Instituição Coparticipante > Opção ""Solicitar Cadastro de Instituição""
- Aba ""Pesquisador"" > Opção ""Nova Submissão"" ou ""Projeto Anterior"" > Etapa 03 > Incluir Instituição Patrocinadora > Opção ""Solicitar Cadastro de Instituição""
- Aba ""Alterar Meus Dados"" > Opção ""Buscar Instituição"" > Opção ""Solicitar Cadastro de Instituição""
- Aba ""Administrador"" > Menu ""Cadastros"" > Submenu ""Instituição"" > Opção ""Adicionar Nova Instituição""
- Aba ""Administrador"" > Menu ""Cadastros"" > Submenu ""Instituição"" > Opção ""Editar""

DOCUMENTAÇÃO DE APOIO:

- MS_PLATBR_UC045_SolicitarCadastroInstituicao
- MS_PLATBR_Especificacao_Tecnica_092
- MS_PLATBR_UC300_Manter_Instituicao
- MS_PLATBR_Especificacao_Tecnica_225","Demanda implantanda em produção
Versão 4.6.0_rc02"
109154,Subproj HORUS,Demanda,Demanda - Entregue,Status de entrada Tabira - PE,"O município Tabira - PE (Cód. IBGE: 261460) relata que ao realizar a entrada de nº 6845909, no estabelecimento 10 - CAF TABIRA (CNES: 6561128), a mesma segue com Status de ?Não-Armazenada?, porém os itens encontram-se armazenados no estoque do estabelecimento, conforme relatório de posição de estoque e entrada.",Por favor atender demanda conforme solicitação dos técnicos.
109978,Subproj HORUS,Demanda,Demanda - Entregue,Status da entrada SES MA (HE),"O estabelecimento CENTRAL DE ABASTECIMENTO FARMACÊUTICO - CAF/MA (CNES 7592655) relata que ao realizar a entrada de nº 6831210, a mesma segue com Status de ?Não-Armazenada?, porém os itens encontram-se armazenados no estoque do estabelecimento, conforme relatório de posição de estoque e entrada.","Por favor, proceder atendimento da demanda."
110727,Subproj HORUS,Demanda,Demanda - Entregue,"Erro no status dos itens e da Requisição, módulo Indígena","O Estabelecimento de Saúde: MINAS GERAIS E ESPÍRITO SANTO (DSEI) - GOVERNADOR VALADARES - MG (CEADIS), realizou o ?Atendimento de requisição? abaixo, no entanto, o status da requisição e dos itens permanecem como Solicitado, devendo ter sido alterado para Atendido. Os itens foram atendidos conforme consta nos relatórios de saída do estabelecimento atendente. O estabelecimento também confirmou que os produtos foram subtraídos do estoque, só não houve a alteração do status.","Por favor, proceder atendimento da demanda."
102772,Subproj HORUS,Demanda,Demanda - Entregue,Análise e Correção de Discrepâncias em Dispensações de Medicamentos no ?CAPS II AVARÉ? (CNES: 7225938),"O estabelecimento de saúde CAPS II AVARÉ, CNES: 7225938, está atualmente lidando com uma discrepância que envolve várias dispensações. A mais recente dispensação identificada com essa discrepância é a de número 164623011, na qual foram fornecidos 60 comprimidos de Diazepam 10mg em 24/07/23.

Embora a dispensação tenha sido realizada de forma apropriada e os medicamentos tenham sido retirados do estoque, com os registros feitos nos relatórios de Entrada e Saída, a situação não é refletida nos relatórios ""Medicamentos Sujeitos a Controle Especial"" e ""Dispensação por Usuário SUS"", em ambos os casos. Além disso, o status da dispensação ainda consta com o status de ""Agendada"" na funcionalidade de ""Dispensação"".

Em 08/05/2023, a demanda número #94527 foi registrada para abordar esse problema, mencionando dispensações específicas. Entretanto, é crucial ressaltar que essa falha tem ocorrido repetidamente, impactando também outras dispensações.

É relevante enfatizar que todas as dispensações ligadas a esse erro estão relacionadas ao processo de ""Agendamento"". Após uma análise do banco de dados, foi constatado que a tabela TB_AGENDA_DISPENSACAO apresenta campos nulos, o que está causando esse problema.

Solicitamos, por gentileza, que medidas apropriadas sejam tomadas para corrigir a discrepância identificada na dispensação da paciente. Além disso, pedimos que seja investigada a raiz do erro recorrente.

Essa ação engloba a resolução da questão da dispensação de Diazepam 10mg, que não está sendo registrada corretamente no cadastro do paciente e nos relatórios ""Medicamentos Sujeitos a Controle Especial"" e ""Dispensação por Usuário SUS"". Isso é válido mesmo considerando que as dispensações foram documentadas nos relatórios de Entrada e Saída. Adicionalmente, é esperado que o status das dispensações seja atualizado para refletir a situação real da dispensação, abandonando o estado de ""Agendado"". Por fim, ressaltamos a importância de identificar outras dispensações com divergência, identificar a causa fundamental do problema e implementar medidas preventivas para evitar recorrências futuras.",
110723,Subproj Plataforma Brasil,Demanda,Demanda - Entregue,[PB-2024-050] [632] O sistema não está apresentando o número CAAE para projeto que já foi aceito pelo CEP.,"*CASO 01* 
Fomos notificados pelo CEP, que o projeto consta sem CAAE no sistema. O único local em que está visível é no arquivo ""PB_COMPROVANTE_RECEPCAO_2371642.pdf"". 
O projeto já está com situação de ""Parecer Consubstanciado Emitido (Pendência Emitida pelo CEP)"" e até o momento o CAAE não está sendo exibido no sistema. 

DADOS DO PROJETO: 
Título da Pesquisa: CONHECIMENTO DA POPULAÇÃO ACERCA DAS ATRIBUIÇÕES DA ATENÇÃO PRIMÁRIA À SAÚDE E DOS NÍVEIS DE ATENÇÃO À SAÚDE
Pesquisador Responsável: DANIELLE BANDEIRA DE OLIVEIRA JUNQUEIRA
CAAE:
Submetido em: 27/06/2024
Instituição Proponente: SUPREMA-SOCIEDADE UNIVERSITARIA PARA O ENSINO MEDICO ASSISTENCIAL LTDA
Situação da Versão do Projeto: Parecer Consubstanciado Emitido (Pendência Emitida pelo CEP)

SOLUÇÃO A SER ADOTADA: 
Solicitamos que o CAAE 81219724.8.0000.5103 (conforme consta no arquivo ""PB_COMPROVANTE_RECEPCAO_2371642.pdf"") seja exibido no sistema, e também nos arquivos de pareceres emitidos deste projeto (até o momento da correção).


*CASO 02* 

Fomos notificados pelo CEP, que o projeto consta sem CAAE no sistema. O único local em que está visível é no arquivo ""PB_COMPROVANTE_RECEPCAO_2360418.pdf"". 
O projeto já está com situação de ""Em relatoria"" e até o momento o CAAE não está sendo exibido no sistema. 

DADOS DO PROJETO: 
Título da Pesquisa: Performance cognitiva em mulheres durante o envelhecimento reprodutivo: possível influência do nível de atividade física e do consumo alimentar de folato e vitamina B12
Pesquisador Responsável: CAMILA DE MORAES
CAAE:
Submetido em: 12/06/2024
Instituição Proponente: UNIVERSIDADE DE SAO PAULO
Situação da Versão do Projeto: Em relatoria

SOLUÇÃO A SER ADOTADA: 
Solicitamos que o CAAE 80607124.2.0000.5659 (conforme consta no arquivo ""PB_COMPROVANTE_RECEPCAO_2360418.pdf"") seja exibido no sistema, e também nos arquivos de pareceres emitidos deste projeto (até o momento da correção).


*CASO 03* 

Fomos notificados pelo CEP, que o projeto consta sem CAAE no sistema. O projeto está com situação de ""Aguardando indicação de relatoria"" e até o momento o CAAE não está sendo exibido no sistema.
O projeto não possui o documento ""Comprovante de recepção"" e por isso precisa que seja gerado um novo CAAE de acordo com as regras definidas. 

DADOS DO PROJETO: 
Título da Pesquisa: O PROFESSOR HOMEM NA EDUCAÇÃO INFANTIL
Pesquisador Responsável: JOAO VICTOR MARTINS MANZATO
CAAE:
Submetido em: 24/06/2024
Instituição Proponente: ASSOCIACAO SAO BENTO DE ENSINO
Situação da Versão do Projeto: Aguardando indicação de relatoria

SOLUÇÃO A SER ADOTADA: 
Solicitamos que um novo CAAE seja exibido para esse projeto, e também nos arquivos de pareceres emitidos deste projeto (até o momento da correção).


OBJETIVO DA DEMANDA: 
- Correção do sistema para que se comporte conforme definido na regra de negócio [RN728].

SOLICITANTES: 
- Equipe PB/Conep <plataformabrasil@saude.gov.br>",
110729,Subproj Plataforma Brasil,Demanda,Demanda - Entregue,"[PB-2024-053] [646] O sistema não está apresentando a opção de lápis ""edição"" ou ""lixeira"" para alteração/exclusão da pesquisa.","A pesquisadora não consegue ter acesso a opção de lápis ""edição"" ou ""lixeira"" para alteração/exclusão da pesquisa, pois o quadro lista de apreciações do projeto está sendo exibido vazio (sem nenhum protocolo disponível) no sistema, conforme tela anexa.

DADOS DO PROJETO:
Título da Pesquisa: Patrimônios e Educação Patrimonial na Escola Pluricultural ODÊ KAYODÊ da Vila Esperança na Cidade de Goiás: Os saberes e os fazeres dos povos e comunidades tradicionais.
Pesquisador Responsável: EMICLEIA ALVES PINHEIRO
CAAE:
Submetido em:
Instituição Proponente: Universidade Estadual de Goiás - Câmpus Cora Coralina
Situação da Versão do Projeto: Em Edição

SOLUÇÃO A SER ADOTADA:
Habilitar a opção que não está sendo exibida para a pesquisadora (ícone do lápis), para alteração/exclusão da pesquisa, conforme a tela em anexo.

OBJETIVO DA DEMANDA: 
Correção do sistema para que se comporte conforme definido na regra de negócio (Especificação Técnica 246-C ). 

SOLICITANTES:
<plataformabrasil@saude.gov.br>",
110989,Subproj Plataforma Brasil,Demanda,Demanda - Entregue,[PB-2024-055] [656] O sistema apresentou falha na emissão do parecer consubstanciado ao qual não foi gerado o arquivo PDF correspondente.,"Fomos comunicados que o sistema não está apresentando o PDF de parecer do consubstanciado na árvore de arquivos e consequentemente também não atualizou a situação do protocolo ""Ep7"".

DADOS DO PROJETO:
Título da Pesquisa: Estudo de Fase III, Randomizado, Multicêntrico, Aberto, Comparativo Global para Determinar a Eficácia de Durvalumab ou Durvalumab e Tremelimumab em Combinação com Quimioterapia a Base de Platina para o Tratamento de Primeira Linha em Participantes da Pesquisa com Câncer de Pulmão de Células Não Pequenas (NSCLC) Metastático (POSEIDON)
Pesquisador Responsável: Gustavo Dix Junqueira Pinto
CAAE: 68844417.3.2023.5437
Submetido em: 03/06/2024
Instituição Proponente: Fundação Pio XII
Situação da Versão do Projeto: Parecer Consubstanciado Emitido (Em Apreciação Ética)

SOLUÇÃO A SER ADOTADA:

01) O sistema deverá apresentar, na árvore de arquivos, o PDF do parecer do consubstanciado do projeto.

02) O sistema deverá corrigir também a situação do protocolo ""Ep7"" de ""Parecer Consubstanciado Emitido (Em Apreciação Ética)"" para ""Parecer Consubstanciado Emitido (Aprovado)"".

OBS: O parecer consubstanciado deve ser gerado com base nas informações constantes na tabela de parecer:

TB_PARECER.CO_SEQ_PARECER = 6891074

TB_PARECER.CO_PROJETO = 2293289 (Protocolo Ep7)

TB_PARECER.ST_PARECER = A (aprovado)


OBJETIVO DA DEMANDA:
Correção do sistema para que se comporte conforme definido na regra de negócio [RN168] e no caso de uso UC112 - Elaborar Parecer do Colegiado.

Solicitantes:
Equipe Plataforma Brasil <plataformabrasil@saude.gov.br>
<ricardo.costa@saude.gov.br>",
111024,Subproj Plataforma Brasil,Demanda,Demanda - Entregue,[PB-2024-056] [657] [667] O sistema apresenta falha na funcionalidade da árvore de arquivos e na situação de protocolos.,"*CASO 01*?

Fomos comunicados pela CONEP que o sistema não está apresentando a árvore de arquivos e também não atualizou a situação dos protocolos ""Ec1"" e ""Ec2"" do projeto.

DADOS DO PROJETO:
Título da Pesquisa: PARÂMETROS PARA MEDIÇÃO DA MATURIDADE DA GESTÃO DE RISCOS NO IFRO
Pesquisador Responsável: LUCIANA BANDEIRA DE SOUZA
Área Temática:	
Versão: 2
CAAE: 76126523.1.3001.5653
Submetido em: 06/06/2024
Instituição Proponente: INSTITUTO FEDERAL DE EDUCACAO,CIENCIA E TECNOLOGIA DE RONDONIA
Situação da Versão do Projeto: Parecer Consubstanciado Emitido (Pendência Emitida pelo CEP)

SOLUÇÃO A SER ADOTADA:
O sistema deverá apresentar a árvore de arquivos e corrigir a situação dos protocolos ""Ec1"" e ""Ec2"", conforme tela anexada.

*CASO 02*?

Fomos comunicados pela CONEP que o sistema não está apresentando a árvore de arquivos e também não atualizou a situação do protocolo ""Ec1"" do projeto.

DADOS DO PROJETO:

Título da Pesquisa: ASSOCIAÇÃO ENTRE ESCORE ULTRASSONOGRÁFICO DE AERAÇÃO PULMONAR E PROGNÓSTICO DE PACIENTES COM PNEUMONIA ADMITIDOS EM DEPARTAMENTO DE EMERGÊNCIA: UM ESTUDO DE COORTE
Pesquisador Responsável: JULIO CESAR GARCIA DE ALENCAR
Área Temática:	
Versão: 1
CAAE: 70074423.3.3002.5040
Submetido em: 25/07/2024
Instituição Proponente: Hospital Geral de Fortaleza/SUS
Situação da Versão do Projeto: Aguardando Apreciação de


SOLUÇÃO A SER ADOTADA:
O sistema deverá apresentar a árvore de arquivos e corrigir a situação do protocolo ""Ec1"", conforme tela anexada.

OBJETIVO DA DEMANDA:
Correção do sistema para que se comporte conforme definido na regra de negócio [RN912].

Solicitantes:
plataformabrasil@saude.gov.br",
111562,Subproj Plataforma Brasil,Demanda,Demanda - Entregue,[PB-2024-058] [677] O sistema apresenta falha na funcionalidade da árvore de arquivos e na situação de protocolo.,"Fomos comunicados pela pesquisadora que o sistema não está apresentando a árvore de arquivos e também não atualizou a situação do protocolo ""Ec1"" do projeto.

DADOS DO PROJETO:
Título da Pesquisa: Avaliação da transmissão da doença de Chagas no norte de Minas Gerais sob uma perspectiva de Saúde Única
Pesquisador Responsável: Silvio Fernando Guimarães de Carvalho
CAAE: 70415623.1.3001.5091
Submetido em: 26/06/2024
Instituição Proponente: Instituição Instituto René Rachou/FIOCRUZ Minas
Situação da Versão do Projeto: Aguardando parecer do colegiado

SOLUÇÃO A SER ADOTADA:
O sistema deverá apresentar a árvore de arquivos e corrigir a situação do protocolo ""Ec1"",  de ""Aguardando parecer do colegiado"" para ""Aguardando apreciação de POc"", conforme tela anexada.

OBJETIVO DA DEMANDA:
Correção do sistema para que se comporte conforme definido na regra de negócio [RN912].

Solicitantes:
plataformabrasil@saude.gov.br",
111594,Subproj Plataforma Brasil,Demanda,Demanda - Entregue,"[PB-2024-059] [678] O sistema não atualizou a situação da emenda, após ter recebido parecer de ""aprovado"". ","Fomos notificados pelo pesquisador a respeito de problema ocorrido após a aprovação do protocolo ""E12"" do projeto  CAAE 66888423.4.1001.0068, na qual a Emenda já foi aprovada e replicada, porém não atualizou a situação.

O sistema não gerou o arquivo PDF do parecer consubstanciado e não atualizou a situação do protocolo ""E12"" de ""Parecer Consubstanciado Emitido (Em Apreciação Ética)"" para ""Parecer Consubstanciado Emitido (Aprovado)"".

DADOS DO PROJETO 
Título da Pesquisa: Estudo latino-americano de resultados cirúrgicos em pacientes pediátricos (LASOS-Peds)
Pesquisador Responsável: Vinicius Caldeira Quintao
CAAE: 66888423.4.1001.0068
Submetido em: 16/05/2024
Instituição Proponente: Hospital das Clínicas da Faculdade de Medicina da USP
Situação da Versão do Projeto: Parecer Consubstanciado Emitido (Aprovado)

SOLUÇÃO A SER ADOTADA 

O sistema deverá gerar o arquivo PDF do parecer consubstanciado referente a ""E12"" do projeto, conforme tela anexa.

A  situação do protocolo ""E12"" deve ser atualizada para ""Parecer Consubstanciado Emitido (Aprovado)"", visto que o protocolo já foi aprovado.

OBJETIVO DA DEMANDA:
Correção do sistema para que se comporte conforme definido na Especificação Técnica 188-M.

SOLICITANTES:
plataformabrasil@saude.gov.br",
111610,Subproj Plataforma Brasil,Demanda,Demanda - Entregue,[PB-2024-060] [682] O sistema criou emendas em duplicidade para o mesmo centro participante.,"Fomos notificados pelo centro participante a respeito de problema ocorrido onde o sistema apresenta três emendas com origem na emenda ""E8"" do centro coordenador. Sendo assim, é necessário excluir os protocolos em duplicidade ""Ep2"" e ""Ep3"" do projeto.

DADOS DO PROJETO:
Título da Pesquisa: Estudo Randomizado, Duplo-Cego, Controlado por Placebo, Multicêntrico, de Fase III, de Olaparibe Em combinação com Abiraterona em Relação ao Placebo Em combinação com Abiraterona Como Terapia de Primeira Linha em Homens com Câncer de Próstata Resistente à Castração Metastático
Pesquisador Responsável: PATRICIA MASSAE MARUBAYASHI
CAAE: 95008418.9.2017.5471
Submetido em: 06/02/2024
Instituição Proponente: Instituto do Câncer Arnaldo Vieira de Carvalho - ICAVC
Situação da Versão do Projeto: Parecer Consubstanciado Emitido (Aprovado)

SOLUÇÃO A SER ADOTADA:
O sistema deverá excluir os protocolos em duplicidade ""Ep2"" e ""Ep3"" do projeto, conforme tela anexa.

OBJETIVO DA DEMANDA:
 - Correção do sistema para que se comporte conforme definido na regra de negócio [RN469].

SOLICITANTES:
- Equipe PB/Conep (plataformabrasil@saude.gov.br)",
110711,Subproj Plataforma Brasil,Demanda,Demanda - Entregue,"[PB-2024-049] [641] O sistema não atualizou a situação da emenda coparticipante, após a aprovação do protocolo anterior.","Fomos notificados pela equipe de pesquisa a respeito de problema ocorrido, após a aprovação do protocolo ""Ec4"" do projeto coparticipante CAAE 57355322.9.3001.0045.
 
O sistema não habilitou o próximo protocolo da fila ""Ec5""para análise do CEP. Ou seja, o protocolo permaneceu com situação de ""Aguardando Apreciação de Ec4"", ao invés de ter sido atualizado para ""Em recepção e validação documental"". 

DADOS DO PROJETO COPARTICIPANTE
Título da Pesquisa: Estimulação do sistema His-Purkinje versus estimulação biventricular na ressincronização cardíaca em pacientes com insuficiência cardíaca congestiva
Pesquisador Responsável: Carísi Anne Polanczyk
CAAE: 57355322.9.3001.0045
Submetido em: 22/11/2022
Instituição Proponente: Hospital Ana Nery - HAN/SESAB
Situação da Versão do Projeto: Parecer Consubstanciado Emitido (Aprovado)

SOLUÇÃO A SER ADOTADA 
A  situação do protocolo ""Ec5"" deve ser atualizada para ""Em recepção e validação documental"", conforme tela anexada a esta demanda.

OBJETIVO DA DEMANDA:
Correção do sistema para que se comporte conforme definido na Especificação Técnica 188-M.

SOLICITANTE: 
plataformabrasil@saude.gov.br

*CASO 02*?

Fomos notificados pela equipe de pesquisa a respeito de problema ocorrido, após a aprovação do protocolo ""Ec1"" do projeto coparticipante CAAE 73358723.2.3001.5487.
 
O sistema não habilitou o próximo protocolo da fila ""Ec2""para análise do CEP. Ou seja, o protocolo permaneceu com situação de ""Aguardando Apreciação de Ec1"", ao invés de ter sido atualizado para ""Em recepção e validação documental"". 

DADOS DO PROJETO COPARTICIPANTE
Título da Pesquisa: 64407564MMY3009 - Estudo de Fase 3, Randomizado Comparando Talquetamabe em Combinação com Pomalidomida (Tal-P), Talquetamabe em Combinação com Teclistamabe (Tal-Tec) e a Escolha do Investigador entre Elotuzumabe, Pomalidomida e Dexametasona (EPd) ou Pomalidomida, Bortezomibe e Dexametasona (PVd) em Participantes da Pesquisa com Mieloma Recidivado ou Refratário que receberam de 1 a 4 linhas de terapia anteriores, incluindo um Anticorpo anti-CD38 e Lenalidomida
Pesquisador Responsável: Jayr Schmidt Filho
CAAE: 73358723.2.3001.5487
Submetido em: 27/03/2024
Instituição Proponente: ESHO EMPRESA DE SERVICOS HOSPITALARES S.A.
Situação da Versão do Projeto: Parecer Consubstanciado Emitido (Aprovado)

SOLUÇÃO A SER ADOTADA 
A  situação do protocolo ""Ec2"" deve ser atualizada para ""Em recepção e validação documental"", conforme tela anexada a esta demanda.

OBJETIVO DA DEMANDA:
Correção do sistema para que se comporte conforme definido na Especificação Técnica 188-M.

SOLICITANTE: 
plataformabrasil@saude.gov.br",
110378,Subproj Plataforma Brasil,Demanda,Demanda - Entregue,"[PB-2024-048] [626] O sistema não atualizou a situação da emenda ""Ep2"" visto que o parecer encontra-se com pendência no CEP.","Fomos informados que o sistema não atualizou a situação do protocolo ""Ep2"" de ""Parecer Consubstanciado Emitido (Em Apreciação Ética)"" para ""Parecer Consubstanciado Emitido (Pendência Emitida pelo CEP)"", visto que o parecer encontra-se com status de pendência.

DADOS DO PROJETO COPARTICIPANTE
Título da Pesquisa: Um Estudo Clínico Fase II para Estudar a Eficácia e a Segurança de Pembrolizumabe (MK-3475) e Pembrolizumabe em Combinação com Outros Agentes Investigacionais em Participantes com Câncer de Bexiga Não Músculo-Invasivo (NMIBC) de Alto Risco Não Responsivo à Terapia com Bacillus Calmette-Guerin (BCG)
Pesquisador Responsável: Ronald Kool
CAAE: 53515816.2.2013.0098
Submetido em: 06/05/2024
Instituição Proponente: Hospital Erasto Gaertner
Situação da Versão do Projeto: Parecer Consubstanciado Emitido (Em Apreciação Ética)

SOLUÇÃO A SER ADOTADA 
A situação do protocolo ""Ep2"" deve ser atualizada para ""Parecer Consubstanciado Emitido (Pendência Emitida pelo CEP)"", visto que o parecer emitido encontra-se com status de pendente, conforme tela anexa a esta demanda.

OBJETIVO DA DEMANDA:
Correção do sistema para que se comporte conforme definido na Especificação Técnica 188-M.

SOLICITANTES:
plataformabrasil@saude.gov.br","SOLUÇÃO A SER ADOTADA (atualizada):
A situação do protocolo ""Ep2"" deve ser atualizada para ""Parecer Consubstanciado Emitido (Aprovado)"", visto que o parecer emitido encontra-se com status de pendente, conforme tela anexa a esta demanda."
109905,Subproj Plataforma Brasil,Demanda,Demanda - Entregue,[PB-2024-046] [613] [614] [615] [618] Os campos de Informações básicas do projeto não foram replicadas ao centro participante.,"*CASO 1*

Não é possível dar seguimento na resposta da pendência devido aos campos de informações básicas do projeto não contar com as informações replicadas do Centro Coordenador sobre ""Área Temática Especial"" e ""Grandes Áreas de Conhecimento"". Sem essas informações, não se pode dar continuidade na página seguinte na submissão da Emenda E1.

DADOS DO PROJETO:
Título da Pesquisa: Estudo randomizado, duplo-cego, controlado por placebo, de grupos paralelos e determinação de intervalo posológico para avaliar a eficácia, segurança e tolerabilidade do SAR443765 subcutâneo em participantes adultos com asma moderada a grave DRI16762 - AIRCULES
Pesquisador Responsável: Daniela Cavalet Blanco
CAAE: 73877323.6.2003.5336
Submetido em: 16/11/2023
Instituição Proponente: UNIAO BRASILEIRA DE EDUCACAO E ASSISTENCIA
Situação da Versão do Projeto: Aguardando Apreciação de

SOLUÇÃO A SER ADOTADA:
O campo deve apresentar a mesma informação que foi preenchida pelo centro coordenador e que consta nas informações básicas do projeto.

OBJETIVO DA DEMANDA:
Correção do sistema para que se comporte conforme definido na regra de negócio [RN469] e na Especificação Técnica 188-M.

*CASO 2*

Quando acessada a página da plataforma Brasil Em: Pesquisador > Cadastro do projeto > Área do estudo. Na página 2, em  ""Grandes Áreas do Conhecimento"", onde tenta-se preencher o campo, o mesmo encontra-se bloqueado e não se consegue seguir com a submissão da Emenda 14.

DADOS DO PROJETO:
Título da Pesquisa: Avaliação de Antibioticoterapia em Traqueobronquite Associada à Ventilação (VATICAN).
Pesquisador Responsável: LIVIA ALVES DE MEDEIROS
CAAE: 48749421.0.2062.5201
Submetido em: 11/03/2024
Instituição Proponente: FUNDACAO PROFESSOR MARTINIANO FERNANDES - IMIP HOSPITALAR
Situação da Versão do Projeto: Parecer Consubstanciado Emitido (Aprovado)

SOLUÇÃO A SER ADOTADA:
O campo deve apresentar a mesma informação que foi preenchida pelo centro coordenador e que consta nas informações básicas do projeto.

OBJETIVO DA DEMANDA:
Correção do sistema para que se comporte conforme definido na regra de negócio [RN469] e na Especificação Técnica 188-M.

*CASO 3*

O centro participante do projete está enfrentando um problema no sistema, que está impossibilitando o progresso do avanço para página 6, prejudicando o processo de submissão no PO do projeto. Ocorre a mensagem de erro: ""O campo Grupos em que serão divididos os participantes da pesquisa nesse centro"".

DADOS DO PROJETO:
Título da Pesquisa: Protocolo XL092-305: Estudo de fase 2/3, randomizado, duplo-cego e controlado de zanzalintinibe (XL092) em combinação com pembrolizumabe comparado ao pembrolizumabe no tratamento de primeira linha de participantes com carcinoma de células escamosas de cabeça e pescoço recidivante ou metastático com expressão positiva para PD-L1
Pesquisador Responsável: PATRICIA MASSAE MARUBAYASHI
CAAE: 77549224.5.2001.5471
Submetido em: 27/05/2024
Instituição Proponente: Instituto do Câncer Arnaldo Vieira de Carvalho - ICAVC
Situação da Versão do Projeto: Parecer Consubstanciado Emitido (Aprovado)

SOLUÇÃO A SER ADOTADA:
O campo deve apresentar a mesma informação que foi preenchida pelo centro coordenador e que consta nas informações básicas do projeto.

OBJETIVO DA DEMANDA:
Correção do sistema para que se comporte conforme definido na regra de negócio [RN469] e na Especificação Técnica 188-M.

SOLICITANTE:
plataformabrasil@saude.gov.br","Prezado Elmo.

Segue para sua análise, aprovação e seguimento."
109572,Subproj Plataforma Brasil,Demanda,Demanda - Entregue,[PB-2024-044] [531]  O sistema não gerou réplica do projeto coordenador para o centro participante.,"Recebemos a notificação de que a emenda E6 do centro coordenador não foi replicada para o pesquisador Murillo de Oliveira Antunes responsável pelo centro participante ASSOCIACAO LAR SAO FRANCISCO DE ASSIS NA PROVIDENCIA DE DEUS.


Dados do projeto Coordenador:?
Título da Pesquisa: EVOLVE-MI:
 Um Estudo Multicêntrico Randomizado Pragmático de EVOLocumabe 
Administrado Muito Precocemente para Reduzir o Risco de Eventos 
Cardiovasculares em Pacientes Hospitalizados Com Infarto Agudo do 
Miocárdio
Pesquisador Responsável: Raul Dias dos Santos Filho
Area Temática: ???Pesquisas com coordenação e/ou patrocínio originados fora do Brasil, excetuadas aquelas com copatrocínio do Governo Brasileiro;
Versão: 10
CAAE: 58045522.0.1001.0071
Submetido em: 15/01/2024
Instituição Proponente: SOCIEDADE BENEF ISRAELITABRAS HOSPITAL ALBERT EINSTEIN
Situação da Versão do Projeto: Parecer Consubstanciado Emitido (Aprovado)
Localização atual da Versão do Projeto: Pesquisador Responsável Patrocinador Principal:  Amgen Inc.

			            
Dados do projeto Participante:?		            
Título da Pesquisa: EVOLVE-MI: Um Estudo Multicêntrico Randomizado Pragmático de EVOLocumabe Administrado Muito Precocemente para Reduzir o Risco de Eventos Cardiovasculares em Pacientes Hospitalizados Com Infarto Agudo do Miocárdio
Pesquisador Responsável: Murillo de Oliveira Antunes
??????Área Temática: ???Pesquisas com coordenação e/ou patrocínio originados fora do Brasil, excetuadas aquelas com copatrocínio do Governo Brasileiro;
Versão: 5
CAAE: 58045522.0.2014.5514
Submetido em: 10/04/2024
Instituição Proponente: ASSOCIACAO LAR SAO FRANCISCO DE ASSIS NA PROVIDENCIA DE DEUS
Situação da Versão do Projeto: Parecer Consubstanciado Emitido (Aprovado)
Localização atual da Versão do Projeto: Pesquisador Responsável
??????Patrocinador Principal: ????????????Amgen Inc.

Solução a ser adotada:?
Deve ser gerada a réplica da Emenda na apreciação deve apresentar a (Ep4) com origem E6 na situação em recepção e validação documental 

Objetivo da demanda:?
- Correção do sistema para que se comporte conforme definido na regra de negócio [RN469] e na Especificação Técnica 188-M.

Solicitantes:?
plataformabrasil@saude.gov.br
Lailah Cristina De Carvalho Abrao <lailah.abrao@einstein.br
","Prezados(as), 

Por se tratar de *centro participante* , a situação correta a ser atribuída ao protocolo Ep4 deve ser de:
"" +Em edição+ "" e não de "" +Em recepção e validação documental+ "", como foi informado na descrição da demanda. "
109511,Subproj Plataforma Brasil,Demanda,Demanda - Entregue,"[PB-2024-041] [500] [574] O sistema apresenta mensagem ""Não é possível concluir esta operação. Existem protocolos vinculados a este projeto na CONEP, que aguardam indicação de comitê de ética"", ao tentar submeter emenda.","Ao tentar submeter a emenda ""E1"" no protocolo CAAE: 64456722.8.0000.5624, o sistema apresenta mensagem de que o protocolo está aguardando indicação de comitê de ética, na etapa 6.

Dados do projeto:
Título da Pesquisa: PESQUISA DE OPINIÃO SOBRE O PROJETO DE EXTENSÃO MULHERES CIENTISTAS NO CARIRI
Pesquisador Responsável: ERICA BOIZAN BATISTA
CAAE: 64456722.8.0000.5624
Submetido em: 08/12/2022
Instituição Proponente: UNIVERSIDADE FEDERAL DO CARIRI-UFCA
Situação da Versão do Projeto: Parecer Consubstanciado Emitido (Aprovado)

Solução a ser adotada:
- O sistema deverá permitir que o pesquisador consiga submeter a emenda ao CEP.

Objetivo da demanda:
- Correção do sistema para que se comporte conforme definido nos casos de uso UC036 - Manter Pesquisa Simplificada e UC026 - Enviar pesquisa para o CEP.

Solicitantes:
plataformabrasil@saude.gov.br","*[CASO 02]*

O problema ocorre quando a assistente tenta submeter a emenda ""Ep1"", originada pela emenda ""E14"" do centro coordenador.

DADOS DO PROJETO PARTICIPANTE:

Título da Pesquisa: Avaliação de Antibioticoterapia em Traqueobronquite Associada à Ventilação (VATICAN).
Pesquisador Responsável: Meton Soares de Alencar Filho
CAAE: 48749421.0.2037.5624
Instituição Participante: HOSPITAL MATERNIDADE SAO VICENTE DE PAULO

SOLICITANTES:
- Equipe PB/Conep (plataformabrasil@saude.gov.br)
- Jussara Alencar Arraes <jussaraexu@hotmail.com>"
109418,Subproj Plataforma Brasil,Demanda,Demanda - Entregue,"[PB-2024-038] [519] O sistema apresenta carregamento contínuo ao tentar editar a emenda ""E4"" do projeto CAAE 31591720.5.0000.5404","Recebemos  da pesquisadora o relato de problema para acessar o projeto e assim responder a pendencia apontada pelo CEP, ao tentar acessar o projeto abaixo o sistema fica processando e não conclui o processamento e não habilita para edição.

Dados do projeto:

Título da Pesquisa: REBRACO - REde BRAsileira em estudos do COVID-19 em Obstetrícia: prevalência na internação para parto e investigação viral em diferentes amostras biológicas
Pesquisador Responsável: Maria Laura Costa do Nascimento
Área Temática:	
Versão: 9
CAAE: 31591720.5.0000.5404
Submetido em: 15/10/2021
Instituição Proponente: Hospital da Mulher Prof. Dr. José Aristodemo Pinotti - CAISM
Situação da Versão do Projeto: Parecer Consubstanciado Emitido (Aprovado)
Localização atual da Versão do Projeto: Pesquisador Responsável
Patrocinador Principal:		Financiamento Próprio

SOLUÇÃO A SER ADOTADA:
- Quando a pesquisadora e/ou seus assistentes acionarem a opção de edição da pesquisa (ícone de lápis) no protocolo ""E4"", o sistema deve apresentar a tela para edição da emenda, possibilitando o seu preenchimento.

OBJETIVO DA DEMANDA:
- Correção do sistema para que se comporte conforme definido nos casos de uso UC036 - Manter Pesquisa Simplificada.

SOLICITANTES:
 Maria Laura Costa do Nascimento <mlaura@unicamp.br>","*CASO 5*

O pesquisador está tentando responder as pendências do projeto de pesquisa no protocolo ""PO"", mas o sistema fica somente carregando e não permite que ele edite o projeto, conforme demonstrado em tela.

DADOS DO PROJETO:
Título da Pesquisa: Estudo da composição genômica e da expressão gênica de isolados de Mycobacterium kansasii
Pesquisador Responsável: Philip Noel Suffys
CAAE:
Submetido em: 12/05/2023
Instituição Proponente: FUNDACAO OSWALDO CRUZ
Situação da Versão do Projeto: Documentação Recusada

SOLUÇÃO A SER ADOTADA:
- O sistema deverá permitir que o pesquisador consiga editar o projeto de pesquisa e responder a pendência sem que aconteça o erro de carregamento contínuo da página.

OBJETIVO DA DEMANDA:
- Correção do sistema para que se comporte conforme definido nos casos de uso UC036 - Manter Pesquisa Simplificada.

SOLICITANTES:
plataformabrasil@saude.gov.br"
109334,Subproj Plataforma Brasil,Demanda,Demanda - Entregue,"[PB-2024-037] [588] Protocolos ""POc"" e ""Ec1"" do mesmo projeto coparticipante sendo tramitados simultaneamente no CEP.","Fomos notificados pelo CEP a respeito de problema ocorrido na análise do projeto coparticipante CAAE 4446923.5.3001.0049, onde o ""POc"" está com pendência e a emenda ""Ec1"" está com a situação de documentação recusada.

SOLUÇÃO A SER ADOTADA:
- O protocolo ""Ec1"" deverá ter sua situação ajustada para ""Aguardando apreciação de POc"". 
- O trâmite de análise gerado para o protocolo ""Ec1"" deverá ser removido, conforme demonstrado em tela anexa a esta demanda.

DADOS DO PROJETO COPARTICIPANTE:
Título da Pesquisa: Associação entre ansiedade, depressão, sintomas e qualidade de vida em pacientes com câncer em cuidados paliativos e seus cuidadores.
Pesquisador Responsável: Alejandra Maria Alvarado Garcia
CAAE: 74446923.5.3001.0049
Submetido em: 10/05/2024
Instituição Proponente: EMPRESA BRASILEIRA DE SERVICOS HOSPITALARES - EBSERH
Situação da Versão do Projeto: Documentação Recusada

SOLICITANTE:
plataformabrasil@saude.gov.br

OBJETIVO DA DEMANDA: 
Correção do sistema para que se comporte conforme definido na Especificação Técnica 188-M.",
109332,Subproj Plataforma Brasil,Demanda,Demanda - Entregue,[PB-2024-036] [584] O sistema apresenta falha na funcionalidade da árvore de arquivos.,"*CASO 01*?

Fomos comunicados pela CONEP que o sistema não está apresentando a árvore de arquivos do projeto CAAE: 21767019.0.3002.0096.

DADOS DO PROJETO:
Título da Pesquisa: Buscando marcadores da resposta terapêutica na Leucemia Linfoblástica Aguda (LLA): Monitoramento das variações da expressão gênica e do microbioma entérico em pacientes pediátricos com LLA ao longo do tratamento quimioterápico
Pesquisador Responsável: Roberto Rosati
CAAE: 21767019.0.3002.0096
Submetido em: 15/08/2023
Instituição Proponente: Hospital de Clínicas da Universidade Federal do Paraná
Situação da Versão do Projeto: Parecer Consubstanciado Emitido (Aprovado)

SOLUÇÃO A SER ADOTADA:
O sistema deverá apresentar a árvore de arquivos do projeto.

OBJETIVO DA DEMANDA:
Correção do sistema para que se comporte conforme definido na regra de negócio [RN912].

Solicitantes:
plataformabrasil@saude.gov.br","*CASO 02*

Fomos comunicados pela CONEP que o sistema não está apresentando a árvore de arquivos do projeto CAAE: 74446923.5.3001.0049.

DADOS DO PROJETO:
Título da Pesquisa: Associação entre ansiedade, depressão, sintomas e qualidade de vida em pacientes com câncer em cuidados paliativos e seus cuidadores.
Pesquisador Responsável: Alejandra Maria Alvarado Garcia
CAAE: 74446923.5.3001.0049
Submetido em: 10/05/2024
Instituição Proponente: EMPRESA BRASILEIRA DE SERVICOS HOSPITALARES - EBSERH
Situação da Versão do Projeto: Documentação Recusada

SOLUÇÃO A SER ADOTADA:
O sistema deverá apresentar a árvore de arquivos do projeto.

OBJETIVO DA DEMANDA:
Correção do sistema para que se comporte conforme definido na regra de negócio [RN912].

Solicitantes:
plataformabrasil@saude.gov.br"
109240,Subproj Plataforma Brasil,Demanda,Demanda - Entregue,[PB-2024-030] [577] O sistema apresenta erro interno ao submeter emenda no projeto de pesquisa.,"O pesquisador relata que estava tentando submeter emenda no projeto protocolo ""POp"" de centro participante CAAE: 53139221.7.2002.9507 e o sistema Plataforma Brasil apresentou a tela de erro.

Dados do Projeto:
Título da Pesquisa: APL2-GA-305: Um estudo de extensão, de fase 3, aberto e multicêntrico para avaliar a segurança e a eficácia em longo prazo do Pegcetacoplan em pacientes com atrofia geográfica secundária a degeneração macular relacionada à idade.
Pesquisador Responsável: Márcio Bittar Nehemy
CAAE: 53139221.7.2002.9507
Submetido em: 08/08/2022
Instituição Proponente: Instituto da Visão - Hospital de Olhos LTDA
Situação da Versão do Projeto: Parecer Consubstanciado Emitido (Aprovado)

Descrição do problema: 
- O sistema apresenta erro interno ao clicar na opção ""Submeter emenda"" do protocolo ""POp"".

Solicitantes: 
- Equipe PB/Conep (plataformabrasil@saude.gov.br)

Objetivo da demanda: 
- Correção do sistema para que se comporte conforme definido nos casos de uso UC036 - Manter Pesquisa Simplificada e UC026 - Enviar pesquisa para o CEP.",
109146,Subproj Plataforma Brasil,Demanda,Demanda - Entregue,"[PB-2024-029] [575] O sistema não atualizou a situação de emenda coparticipante, após a aprovação do protocolo anterior.","Fomos informados pelo CEP, que o sistema não atualizou o protocolo ""Ec5"" para o status de ""Em recepção e validação documental"", uma vez que o parecer consubstanciado da ""Ec4"" já se encontra aprovado.

SOLUÇÃO A SER ADOTADA:

- A situação do protocolo ""Ec5""  encontra-se com o status de: ""Aguardando apreciação de Ec4"", mas deve ser atualizada para ""Em recepção e validação documental"", conforme tela anexada a esta demanda. 

DADOS DO PROJETO COPARTICIPANTE

Título da Pesquisa: Saúde de precisão: correlação entre perfil genômico, epidemiológico, clínico e familiar em doenças cardiovasculares
Pesquisador Responsável: Jose Eduardo Krieger
CAAE: 55200322.5.3008.5192
Submetido em: 26/05/2023
Instituição Proponente: PRONTO S.CARDIOLOGICO DE PE.PROF.LUIZ TAVARES-PROCAPE
Situação da Versão do Projeto: Parecer Consubstanciado Emitido (Aprovado

OBJETIVO DA DEMANDA:
Correção do sistema para que se comporte conforme definido na regra de negócio [RN916] e Especificação Técnica 188-M.

SOLICITANTES:
Alessandra dos Santos - plataformabrasil@saude.gov.br",
108824,Subproj Plataforma Brasil,Demanda,Demanda - Entregue,[PB-2024-027] O sistema apresenta erro interno ao submeter emenda no projeto de pesquisa.,"Fomos notificados pela equipe de pesquisa, a respeito de problema ocorrido ao tentar iniciar o cadastro e envio da emenda ao CEP, o projeto encontra-se na versão 17. 

Dados do Projeto:
Título da Pesquisa: Avaliação dos Aspectos Organizacionais, Indicadores de Qualidade Assistencial e Características Epidemiológicas dos Pacientes Internados em Unidades de Cuidados Intensivos.
Pesquisador Responsável: Marcio Soares
CAAE: 19687113.8.1001.5249
Submetido em: 21/12/2023
Instituição Proponente: INSTITUTO D'OR DE PESQUISA E ENSINO
Situação da Versão do Projeto: Parecer Consubstanciado Emitido (Aprovado)

Solução do problema: 
- O sistema deverá permitir os pesquisadores submeterem a emenda ao CEP, sem apresentar tela de carregamento ou erro interno.
- Pesquisadores responsáveis e assistentes não conseguem prosseguir com a submissão de Emenda, conforme demonstrado em tela anexa.

Solicitantes: 
- Equipe PB/Conep (plataformabrasil@saude.gov.br)

Objetivo da demanda: 
- Correção do sistema para que se comporte conforme definido nos casos de uso UC036 - Manter Pesquisa Simplificada e UC026 - Enviar pesquisa para o CEP.","*CASO 04*

Fomos notificados pela equipe de pesquisa, a respeito de problema ocorrido ao tentar editar e enviar a emenda ""E2"" ao CEP.

Dados do Projeto:
Título da Pesquisa: Vigilância e Atenção em Anomalias Congênitas no estado do Rio Grande do Sul: projeto piloto baseado no SINASC
Pesquisador Responsável: LAVINIA SCHULER FACCINI
CAAE: 30886520.9.1001.5327
Submetido em: 19/03/2022
Instituição Proponente:
Situação da Versão do Projeto: Parecer Consubstanciado Emitido (Aprovado)
Localização atual da Versão do Projeto: Pesquisador Responsável

Solução do problema:
- O sistema deverá permitir os pesquisadores submeterem a emenda ao CEP, sem apresentar tela de carregamento ou de erro interno.

Objetivo da demanda:
- Correção do sistema para que se comporte conforme definido nos casos de uso UC036 - Manter Pesquisa Simplificada e UC026 - Enviar pesquisa para o CEP.

Solicitantes:
- Equipe PB/Conep (plataformabrasil@saude.gov.br)"
108576,Subproj Plataforma Brasil,Demanda,Demanda - Entregue,"[PB-2024-022] O sistema não atualizou a situação de emenda coparticipante, após a aprovação do protocolo anterior.","Fomos informados pelo CEP HUVR, que o sistema não atualizou o protocolo ""Ec2"" para o status de ""Em recepção e validação documental"", uma vez que o parecer consubstanciado da Ec1 já se encontra aprovado.

SOLUÇÃO A SER ADOTADA:

- A situação do protocolo ""Ec2""  encontra-se com o status de: ""Aguardando apreciação de Ec1"", mas deve ser atualizada para ""Em recepção e validação documental"", conforme tela anexada a esta demanda. 

DADOS DO PROJETO COPARTICIPANTE

Título da Pesquisa: 20180244 - Um Estudo Multicêntrico, Duplo-cego, Randomizado, Controlado por Placebo, para Avaliar o Impacto de Olpasirana em Eventos Cardiovasculares Maiores em Pacientes com Doença Cardiovascular Aterosclerótica e Lipoproteína(a) Elevada
Pesquisador Responsável: Andre Arpad Faludi
CAAE: 61096022.1.3001.0275
Submetido em: 27/07/2023
Instituição Proponente: LOBUS CENTRO DE PESQUISA CLINICA LTDA
Situação da Versão do Projeto: Parecer Consubstanciado Emitido (Aprovado)

OBJETIVO DA DEMANDA:
Correção do sistema para que se comporte conforme definido na regra de negócio [RN916] e Especificação Técnica 188-M.

SOLICITANTES:
Alessandra dos Santos - plataformabrasil@saude.gov.br","*CASO 03*

Fomos informados pelo CEP, que o sistema não atualizou o protocolo ""Ec4"" para o status de ""Em recepção e validação documental"", uma vez que o parecer consubstanciado da Ec3 já se encontra aprovado.

SOLUÇÃO A SER ADOTADA:

- A situação do protocolo ""Ec4"" encontra-se com o status de: ""Aguardando apreciação de Ec3"", mas deve ser atualizada para ""Em recepção e validação documental"", conforme tela anexada a esta demanda.

DADOS DO PROJETO COPARTICIPANTE
Título da Pesquisa: 64407564MMY3002 - Estudo de Fase 3 Randomizado para Comparar Talquetamabe SC em Combinação com Daratumumabe SC e Pomalidomida (Tal-DP) ou Talquetamabe SC em Combinação com Daratumumabe SC (Tal-D) Versus Daratumumabe SC, Pomalidomida e Dexametasona (DPd) em Participantes da Pesquisa com Mieloma Múltiplo Recidivado ou Refratário que receberam pelo menos 1 linha prévia de tratamento
Pesquisador Responsável: Eduardo Magalhães Rego
CAAE: 60299522.7.3003.5487
Submetido em: 06/12/2023
Instituição Proponente: ESHO EMPRESA DE SERVICOS HOSPITALARES S.A.
Situação da Versão do Projeto: Parecer Consubstanciado Emitido (Aprovado)

OBJETIVO DA DEMANDA:
Correção do sistema para que se comporte conforme definido na regra de negócio [RN916] e Especificação Técnica 188-M.

SOLICITANTES:
Alessandra dos Santos - plataformabrasil@saude.gov.br"
106821,Subproj Plataforma Brasil,Demanda,Demanda - Entregue,[PB-2024-016] A Pesquisadora não consegue avaliar e submeter o projeto ao CEP,"Fomos informados pela pesquisadora que ao entrar no projeto, na lista de apreciações, ela não tem acesso ao ícone de lápis que serve para avaliar e submeter o projeto de pesquisa ao CEP.

DADOS DO PROJETO:
Título da Pesquisa: Cidadania científica e midiática para enfrentamento à desinformação junto ao público adolescente
Pesquisador Responsável: BARBARA BASTOS DE LIMA DUQUE
CAAE:
Submetido em:
Instituição Proponente: Faculdade de Comunicação
Situação da Versão do Projeto: Em Edição

SOLUÇÃO:
- O sistema deve permitir que a pesquisadora tenha acesso ao ícone de lápis para que assim possa avaliar e submeter o projeto de pesquisa.

OBJETIVO DA DEMANDA:
- Correção do sistema para que se comporte conforme definido no caso de uso UC026 - Enviar pesquisa para o CEP.

SOLICITANTES
Bárbara Duque <barbaraufjf@gmail.com>
<plataformabrasil@saude.gov.br>",
99282,Subproj Plataforma Brasil,Demanda,Demanda - Entregue,[PB-2023-049] O sistema apresenta erro interno ao tentar elaborar parecer do colegiado no CEP.,"Fomos notificados pelo CEP 8527 - Centro Universitário Dinâmica das Cataratas - UDC, a respeito de problema ocorrido ao tentar elaborar o parecer do colegiado do protocolo ""PO"". Pois, o sistema apresenta erro interno.

Passo a passo realizado no sistema para reprodução do erro:

1) Clicar na aba ""CEP"", com o comitê de ética ""8527 - Centro Universitário Dinâmica das Cataratas - UDC"" selecionado;
2) Informar o CAAE 67222923.6.0000.8527 e clicar na opção ""Buscar"";
3) No resultado da consulta, clicar no ícone de lápis do protocolo ""PO"";
4) Na tela ""Executar Relatoria"", clicar na opção ""Elaborar Parecer do Colegiado"", disposta no rodapé da tela.

DADOS DO PROJETO:

Título da Pesquisa: Utilização da Integração sensorial na modulação do tônus
Pesquisador Responsável: Livia Willemann Peres
CAAE: 67222923.6.0000.8527
Instituição Proponente: UNIAO DINAMICA DE FACULDADES CATARATAS UDC LTDA

SOLICITANTES:
- Equipe Plataforma Brasil/CONEP (plataformabrasil@saude.gov.br)
- probillig@gmail.com <probillig@gmail.com> / Osvaldo Billig (Coordenador do CEP UDC)

OBJETIVO DA DEMANDA:
- Correção do sistema para que se comporte conforme definido na Especificação de Caso de Uso MS_PLATBR_UC112_ElaborarParecerColegiado.","Prezado Elmo.

Segue para sua análise, aprovação e seguimento."
99277,Subproj Plataforma Brasil,Demanda,Demanda - Entregue,[PB-2023-051] O sistema não gerou réplica do projeto coordenador para o centro coparticipante.,"CASO 01)

Fomos notificados pela equipe da pesquisa a respeito de problema ocorrido após a aprovação do projeto original do projeto coordenador CAAE 69746423.0.0000.5547. Pois, o sistema não gerou réplica para o centro coparticipante ""INSTITUTO FEDERAL DE EDUCACAO, CIENCIA E TECNOLOGIA DO RIO GRANDE DO NORTE"" (CNPJ: 10.877.412/0001-68).

DADOS DO PROJETO COORDENADOR:

Título da Pesquisa: INCUBADORAS TECNOLÓGICAS DE COOPERATIVAS POPULARES, TECNOCIÊNCIA SOLIDÁRIA E O PROJETO DE FORMAÇÃO EM UMA PERSPECTIVA INTEGRAL DOS INSTITUTOS FEDERAIS DE EDUCAÇÃO, CIÊNCIA E TECNOLOGIA: POSSÍVEIS APROXIMAÇÕES PRÁTICAS E CONCEITUAIS
Pesquisador Responsável: Marilene Zazula Beatriz
CAAE: 69746423.0.0000.5547
Instituição Proponente: UNIVERSIDADE TECNOLOGICA FEDERAL DO PARANA

SOLUÇÃO A SER ADOTADA:
- Gerar o protocolo ""POc"" para a instituição coparticipante ""INSTITUTO FEDERAL DE EDUCACAO, CIENCIA E TECNOLOGIA DO RIO GRANDE DO NORTE"" (CNPJ: 10.877.412/0001-68), com origem no projeto original ""PO"" do projeto coordenador CAAE 69746423.0.0000.5547, com situação de ""Em recepção e validação documental"" no CEP 225 - Instituto Federal de Educação, Ciência e Tecnologia do Rio Grande do Norte - IFRN.

OBJETIVO DA DEMANDA:
- Correção do sistema para que se comporte conforme definido na Especificação Técnica 188-M.

SOLICITANTES:
- Equipe PB/Conep (plataformabrasil@saude.gov.br)
- Gustavo Bigetti Guergoletto (g.bigetti.guergoletto@gmail.com)","CASO 02)

Fomos notificados pela equipe da pesquisa a respeito de problema ocorrido após a aprovação da emenda do projeto coordenador CAAE 67101923.8.0000.0068. Pois, o sistema não gerou réplica para o centro coparticipante ""Hospital das Clínicas da Faculdade de Medicina da USP"" (CNPJ: 60.448.040/0001-22 ).

DADOS DO PROJETO COORDENADOR:

Título da Pesquisa: Estudo de Fase 2 de Darolutamida como Indutor de Aumento de Expressão do Antígeno Prostático-Específico de Membrana (PSMA) em Pacientes com Câncer de Próstata Localizado
Pesquisador Responsável: Jose Mauricio Segundo Correia Mota
CAAE: 67101923.8.0000.0068
Instituição Proponente: INSTITUTO D'OR DE PESQUISA E ENSINO

SOLUÇÃO A SER ADOTADA:
- Gerar o protocolo ""POc"" para a instituição coparticipante ""Hospital das Clínicas da Faculdade de Medicina da USP"" (CNPJ: 60.448.040/0001-22), com origem na emenda ""E1"" do projeto coordenador CAAE 67101923.8.0000.0068, com situação de ""Em recepção e validação documental"" no CEP 68 - Hospital das Clínicas da Faculdade de Medicina da Universidade de São Paulo - HCFM/USP.

OBJETIVO DA DEMANDA:
- Correção do sistema para que se comporte conforme definido na Especificação Técnica 188-M.

SOLICITANTES:
- Equipe PB/Conep (plataformabrasil@saude.gov.br)
- Jose Mauricio Segundo Correia Mota (nape@idor.org)"
113933,e-SUS Regulação,Demanda,Demanda - Em atendimento,MANUTENÇÃO CORRETIVA - MÓDULO E-SUS CAPTAÇÃO DE FILAS - ERRO NA IMPORTAÇÃO DE ARQUIVOS,"*Descrição:*
Esta Ordem de Serviço tem como objetivo corrigir o erro relacionado à importação de arquivos no módulo e-SUS Captação de Filas, especificamente na função ""ARQUIVOS -> IMPORTAR NOVO ARQUIVO"".

O erro reportado pelos usuários é o seguinte: ""422 - Problemas ao armazenar o arquivo"", o que impede que o operador realize a importação de arquivos contendo as filas de espera do município. Este problema afeta diretamente o fluxo de trabalho relacionado ao 'Programa Mais Acesso a Especialistas - PMAE', comprometendo o gerenciamento eficaz das filas de espera para atendimentos especializados.

*Escopo do Trabalho:*
A equipe técnica responsável deverá:
- Analisar a causa do erro ""422 - Problemas ao armazenar o arquivo"" ao tentar importar novos arquivos.
- Verificar se o problema está relacionado ao sistema.
- Corrigir qualquer problema no sistema que esteja impedindo a importação dos arquivos.
- Realizar testes para garantir que a funcionalidade de importação de arquivos funcione corretamente após a correção.

*Justificativa:*
Esta demanda foi recebida via WEBATENDIMENTO no Ticket nº 202400157980, com uma imagem do erro anexada. A correção é essencial para garantir que os operadores possam subir os arquivos com as filas de espera do município, assegurando o bom funcionamento do 'Programa Mais Acesso a Especialistas - PMAE'.

*OBS:* Ambiente de produção. ",
111611,e-SUS Regulação,Demanda,Demanda - Em atendimento,liberação do ambiente de produção,"Conforme orientação dos gestores de projeto em 06/08/2024, solicitamos, por meio dessa OS, liberação do ambiente de produção do e-SUS Regulação, conforme projeto constante no SEI 25000.091442/2022-00.",
114424,e-SUS Regulação,Demanda,Demanda - Elaborar Proposta,MANUTENÇÃO CORRETIVA - MÓDULO e-SUS CAPTAÇÃO DE FILAS - INOPERÂNCIA DOS FILTROS - FUNÇÃO SOLICITAÇÕES,"*Descrição:*
Esta Ordem de Serviço tem como objetivo abordar e corrigir a inoperância dos filtros no sistema e-SUS Captação de Filas. Os filtros afetados incluem:

- Identificador local
- CNES do paciente
- Código SIGTAP
- CBO
- CID
- Caráter de solicitação
- Modalidade Assistencial
- Código do CNES solicitante
- Código do CNES do executante
- Status

Os usuários relataram que, independentemente do navegador utilizado (Microsoft Edge e Google Chrome), os filtros mencionados não estão funcionando conforme esperado. Este problema compromete a capacidade dos operadores de gerenciar e buscar informações no sistema de maneira eficaz.

*Escopo do Trabalho:*
A equipe técnica responsável deverá:
- Realizar uma análise detalhada para identificar as causas da inoperância dos filtros mencionados.
- Implementar as correções necessárias para restaurar a funcionalidade dos filtros.
- Realizar testes abrangentes para garantir que todos os filtros funcionem corretamente em diferentes navegadores.
- Documentar as mudanças realizadas e os resultados dos testes.

*Justificativa:*
Essa demanda foi recebida por meio de e-mail relatando a falha na utilização dos filtros no e-SUS Captação de Filas. A correção deste problema é essencial para assegurar a eficiência operacional dos usuários e a correta utilização das funcionalidades do sistema.
",
113932,e-SUS Regulação,Demanda,Demanda - Entregue,MANUTENÇÃO CORRETIVA - MÓDULO LABORATÓRIO - ERRO NO CADASTRO DE GRUPOS DE PROCEDIMENTOS - SISTEMA E-SUS REGULAÇÃO,"*Descrição:*
Esta Ordem de Serviço tem como objetivo corrigir os erros reportados na função ""Laboratório"" do sistema, especificamente nos procedimentos relacionados ao cadastro de grupos de exames laboratoriais e ao vínculo de tetos para os procedimentos.

Os usuários reportaram os seguintes problemas:
1. Ao tentar cadastrar um grupo de exames de laboratório na função ""LABORATÓRIO->PROCEDIMENTOS"", o sistema retorna o erro: ""500 - Internal server error"".
2. Na função ""LABORATÓRIO->TETO"", após clicar em ""cadastrar"" e selecionar a unidade executante, não aparecem procedimentos para vinculação de tetos, mesmo com a unidade e o profissional executante devidamente ativados.

Ambas as situações afetam diretamente a funcionalidade de gestão de exames laboratoriais e tetos, prejudicando o fluxo de trabalho do perfil de Administrador.

*Escopo do Trabalho:*
A equipe técnica responsável deverá:
- Identificar e corrigir o erro ""500 - Internal server error"" ao cadastrar grupos de exames de laboratório.
- Verificar e corrigir o problema que impede a exibição de procedimentos para vinculação ao teto na função ""Laboratório->TETO"", após a seleção da unidade executante e do profissional ativo.
- Realizar testes funcionais para garantir que a funcionalidade de cadastro de grupos de procedimentos e tetos esteja funcionando conforme esperado.

*Justificativa:*
Esta demanda foi recebida via WEBATENDIMENTO nos Tickets nº 202400157802 e 202400157955. A correção é necessária para restabelecer o correto funcionamento das funcionalidades de cadastro de grupos de procedimentos e tetos no módulo Laboratório, evitando atrasos e falhas no gerenciamento dos serviços laboratoriais no sistema e-SUS Regulação (Tickets em anexo).

*OBS:* Os erros foram encontrados no ambiente de treinamento. Contudo, como ambos os ambientes (treinamento e produção) são idênticos, solicitamos que a correção seja analisada e aplicada em ambos os ambientes.","Em complementação, encaminhamos anexo da demanda registrada no WEBATENDIMENTO no Ticket nº 202500073012 a respeito da exibição de procedimentos para vinculação ao teto na função ""Laboratório->TETO""."
116912,e-SUS Regulação,Demanda,Demanda - Entregue,MANUTENÇÃO CORRETIVA - PERFIL FEDERAL - CADASTRO DE NOVA CENTRAL - CENTRAIS EXCLUIDAS,"**DESCRIÇÃO:**  
Foi identificado um problema no módulo de cadastro de novas centrais no **perfil FEDERAL** do **e-SUS Regulação**. Atualmente, ao realizar uma pesquisa por **CNES** para cadastrar uma nova central, **nenhuma informação é exibida** caso a unidade tenha sido excluída anteriormente. No entanto, ao tentar cadastrar a mesma unidade, o sistema exibe a mensagem **""Central já cadastrada""**, evidenciando que essas unidades ainda estão registradas no banco de dados, mas sem visibilidade para o usuário.  
A correção solicitada consiste em:  
* **Exibir todas as centrais** no resultado da pesquisa, incluindo **ativas, inativas e excluídas**.  
* **Permitir a reativação** de centrais excluídas, alterando seu status para **ATIVA**.  
* **Permitir a edição** do nome e das informações da central, garantindo que os dados possam ser atualizados conforme necessário.  

**OBJETIVO:**  
* **Corrigir inconsistências no cadastro de centrais**, garantindo que unidades anteriormente excluídas possam ser gerenciadas corretamente.  
* **Evitar retrabalho e falhas no processo de criação de novas centrais**, impedindo que usuários enfrentem bloqueios ao cadastrar unidades que já existem no sistema.  
* **Garantir maior flexibilidade no gerenciamento das centrais**, possibilitando a reativação e edição das informações sempre que necessário.  
* **Melhorar a usabilidade e transparência do sistema**, evitando erros e confusões ao apresentar uma mensagem de central já cadastrada sem fornecer informações ao usuário.  

**JUSTIFICATIVA:**  
O erro identificado impacta diretamente o **processo de construção de centrais**, pois impede a continuidade do cadastro quando uma unidade já cadastrada foi anteriormente excluída. Como a pesquisa por CNES **não exibe a central excluída**, o usuário não tem como identificá-la e, consequentemente, não consegue recuperá-la ou corrigir seu status.  
Isso resulta em retrabalho, confusão e dificuldades operacionais para os responsáveis pelo gerenciamento do sistema. A implementação dessas correções é essencial para garantir **fluidez no cadastro de novas centrais**, evitando bloqueios desnecessários e melhorando a gestão das unidades no **e-SUS Regulação**.",
111088,subproj Hemovida Web Coagulopatias,Demanda,Demanda - Entregue,TO - Consulta Paciente PP recusa,"*Escopo:* O estado do Tocantins (GESTOR ESTADUAL) solicitou a inclusão do paciente JOÃO MIGUEL SILVA GUIMARÃES (2814894374) na plataforma de profilaxia primária, sendo negado conformes justificativas. 
Abaixo segue a comprovação. (FIGURA 1)

Entretanto, quando o gestor do sistema perfil Administrador Federal, realizou a pesquisa pelo o paciente em ?Paciente > cadastro > consulta? o mesmo não aparece no sistema. (FIGURA 2)
 
*Justificativa:* O sistema precisa apresentar o registro do (menu) paciente na funcionalidade consulta.

*Objetivo:* Apresentar os registros conforme estabelecido em na documentação.

*NOTA:* "" _Este atendimento possui dados sensíveis, dessa forma o artigo 26 da LGPD prevê que o uso compartilhado de dados pessoais pelo Poder Público deve atender a finalidades específicas de execução de políticas públicas e atribuição legal pelos órgãos e pelas entidades públicas, respeitados os princípios de proteção de dados pessoais elencados no art. 6º da Lei. Sendo assim utilizados para realização de suporte/manutenção, conforme orientação do serviço hemoterápico solicitante_ "".
",Solicitamos atendimento da demanda.
115490,SISREG - SISTEMA NACIONAL DE REGULAÇÃO,Demanda,Demanda - Elaborar Proposta,MANUTENÇÃO CORRETIVA - MODULO HOSPITALAR - INOPERANCIA DO SISREG - CARREGAMENTO DE TELAS -AUTORIZAÇÃO DO REGULADOR -SC,"Descrição
A presente ordem de serviço tem como objetivo analisar e investigar a falha técnica relatada no Sistema de Regulação (SISREG) pelas Centrais de Regulação Hospitalares, conforme e-mails (Anexo), relatando a impossibilidade do regulador autorizar as solicitações do  sistema. A equipe de desenvolvimento será responsável por realizar uma análise detalhada do sistema, da infraestrutura e do banco de dados relacionados ao SISREG, a fim de identificar e diagnosticar a origem do problema mencionado nos e-mails.
Objetivo:
O objetivo desta ordem de serviço é esclarecer e resolver a falha técnica que tem impedido o adequado processo de aprovação de laudos de internação nas centrais de regulação hospitalares, o que acontecido com muita frequência. A equipe deverá investigar as dificuldades relatadas, incluindo a impossibilidade do regulador autorizar as solicitações no sistema, dificuldade de carregamento de laudos e falhas na evolução para tela de seleção de vaga, conforme teste realizado pela Equipe SISREG de Brasília. Deverá ser realizada uma análise abrangente para determinar se o problema está relacionado ao SISREG, à infraestrutura local ou a outras causas não identificadas.
Justificativa:
A solicitação de abertura desta ordem de serviço decorre da necessidade de investigar e resolver a falha técnica reportada pelas Centrais de Internação Hospitalares. O erro está ocorrendo principalmente quando o regulador tenta autorizar as internações e fazer a reserva do leito. 
É imperativo responder de forma diligente às preocupações levantadas pelas Centrais de Internação Hospitalares, considerando o impacto negativo no fluxo de trabalho da regulação. 
",
115345,SISREG - SISTEMA NACIONAL DE REGULAÇÃO,Demanda,Demanda - Elaborar Proposta,EXTRAÇÃO DE DADOS - RELATÓRIO - SISREG - LOGS DE CONSULTAS E PROCEDIMENTOS (2021-2024) - QUEIMADOS/RJ,"**Descrição:**  
Solicitação de extração de dados do banco de dados do sistema SISREG do município de Queimados/RJ, com abrangência do período de 2021 a 2024. Requer-se a emissão de relatório detalhado, contendo logs de inclusão e modificação de consultas e procedimentos médicos no sistema, além da identificação de agendamentos sucessivos realizados para os mesmos pacientes. A análise também deve considerar o login dos usuários responsáveis pelos atos no sistema, buscando evidenciar práticas suspeitas, conforme os indícios levantados.

**Escopo do trabalho:**  
- Extração dos logs de inclusão e modificação de agendamentos e consultas médicas no SISREG.
- Identificação dos registros que indicam agendamentos sucessivos para o mesmo paciente.
- Identificação dos usuários (logins) responsáveis por cada modificação nos registros de agendamento.
- Geração de um relatório contendo todas as informações, exportado em formato PDF e Excel, conforme especificado no ofício.

**Justificativa:**  
Esta extração atende ao OFÍCIO Nº 1057/2024/CORREG/MS, o qual visa investigar possíveis irregularidades no Sistema SISREG de Queimados/RJ, onde há indícios de manipulação do sistema por meio de múltiplos agendamentos consecutivos. A denúncia aponta que tais práticas podem estar beneficiando determinados pacientes de forma indevida e prejudicando o acesso da coletividade aos serviços de saúde. A análise solicitada será útil para a verificação de padrões de comportamento que possam configurar manipulação ou uso indevido do sistema. 
Demanda SEI - 25000.156062/2024-81

",
108483,SubProj SIA,Demanda,Demanda - Entregue,Script para geração dos dados de atendimentos em BPA-I - demanda ANS,"*Justificativa*
Demanda oriunda da ANS, conforme Ofício anexo, com objetivo de permitir a realização de estudo de viabilidade de cobrança de ressarcimento ao SUS de atendimentos em BPA-I, conforme recomendação exarada pela CGU. 
NUP 25000.047544/2024-41.

*Escopo*

1- Gerar script a ser utilizado na extração dos dados de atendimentos em Boletim de Produção Ambulatorial Individualizado (BPA-I), conforme campos e observações especificadas no Termo de Responsabilidade anexo (SEI_ANS___29060324___Termo.pdf).
2- Documentação respectiva com indicação sobre a que tabelas pertencem os campos enviados, inclusive com a descrição detalhada de cada campo.

Ademais, importante destacar que a ANS enfatiza os seguintes pontos no TERMO DE RESPONSABILIDADE:
""Outros dados que precisamos receber: *VALORES DE PROCEDIMENTO*""
""Solicitamos que sejam selecionados os campos *de valor de BPAI* [valor financeiro total do atendimento em BPA-I] pelo Datasus para envio à ANS.""","Prezado Donizete,

Solicito a alteração do contrato da Zello para Fiotec.


Atte."
114451,SISREG - SISTEMA NACIONAL DE REGULAÇÃO,Demanda,Demanda - Elaborar Proposta,SOLICITAÇÃO DE TRANSFERÊNCIA DE UNIDADE DA CENTRAL MUNICIPAL PARA CENTRAL ESTADUAL - BANCO DE DADOS DO SISREG,"Descrição
Esta Ordem de Serviço tem como objetivo a transferência da unidade Associação Mato-Grossense de Combate ao Câncer - Hospital de Câncer de Cuiabá (CNES 2534444), *da Central de Regulação Municipal de Cuiabá para a Central de Regulação Estadual de Mato Grosso.*

Escopo do Trabalho:
A equipe técnica responsável será encarregada de avaliar a possibilidade de transferência da Unidade Hospital do Câncer de Cuiabá, configurada na Central Municipal que utiliza o Sistema de Regulação (SISREG), para a Central de Regulação Estadual contendo todas as informações das solicitações.
Levantar todos os requisitos necessários para a transferência da unidade da central municipal para central estadual.
 
Justificativa
A Secretaria de Estado da Saúde de Mato Grosso firmou nova contratualização com a unidade hospitalar, portanto a transferência do banco de dados do SISREG com as informações do banco de dados do SISREG das solicitações se faz necessária, para organização dos agendamentos da unidade para a próxima competência de outubro de 2024, sem prejuízo aos usuários.

","

Descrição
Esta Ordem de Serviço tem como objetivo a transferência da unidade Associação Mato-Grossense de Combate ao Câncer - Hospital de Câncer de Cuiabá (CNES 2534444), da Central de Regulação Municipal de Cuiabá para a Central de Regulação Estadual de Mato Grosso.

Escopo do Trabalho:
A equipe técnica responsável será encarregada de avaliar a possibilidade de transferência da Unidade Hospital do Câncer de Cuiabá, configurada na Central Municipal que utiliza o Sistema de Regulação (SISREG), para a Central de Regulação Estadual contendo todas as informações das solicitações.
Levantar todos os requisitos necessários para a transferência da unidade da central municipal para central estadual.

Justificativa
A Secretaria de Estado da Saúde de Mato Grosso firmou nova contratualização com a unidade hospitalar, portanto a transferência do banco de dados do SISREG com as informações das solicitações se faz necessária para organização dos agendamentos da unidade para a próxima competência de outubro de 2024, sem prejuízo aos usuários."
112993,Subproj GAL,Demanda,Demanda - Entregue,(59 TO) Módulo Biologia Médica - Correção registro de resultado - Tuberculose TSA,"Correção na grafia do pré tabelado Tuberculose - TSA. Item 08, conforme anexo.",Para análise e correção.
111879,Subproj Plataforma Brasil,Demanda,Demanda - Entregue,[PB-2024-061] [679] O projeto não aparece para o pesquisador e para a assistente de pesquisa.,"Fomos notificados sobre problema no sistema onde o projeto CAAE 18875119.5.2012.5333 não está aparecendo para o pesquisador e para a assistente de pesquisa.

DADOS DO PROJETO:
Título da Pesquisa: Comparação randomizada do resultado clínico de enxertos arteriais únicos versus múltiplos: o estudo ROMA - racional e protocolo do estudo
Pesquisador Responsável: Renato Abdala Karam Kalil
CAAE: 18875119.5.2012.5333
Submetido em: 30/01/2024
Instituição Proponente: Instituto de Cardiologia do RS / Fundação Universitária de Cardiologia
Situação da Versão do Projeto: Parecer Consubstanciado Emitido (Aprovado)

SOLUÇÃO A SER ADOTADA:
O sistema deverá apresentar o projeto para o sr. Renato Abdala Karam Kalil (como pesquisador responsável) e para a sra. Silvia Zottis Poletti (como assistente de pesquisa).""

OBJETIVO DA DEMANDA:
 - Correção do sistema para que se comporte conforme Especificação Técnica 246-C

SOLICITANTES:
- Equipe PB/Conep (plataformabrasil@saude.gov.br)",
111566,Subproj GAL,Demanda,Demanda - Entregue,(5227 RN) Módulo Ambiental - Formas de abastecimento SAA - GAL e SISAGUA,Monitorar o Módulo Ambiental do estado do Rio Grande do Norte pois  as áreas disponíveis para o município de Macau/RN (Sistema de Abastecimento de Água - SAA) no GAL pertencem ao Município de Guamaré. No Sisagua a informação está correta.,"Prezado Elmo

Segue para vossa análise, aprovação e seguimento."
108505,Subproj GAL,Demanda,Demanda - Entregue,(5289 DF e 5372 CGLAB) Módulo Biologia Médica - Criar exames/metodologias/kits," Criar os seguintes exames/metodologias/kits de acordo com as definições em anexo.

1.	Exame: Histoplasmose, Antígeno Galactomanana (GM)
Metodologia: Enzimaimunoensaio
Kit: Clarus Histoplasma GM (HGM201)

2.  Exame: Hanseníase, Teste de Sensibilidade Genotípico
Metodologia: Hibridização de sonda em linha (LPA)
Kit: GenoType LepraeDR Ver 1.0

3.  Exame: Hanseníase, Biologia Molecular
Metodologia: PCR em Tempo Real
Ki: Kit IMBP Biomol Hanseníase
","Prezado Donizete

Segue para sua análise, aprovação e seguimento."
110195,Subproj Plataforma Brasil,Demanda,Demanda - Entregue,"[PB-2024-043] [495] O sistema apresenta erro interno ao acionar a opção ""Devolver ao CEP"" na CONEP.","Fomos notificados pela Assessoria de Protocolos da Conep a respeito de problema que ocorre ao tentar devolver um protocolo para o CEP. Pois, o sistema apresenta mensagem de erro interno (pilha de execução) ao acionar a opção ""DEVOLVER AO CEP"" e informar a justificativa da devolução, durante a apreciação do protocolo na Conep.

Vale ressaltar que, este erro ocorre em TODOS os protocolos onde a opção está sendo apresentada.
Inclusive realizamos testes no ambiente de homologação (CAAEs de exemplo: 40224816.4.0000.5238 - protocolo ""PO""; 40202916.0.0000.5238 - protocolo ""E1""; 40139615.3.0000.5599 - protocolo ""PO""; 04797712.2.0000.5192 - protocolo ""E1""), e também foi possível reproduzir o problema.

OBJETIVO DA DEMANDA:
- Correção do sistema para que se comporte conforme definido nas regras de negócio [RN529], [RN530] e [RN910].

SOLICITANTES:
- Equipe PB/Conep (plataformabrasil@saude.gov.br)
- Arthur Kenji Akimoto (arthur.akimoto@saude.gov.br)
- Carla Maria Laguardia Cantarutti (carla.cantarutti@saude.gov.br)","Solução implantanda no ambiente de homologação.
Solicito  validação da area requisitante.
https://plataformabrasil-homologacao.saude.gov.br/plataformabrasil/login.jsf
Apartir da versao 4.5.0_rc01"
106362,Subproj Plataforma Brasil,Demanda,Demanda - Entregue,"[PB-2024-014] O sistema não atualizou a situação da emenda coparticipante, após ter recebido parecer de ""aprovado"" no protocolo anterior. ","*CASO 01*

Fomos notificados pelo CEP ""5487 - Hospital Samaritano de São Paulo Ltda"" a respeito de problema ocorrido após a aprovação do protocolo ""Ec1"" do projeto coparticipante CAAE 51422921.0.3002.5487. Pois, o sistema não atualizou a situação do protocolo ""Ec2"" de ""Aguardando Apreciação de Ec1"" para ""Em recepção e validação documental"".

DADOS DO PROJETO COPARTICIPANTE:
Título da Pesquisa: ESTUDO DE FASE 3, ABERTO, DE 3 GRUPOS, MULTICÊNTRICO E RANDOMIZADO PARA AVALIAR A EFICÁCIA E SEGURANÇA DE ELRANATAMABE (PF-06863135) EM MONOTERAPIA E ELRANATAMABE + DARATUMUMABE VERSUS DARATUMUMABE + POMALIDOMIDA + DEXAMETASONA EM PARTICIPANTES COM MIELOMA MÚLTIPLO RECIDIVANTE/REFRATÁRIO QUE RECEBERAM PELO MENOS 1 LINHA DE TERAPIA ANTERIOR, INCLUINDO LENALIDOMIDA E UM INIBIDOR DE PROTEASSOMA
Pesquisador Responsável: Marcelo Eduardo Zanella Capra
CAAE: 51422921.0.3002.5487
Instituição Coparticipante: ESHO EMPRESA DE SERVICOS HOSPITALARES S.A.

SOLUÇÃO A SER ADOTADA: 
- A  situação do protocolo ""Ec2"" deve ser atualizada para ""Em recepção e validação documental"", visto que o protocolo anterior ""Ec1"" já foi aprovado.

*CASO 02*

Fomos notificados pelo CEP ""5487 - Hospital Samaritano de São Paulo Ltda"" a respeito de problema ocorrido após a aprovação do protocolo ""Ec1"" do projeto coparticipante CAAE 63868022.3.3003.5487. Pois, o sistema não atualizou a situação do protocolo ""Ec2"" de ""Aguardando Apreciação de Ec1"" para ""Em recepção e validação documental"".

DADOS DO PROJETO COPARTICIPANTE:
Título da Pesquisa: MajesTEC-9 - 64007957MMY3006 - Estudo de fase 3, Randomizado, Comparando a Monoterapia com Teclistamabe versus Pomalidomida, Bortezomibe, Dexametasona (PVd) ou Carfilzomibe, Dexametasona (Kd)em Participantes da Pesquisa com Mieloma Múltiplo Recidivado ou Refratário que tenham recebido 1 a 3 linhas prévias de terapia, incluindo um Anticorpo Monoclonal Anti-CD38 e Lenalidomida
Pesquisador Responsável: Fernanda Lemos Moura
CAAE: 63868022.3.3003.5487
Instituição Coparticipante: ESHO EMPRESA DE SERVICOS HOSPITALARES S.A.

SOLUÇÃO A SER ADOTADA: 
- A  situação do protocolo ""Ec2"" deve ser atualizada para ""Em recepção e validação documental"", visto que o protocolo anterior ""Ec1"" já foi aprovado.


*CASO 3?*

Fomos notificados pelo Comitê de Ética em Pesquisa - HDT/HAA a respeito do problema ocorrido após a aprovação da 'Ec1' do projeto da coparticipante CAAE 11983719.0.3001.0034. Pois, o sistema não atualizou a situação do protocolo ""Ec2"" de ""Aguardando Apreciação de Ec1"" para ""Em recepção e validação documental"". 

DADOS DO PROJETO COPARTICIPANTE:
Título da Pesquisa: TUBERCULOSE EXTRAPULMONAR: UMA SÉRIE DE CASOS
Pesquisador Responsável: MOARA ALVES SANTA BARBARA BORGES
Área Temática:	
Versão: 1
CAAE: 11983719.0.3001.0034
Submetido em: 25/05/2020
Instituição Proponente: Hospital Dr. Anuar Auad / HDT
Situação da Versão do Projeto: Parecer Consubstanciado Emitido (Aprovado)
Localização atual da Versão do Projeto: Pesquisador Responsável
Patrocinador Principal:		Financiamento Próprio

SOLUÇÃO A SER ADOTADA: 
- A  situação do protocolo ""Ec2"" deve ser atualizada para ""Em recepção e validação documental"", visto que o protocolo anterior ""Ec1"" já foi aprovado.
 
CASO 4?
Fomos informados pelo CEP Instituto Nacional de Infectologia Evandro Chagas - INI / FIOCRUZ, a respeito do problema ocorrido após a aprovação da 'POc' do projeto da coparticipante CAAE 69037723.7.3001.5262 Pois, o sistema não atualizou a situação do protocolo ""Ec1"" de ""Aguardando Apreciação de POc"" para ""Em recepção e validação documental"". 

Dados do Projeto:
Título da Pesquisa: Emergência sanitária, arquivos e memória
Pesquisador Responsável: Paulo Roberto Elian dos Santos
Área Temática:	
Versão: 1
CAAE: 69037723.7.3001.5262
Submetido em: 18/06/2023
Instituição Proponente: FUNDACAO OSWALDO CRUZ
Situação da Versão do Projeto: Parecer Consubstanciado Emitido (Aprovado)
Localização atual da Versão do Projeto: Pesquisador Responsável
Patrocinador Principal:		Fundação Oswaldo Cruz
SOLUÇÃO A SER ADOTADA: 
- A  situação do protocolo ""Ec1"" deve ser atualizada para ""Em recepção e validação documental"", visto que o protocolo anterior ""POc"" já foi aprovado.
 
CASO 5?

Fomos informados pela senhora Tais , a respeito do problema ocorrido após a aprovação da 'Ec1' do projeto da coparticipante CAAE 53100221.8.3002.5319 Pois, o sistema não atualizou a situação do protocolo ""Ec2"" de ""Aguardando Apreciação de Ec1"" para ""Em recepção e validação documental"". 


Dados do projeto :
Fomos informados pela senhora Tais 
Título da Pesquisa: Estudo clínico multicêntrico, randomizado, de grupos paralelos, duplo-cego, double-dummy, comparativo de não-inferioridade da associação em dose fixa de codeína 30mg/dipirona 500mg da Eurofarma versus Tylex® (codeína 30mg/paracetamol 500mg) no tratamento da dor moderada a intensa pós-extração de terceiro molar inferior incluso
Pesquisador Responsável: RAFAELA CAFASSO MENDES PAVLOVSKY
Área Temática:	
Versão: 1
CAAE: 53100221.8.3002.5319
Submetido em: 25/10/2023
Instituição Proponente: Faculdade Meridional - IMED
Situação da Versão do Projeto: Parecer Consubstanciado Emitido (Aprovado)
Localização atual da Versão do Projeto: Pesquisador Responsável
Patrocinador Principal:		Eurofarma Laboratórios S/A
SOLUÇÃO A SER ADOTADA: 
- A  situação do protocolo ""Ec2"" deve ser atualizada para ""Em recepção e validação documental"", visto que o protocolo anterior ""Ec1"" já foi aprovado.


SOLICITANTES: 
- Equipe PB/Conep (plataformabrasil@saude.gov.br)
- CEP <cep@samaritano.com.br>
- cep.hdt@isgsaude.org>
- cep@ini.fiocruz.br>
Tais Santos - Bioserv  tais.santos@bioservsmo.com.br>


OBJETIVO DA DEMANDA:
- Correção do sistema para que se comporte conforme definido na Especificação Técnica 188-M.",
102741,Subproj Plataforma Brasil,Demanda,Demanda - Entregue,"[PB-2024-001] O sistema apresenta carregamento contínuo ao tentar editar a emenda ""E12"" do projeto CAAE 33970820.0.1001.5327.","*CASO 01)*

Fomos notificados pela equipe da pesquisa a respeito de problema ocorrido ao tentar editar a emenda ""E12"" do projeto coordenador CAAE 33970820.0.1001.5327. Pois, o sistema apresenta carregamento contínuo, que impossibilita à pesquisadora e seus assistentes de preencherem as informações da emenda e realizar o seu envio ao CEP.

DADOS DO PROJETO:

Título da Pesquisa: Rede nAcional de doenças raRAS (RARAS)
Pesquisador Responsável: Têmis Maria Félix
CAAE: 33970820.0.1001.5327
Instituição Proponente: HOSPITAL DE CLINICAS DE PORTO ALEGRE

SOLUÇÃO A SER ADOTADA:
- Quando a pesquisadora e/ou seus assistentes acionarem a opção de edição da pesquisa (ícone de lápis) no protocolo ""E12"", o sistema deve apresentar a tela para cadastro de emenda, possibilitando o seu preenchimento.

OBJETIVO DA DEMANDA:
- Correção do sistema para que se comporte conforme definido nos casos de uso UC036 - Manter Pesquisa Simplificada.

SOLICITANTES:
- Isadora Viegas <iviegas_pes@hcpa.edu.br>
- Equipe PB/Conep (plataformabrasil@saude.gov.br)",
100060,Subproj Plataforma Brasil,Demanda,Demanda - Entregue,[PB-2023-060] O sistema não está apresentando o número CAAE para projeto que já foi aceito pelo CEP.,"CASO 01) 

Fomos notificados pelo CEP, a respeito de problema ocorrido após a aceitação do projeto, o sistema não está apresentado o número do CAAE. O único local em que está visível é no arquivo ""PB_COMPROVANTE_RECEPCAO_2225446.pdf"". 

O projeto já está com situação de ""Aguardando parecer do colegiado"" e até o momento o CAAE não está sendo exibido no sistema. 

DADOS DO PROJETO: 
Título da Pesquisa: OS EFEITOS DO PILATES MATWORK NAS HABILIDADES FÍSICAS DE BAILARINOS DE HIP-HOP
Pesquisador Responsável: Aline Nogueira Haas
CAAE:
Instituição Proponente: Escola de Educação Física da Universidade do Rio Grande do Sul

SOLUÇÃO A SER ADOTADA: 
Solicitamos que o CAAE 75145423.3.0000.5347 (conforme consta no arquivo ""PB_COMPROVANTE_RECEPCAO_2225446.pdf"") seja exibido no sistema, e também nos arquivos de pareceres emitidos deste projeto (até o momento da correção):
- Arquivo Parecer Relator: PB_PARECER_RELATOR_6493709.pdf

SOLICITANTES: 
- Claudia Dorneles - Etica Ufrgs <etica@propesq.ufrgs.br>
- Equipe PB/Conep <plataformabrasil@saude.gov.br>

OBJETIVO DA DEMANDA: 
- Correção do sistema para que se comporte conforme definido na regra de negócio [RN728].","*CASO 04* (Incluído em 18/03/2024)

Fomos notificados pelo CEP, a respeito de problema ocorrido após a aceitação de 02 projetos (ambos relacionados com o CASO 02), pois o sistema não está apresentado o número do CAAE.

Ambos os projetos coparticipantes já passaram pela etapa de validação documental pelo CEP e até o momento o CAAE não está sendo exibido no sistema.

DADOS DO PROJETO COPARTICIPANTE 01) 

Título da Pesquisa: CUIDADOS DE ENFERMAGEM À CRIANÇA INDÍGENA HOSPITALIZADA: PERCEPÇÃO DA EQUIPE DE ENFERMAGEM
Pesquisador Responsável: MARIA LUIZA MAUES DE SENA
CAAE:
Instituição Coparticipante: Fundação Santa Casa de Misericórdia do Pará
Situação da Versão do Projeto: Aguardando confirmação de indicação de relatoria

DADOS DO PROJETO COPARTICIPANTE 02) 

Título da Pesquisa: CUIDADOS DE ENFERMAGEM À CRIANÇA INDÍGENA HOSPITALIZADA: PERCEPÇÃO DA EQUIPE DE ENFERMAGEM
Pesquisador Responsável: MARIA LUIZA MAUES DE SENA
CAAE:
Instituição Coparticipante: Hospital Universitário João de Barros Barreto - UFPA
Situação da Versão do Projeto: Aguardando indicação de relatoria

SOLUÇÃO A SER ADOTADA:

PROJETO 01)
Solicitamos que o CAAE deste projeto coparticipante seja exibido no sistema, e também nos arquivos de pareceres emitidos deste projeto (até o momento da correção):

- Arquivo Parecer Relator: PB_PARECER_RELATOR_6635056.pdf
- Arquivo Parecer Colegiado: PB_PARECER_COLEGIADO_6639510.pdf
- Arquivo Parecer Consubstanciado: PB_PARECER_CONSUBSTANCIADO_CEP_6642192.pdf

PROJETO 02) 
Solicitamos que o CAAE deste projeto coparticipante seja exibido no sistema, e também nos arquivos de pareceres emitidos deste projeto (até o momento da correção).


SOLICITANTES:
- Wallace Raimundo Araujo dos Santos (wasantos@ufpa.br)
- Equipe PB/Conep (plataformabrasil@saude.gov.br)

OBJETIVO DA DEMANDA:
- Correção do sistema para que se comporte conforme definido na regra de negócio [RN728]."
99273,Subproj Plataforma Brasil,Demanda,Demanda - Entregue,[PB-2023-039] O sistema está gerando duplicidade de arquivos ao elaborar parecer consubstanciado,"O sistema está gerando a duplicidade ao inserir arquivos na funcionalidade elaborar parecer consubstanciado (Situação igual a: Aguardando revisão do parecer do colegiado), isso ocorre tanto em projeto original quanto em emenda, conforme demonstrado em tela anexada. 

Para a reprodução do erro, foram realizados os seguintes passos:

1) Acessar o protocolo com situação igual a: Aguardando revisão do parecer do colegiado (Ícone Lápis);
2) Clicar na opção de Adicionar Documento;
3) Editar um ou mais campos do parecer;
4) Clicar na opção voltar;
5) Acessar o protocolo novamente, onde o sistema está exibindo o arquivo de forma duplicada.

A tela de evidência foi retirada do ambiente de HOMOLOGAÇÃO, porém o problema também está ocorrendo no ambiente de PRODUÇÃO.

Segue o link do vídeo explicativo sobre o problema acima:

https://saudegov.sharepoint.com/sites/Eumesma390/_layouts/15/stream.aspx?id=%2Fsites%2FEumesma390%2FShared%20Documents%2FGeneral%2F%5BPB%2D2023%2D039%5D%2FDuplicidade%20de%20arquivos%20ao%20elaborar%20parecer%20consubstanciado%2Emp4&nav=eyJyZWZlcnJhbEluZm8iOnsicmVmZXJyYWxBcHAiOiJTdHJlYW1XZWJBcHAiLCJyZWZlcnJhbFZpZXciOiJTaGFyZURpYWxvZyIsInJlZmVycmFsQXBwUGxhdGZvcm0iOiJXZWIiLCJyZWZlcnJhbE1vZGUiOiJ2aWV3In19&nav=eyJyZWZlcnJhbEluZm8iOnsicmVmZXJyYWxBcHAiOiJTdHJlYW1XZWJBcHAiLCJyZWZlcnJhbFZpZXciOiJTaGFyZURpYWxvZyIsInJlZmVycmFsQXBwUGxhdGZvcm0iOiJXZWIiLCJyZWZlcnJhbE1vZGUiOiJ2aWV3In19&ga=1

DADOS DO PROJETO 

Título da Pesquisa: TESTE 2 DIA 01.06.16
Pesquisador Responsável: PABLO FERNANDES SILVA
Área Temática:	Genética Humana:
CAAE: 40235416.3.0000.5238
Instituição Proponente: Escola de Enfermagem Anna Nery

OBJETIVO DA DEMANDA:

Correção do sistema para que se comporte conforme definido na Especificação Técnica 009B.

SOLICITANTES:
NDTI <ndti.decit@saude.gov.br>","Prezado Elmo.

Segue para sua análise, aprovação e seguimento."
100014,Subproj Plataforma Brasil,Demanda,Demanda - Entregue,[PB-2023-059] Sistema criou projeto (Pp) em duplicidade para o mesmo centro participante.,"Fomos notificados pelo CEP do centro participante ""LIGA PARANAENSE DE COMBATE AO CANCER"", a respeito de problema ocorrido após a aprovação da emenda ""E4"" do centro coordenador CAAE 51375821.6.1001.8098. Pois, o sistema gerou 2 projetos (Pp) para a mesma instituição participante, pesquisador e CAAE 51375821.6.2015.0098.

DADOS DO PROJETO PARTICIPANTE:
Título da Pesquisa: 64007957MMY3001 - Estudo de Fase 3, Randomizado, para Comparar Teclistamabe em Combinação ao Daratumumabe SC (Tec-Dara) versus Daratumumabe SC, Pomalidomida e Dexametasona (DPd) ou Daratumumabe SC, Bortezomibe e Dexametasona (DVd) em Participantes da Pesquisa com Mieloma Múltiplo Recidivado ou Refratário
Pesquisador Responsável: joão samuel de holanda farias
CAAE: 51375821.6.2015.0098
Instituição participante: LIGA PARANAENSE DE COMBATE AO CANCER

DADOS DO PROJETO COORDENADOR:
Título da Pesquisa: 64007957MMY3001 - Estudo de Fase 3, Randomizado, para Comparar Teclistamabe em Combinação ao Daratumumabe SC (Tec-Dara) versus Daratumumabe SC, Pomalidomida e Dexametasona (DPd) ou Daratumumabe SC, Bortezomibe e Dexametasona (DVd) em Participantes da Pesquisa com Mieloma Múltiplo Recidivado ou Refratário
Pesquisador Responsável: Vania Tietsche de Moraes Hungria
CAAE: 51375821.6.1001.8098
Instituição Proponente: CLINICA MEDICA SAO GERMANO S/S LTDA

SOLUÇÃO A SER ADOTADA:
1) Excluir o projeto (e seus respectivos protocolos, trâmites e arquivos) referente CAAE 51375821.6.2015.0098 gerado em duplicidade, que se encontra na versão 3, e que possui os protocolos POp (situação atual de ""Aguardando revisão do parecer do colegiado"") e Ep2 (situação atual de ""Aguardando apreciação de POp""),  conforme demonstrado na tela anexada a esta demanda, destacado em VERMELHO.

2) O projeto CAAE 51375821.6.2015.0098, que se encontra na versão 1, e que possui o protocolo ""POp"" com origem na ""E3"" (situação atual de ""Aprovado"") destacado em AZUL, deve ser mantido.
2.1) Neste projeto deve ser gerado o protocolo ""Ep1"" com origem na emenda ""E4"" do centro coordenador CAAE 51375821.6.1001.8098, com versão 2, e situação de ""Em edição"".
2.2) Neste projeto deve ser gerado o protocolo ""Ep2"" com origem na emenda ""E5"" do centro coordenador CAAE 51375821.6.1001.8098, com versão 3, e situação de ""Aguardando Apreciação de Ep1"".

OBJETIVO DA DEMANDA:
 - Correção do sistema para que se comporte conforme definido na regra de negócio [RN469].

SOLICITANTES:
- Secretaria Cep <secretariacep@erastogaertner.com.br>
- Equipe PB/Conep (plataformabrasil@saude.gov.br)","*CASO 01)* Está OK!

*CASO 02)*

Como o projeto teve andamento após a abertura da demanda, segue atualizações quanto à solução a ser adotada:

(OBS.: Desconsiderar a que foi colocada no chamado original, e considerar esta!)

+SOLUÇÃO A SER ADOTADA+ :
1) Excluir o projeto (e seus respectivos protocolos, trâmites e arquivos) referente ao projeto gerado em duplicidade (CAAE: 28576920.6.2023.5274), que se encontra na versão 2, e que possui os protocolos ""POp"" (situação atual de ""Aprovado"") e ""Ep1"" (situação atual de ""Em Edição""), conforme demonstrado na tela atualizada anexada a esta demanda, destacado em VERMELHO.

2) O projeto CAAE 28576920.6.2019.5274, que se encontra na versão 2, e que possui o protocolo ""POp"" com origem na ""E5"" (situação atual de ""Aprovado"") destacado em AZUL, deve ser mantido.
2.1) Neste projeto deve ser gerado o protocolo ""Ep2"" com origem na emenda ""E6"" do centro coordenador CAAE 28576920.6.1001.0068, com versão ""4"", e situação de ""Substituído"".
2.2) O protocolo que atualmente está como ""Ep2"" (origem na emenda ""E7"" do centro coordenador) deve ser renomeado para ""Ep3"", e sua versão deve ser atualizada para ""5"".

Vale ressaltar que estes impactos devem ser considerados na árvore de arquivos (documentos do projeto de pesquisa) e histórico de trâmites do projeto.

A tela atualizada com a solução também foi anexada a esta demanda."
111569,Subproj GAL,Demanda,Demanda - Entregue,(5475 CGLAB) Módulo Nacional - Relatórios de Produção Mensal,"Monitorar os relatórios de produção mensal, pois ao gerar não aparece o Estado após o cabeçalho.","Prezado Donizete.

Segue para vossa análise, aprovação e seguimento."
108512,Subproj GAL,Demanda,Demanda - Entregue,(5152 CE e 5373 SP) Módulo Biologia Médica - criar no Módulo Automação e no Protocolo de Ensaio," Criar no Módulo Automação e no Protocolo de Ensaio os seguintes exames/metodologias: 

1.  Criar o seguinte exame/metodologia no Módulo Automação:
 - Tuberculose / Imunoensaio por Quimioluminescência

2.  Criar os seguintes exames/metodologia no Protocolo de Ensaio
Solicito incluir os exames de sorologia no protocolo de ensaio:
- Febre Amarela, IgG / Enzimaimunoensaio
- Febre Amarela, IgM / Enzimaimunoensaio
- Febre do Nilo Ocidental, IgM / Enzimaimunoensaio
- Encefalite Saint Louis, IgM / Enzimaimunoensaio
","Prezado Donizete

Segue para sua análise, aprovação e seguimento."
108733,Subproj GAL,Demanda,Demanda - Em atendimento,(5430 CGLAB) Módulo Nacional - envio automático das informações laboratoriais do Módulo Animal Vertebrado para o Módulo Nacional,"Criar no Módulo Nacional o envio automático de todas as informações laboratoriais do Módulo Animal Vertebrado das aplicações (29) dos Estados, IEC/SVS/MS e Fiocruz no Módulo Nacional.",Para análise e implementação.
111889,Subproj Hemovida Web,Demanda,Demanda - Elaborar Proposta,PROC - Serviço não consegue fazer o recebimento da bolsa aférese,"*ESCOPO* : O serviço Hemonit/RJ não consegue receber a bolsa B33292401057501 de uma doação de aférese. Na funcionalidade ao informar a bolsa, o sistema informa que a bolsa não foi coletada nesse estabelecimento.

*JUSTIFICATIVA* : Permitir o recebimento da bolsa, conforme previsto na documentação do sistema.

*OBJETIVO* : Correção do problema reportado para que seja possível realizar a liberação da bolsa e encaminhá-la para transfusão.
",Solicitamos atendimento.
123647,Subproj Plataforma Brasil,Demanda,Demanda - Em atendimento,"[PB-2025-040] [454] [457] [458] [462] - O sistema gerou réplica em duplicidade, originada pelo centro coordenador para projetos coparticipantes e participantes.","[CASO 01]

Fomos notificados pela equipe de pesquisa a respeito de problema ocorrido após a aprovação da emenda E4 do centro coordenador. Pois, o sistema gerou réplica em duplicidade para o centro participante CAAE 68697723.4.2009.0096.

DADOS DO PROJETO PARTICIPANTE
Título da Pesquisa: 20210146 - ¿Estudo de Fase 3, Multicêntrico, Duplo-Cego, de Manutenção para Avaliar a Segurança, Tolerabilidade e Eficácia em Longo Prazo do Rocatinlimabe em Participantes Adultos e Adolescentes com Dermatite Atópica (DA) Moderada a Grave (ROCKET-ASCEND)¿
Pesquisador Responsável: lincoln helder zambaldi fabricio
CAAE: 68697723.4.2009.0096
Instituição Participante: CETI - CENTRO DE ESTUDOS EM TERAPIAS INOVADORAS LTDA.

DADOS DO PROJETO COORDENADOR
Título da Pesquisa: 20210146 - ¿Estudo de Fase 3, Multicêntrico, Duplo-Cego, de Manutenção para Avaliar a Segurança, Tolerabilidade e Eficácia em Longo Prazo do Rocatinlimabe em Participantes Adultos e Adolescentes com Dermatite Atópica (DA) Moderada a Grave (ROCKET-ASCEND)¿
Pesquisador Responsável: roberta fachini jardim criado
CAAE: 68697723.4.1001.0082
Instituição Proponente: FUNDACAO DO ABC

SOLUÇÃO A SER ADOTADA:

1.1) Excluir os protocolos ""Ep4"", ""Ep5"", Ep6"", ""Ep7"", ""Ep8"", ""Ep9"", ""Ep10"" e ""Ep11"" (trâmites, apreciações e arquivos) gerados indevidamente em duplicidade pela réplica da emenda ""E4"" do centro coordenador, conforme demonstrado na tela anexada a esta demanda.
1.2) Ajustar a numeração das notificações do projeto, conforme demonstrado na tela anexada a esta demanda:
Np2 (versão 3) deve ser ajustada para Np4;
Np4 (versão 3) deve ser ajustada para Np5;
Np5 (versão 3) deve ser ajustada para Np6;
Np6 (versão 3) deve ser ajustada para Np7;
Np7 (versão 3) deve ser ajustada para Np8;
Np8 (versão 3) deve ser ajustada para Np9;
Np9 (versão 3) deve ser ajustada para Np10;
Np10 (versão 3) deve ser ajustada para Np11;
Np11 (versão 3) deve ser ajustada para Np12;
Np12 (versão 3) deve ser ajustada para Np13;
Np13 (versão 3) deve ser ajustada para Np14;
Np14 (versão 3) deve ser ajustada para Np15;
Np15 (versão 3) deve ser ajustada para Np16;
Np11 (versão 5) deve ser ajustada para Np17;

[CASO 02]?

Fomos notificados pela equipe de pesquisa a respeito de problema ocorrido após a aprovação das emendas E7, E8, E9, E10 e E11 do centro coordenador. Pois, o sistema gerou réplicas em duplicidade para o centro coparticipante CAAE 66888423.4.3022.5413.

DADOS DO PROJETO COPARTICIPANTE
Título da Pesquisa: Estudo latino-americano de resultados cirúrgicos em pacientes pediátricos (LASOS-Peds)
Pesquisador Responsável: Vinicius Caldeira Quintao
CAAE: 66888423.4.3022.5413
Instituição Coparticipante: IRMANDADE DA SANTA CASA DE MISERICORIDA DE MARILIA

DADOS DO PROJETO COORDENADOR
Título da Pesquisa: Estudo latino-americano de resultados cirúrgicos em pacientes pediátricos (LASOS-Peds)
Pesquisador Responsável: Vinicius Caldeira Quintao
CAAE: 66888423.4.1001.0068
Instituição Proponente: Hospital das Clínicas da Faculdade de Medicina da USP

SOLUÇÃO A SER ADOTADA:

2.1) Excluir os protocolos Ec7 (origem na E7), Ec7 (origem na E8), Ec8 (origem na E8), Ec9 (origem na E8), Ec11 (origem na E9 - exibida 2 vezes), Ec12 (origem na E9 - exibida 2 vezes), Ec13 (origem na E9), Ec14 (origem na E10), Ec16 (origem na E11), Ec17 (origem na E11) e Ec18 (origem na E11), seus respectivos trâmites, apreciações e arquivos, gerados indevidamente em duplicidade pela réplica das emendas E7, E8, E9, E10 e E11 do centro coordenador, conforme demonstrado na tela anexada a esta demanda.
2.2) Ajustar a numeração das emendas do projeto, conforme demonstrado na tela anexada a esta demanda:
Ec8 (origem na E8) deve ser ajustada para Ec7;
Ec10 (origem na E9) deve ser ajustada para Ec8;
Ec13 (origem na E10) deve ser ajustada para Ec9;
Ec15 (origem na E11) deve ser ajustada para Ec10;
Ec19 (origem na E12) deve ser ajustada para Ec11;

[CASO 03]

Fomos notificados pela equipe de pesquisa a respeito de problema ocorrido após a aprovação da emenda E4 do centro coordenador. Pois, o sistema gerou réplicas em duplicidade para o centro participante CAAE 68697723.4.2004.5567.

DADOS DO PROJETO PARTICIPANTE
Título da Pesquisa: 20210146 - ¿Estudo de Fase 3, Multicêntrico, Duplo-Cego, de Manutenção para Avaliar a Segurança, Tolerabilidade e Eficácia em Longo Prazo do Rocatinlimabe em Participantes Adultos e Adolescentes com Dermatite Atópica (DA) Moderada a Grave (ROCKET-ASCEND)¿
Pesquisador Responsável: LUIS FELIPE CHIAVERINI ENSINA
CAAE: 68697723.4.2004.5567
Instituição Participante: ALERGOALFA - NUCLEO DE DIAGNOSTICO, TRATAMENTO E PESQUISA CLINICA EM ALERGIA LTD

DADOS DO PROJETO COORDENADOR
Título da Pesquisa: 20210146 - ¿Estudo de Fase 3, Multicêntrico, Duplo-Cego, de Manutenção para Avaliar a Segurança, Tolerabilidade e Eficácia em Longo Prazo do Rocatinlimabe em Participantes Adultos e Adolescentes com Dermatite Atópica (DA) Moderada a Grave (ROCKET-ASCEND)¿
Pesquisador Responsável: roberta fachini jardim criado
CAAE: 68697723.4.1001.0082
Instituição Proponente: FUNDACAO DO ABC

SOLUÇÃO A SER ADOTADA:

3.1) Excluir os protocolos Ep4, Ep5, Ep6, Ep7, Ep8, Ep9, Ep10, Ep11 (trâmites, apreciações e arquivos) gerados indevidamente em duplicidade pela réplica da emenda ""E4"" do centro coordenador, conforme demonstrado na tela anexada a esta demanda.
3.2) Ajustar a numeração das notificações do projeto, conforme demonstrado na tela anexada a esta demanda:
Np2 (versão 3) deve ser ajustada para Np3;
Np3 (versão 3) deve ser ajustada para Np4;
Np4 (versão 3) deve ser ajustada para Np5;
Np5 (versão 3) deve ser ajustada para Np6;
Np6 (versão 3) deve ser ajustada para Np7;
Np7 (versão 3) deve ser ajustada para Np8;
Np11 (versão 4) deve ser ajustada para Np9;
Np12 (versão 4) deve ser ajustada para Np10;
Np13 (versão 4) deve ser ajustada para Np11;

[CASO 04]

Fomos notificados pela equipe de pesquisa a respeito de problema ocorrido após a aprovação da emenda E4 do centro coordenador. Pois, o sistema gerou réplicas em duplicidade para o centro participante CAAE 68697723.4.2002.5327.

DADOS DO PROJETO PARTICIPANTE
Título da Pesquisa: 20210146 - ¿Estudo de Fase 3, Multicêntrico, Duplo-Cego, de Manutenção para Avaliar a Segurança, Tolerabilidade e Eficácia em Longo Prazo do Rocatinlimabe em Participantes Adultos e Adolescentes com Dermatite Atópica (DA) Moderada a Grave (ROCKET-ASCEND)¿
Pesquisador Responsável: TANIA FERREIRA CESTARI
CAAE: 68697723.4.2002.5327
Instituição Participante: HOSPITAL DE CLINICAS DE PORTO ALEGRE

DADOS DO PROJETO COORDENADOR
Título da Pesquisa: 20210146 - ¿Estudo de Fase 3, Multicêntrico, Duplo-Cego, de Manutenção para Avaliar a Segurança, Tolerabilidade e Eficácia em Longo Prazo do Rocatinlimabe em Participantes Adultos e Adolescentes com Dermatite Atópica (DA) Moderada a Grave (ROCKET-ASCEND)¿
Pesquisador Responsável: roberta fachini jardim criado
CAAE: 68697723.4.1001.0082
Instituição Proponente: FUNDACAO DO ABC

SOLUÇÃO A SER ADOTADA:

4.1) Excluir os protocolos Ep5, Ep6, Ep7, Ep8, Ep9, Ep10, Ep11 e Ep12 (trâmites, apreciações e arquivos) gerados indevidamente em duplicidade pela réplica da emenda ""E4"" do centro coordenador, conforme demonstrado na tela anexada a esta demanda.
4.2) Ajustar a numeração das notificações do projeto, conforme demonstrado na tela anexada a esta demanda:
Np4 (versão 4) deve ser ajustada para Np17;
Np5 (versão 4) deve ser ajustada para Np18;

[CASO 05]

Fomos notificados pela equipe de pesquisa a respeito de problema ocorrido após a aprovação da emenda E4 do centro coordenador. Pois, o sistema gerou réplica em duplicidade para o centro participante CAAE 68697723.4.2003.5599.

DADOS DO PROJETO PARTICIPANTE
Título da Pesquisa: 20210146 - ¿Estudo de Fase 3, Multicêntrico, Duplo-Cego, de Manutenção para Avaliar a Segurança, Tolerabilidade e Eficácia em Longo Prazo do Rocatinlimabe em Participantes Adultos e Adolescentes com Dermatite Atópica (DA) Moderada a Grave (ROCKET-ASCEND)¿
Pesquisador Responsável: Martti Anton Antila
CAAE: 68697723.4.2003.5599
Instituição Participante: CLINICA DE ALERGIA MARTTI ANTILA S/S LTDA.

DADOS DO PROJETO COORDENADOR
Título da Pesquisa: 20210146 - ¿Estudo de Fase 3, Multicêntrico, Duplo-Cego, de Manutenção para Avaliar a Segurança, Tolerabilidade e Eficácia em Longo Prazo do Rocatinlimabe em Participantes Adultos e Adolescentes com Dermatite Atópica (DA) Moderada a Grave (ROCKET-ASCEND)¿
Pesquisador Responsável: roberta fachini jardim criado
CAAE: 68697723.4.1001.0082
Instituição Proponente: FUNDACAO DO ABC

SOLUÇÃO A SER ADOTADA:

5.1) Excluir os protocolos Ep4, Ep5, Ep6, Ep7, Ep8, Ep9, Ep10 e Ep11 (trâmites, apreciações e arquivos) gerados indevidamente em duplicidade pela réplica da emenda E4 do centro coordenador, conforme demonstrado na tela anexada a esta demanda.

5.2) Ajustar a numeração das notificações do projeto, conforme demonstrado na tela anexada a esta demanda:
Np1 (versão 2) deve ser ajustada para Np3;
Np2 (versão 2) deve ser ajustada para Np4;
Np3 (versão 2) deve ser ajustada para Np5;
Np2 (versão 3) deve ser ajustada para Np6;
Np3 (versão 3) deve ser ajustada para Np7;
Np4 (versão 3) deve ser ajustada para Np8;
Np5 (versão 3) deve ser ajustada para Np9;
Np6 (versão 3) deve ser ajustada para Np10;
Np7 (versão 3) deve ser ajustada para Np11;
Np8 (versão 3) deve ser ajustada para Np12;
Np9 (versão 3) deve ser ajustada para Np13;
Np10 (versão 3) deve ser ajustada para Np14;
Np11 (versão 3) deve ser ajustada para Np15;
Np12 (versão 3) deve ser ajustada para Np16;
Np13 (versão 3) deve ser ajustada para Np17;
Np14 (versão 3) deve ser ajustada para Np18;
Np11 (versão 4) deve ser ajustada para Np19;

[CASO 06]

Fomos notificados pela equipe de pesquisa a respeito de problema ocorrido após a aprovação da emenda E4 do centro coordenador. Pois, o sistema gerou réplica em duplicidade para o centro participante CAAE 68697723.4.2005.5304.

DADOS DO PROJETO PARTICIPANTE
Título da Pesquisa: 20210146 - ¿Estudo de Fase 3, Multicêntrico, Duplo-Cego, de Manutenção para Avaliar a Segurança, Tolerabilidade e Eficácia em Longo Prazo do Rocatinlimabe em Participantes Adultos e Adolescentes com Dermatite Atópica (DA) Moderada a Grave (ROCKET-ASCEND)¿
Pesquisador Responsável: RENATA HECK
CAAE: 68697723.4.2005.5304
Instituição Participante: ASSOCIACAO DOS FUNCIONARIOS PUBLICOS DO ESTADO DO RGSUL

DADOS DO PROJETO COORDENADOR
Título da Pesquisa: 20210146 - ¿Estudo de Fase 3, Multicêntrico, Duplo-Cego, de Manutenção para Avaliar a Segurança, Tolerabilidade e Eficácia em Longo Prazo do Rocatinlimabe em Participantes Adultos e Adolescentes com Dermatite Atópica (DA) Moderada a Grave (ROCKET-ASCEND)¿
Pesquisador Responsável: roberta fachini jardim criado
CAAE: 68697723.4.1001.0082
Instituição Proponente: FUNDACAO DO ABC

SOLUÇÃO A SER ADOTADA:

6.1) Excluir os protocolos Ep4, Ep5, Ep6, Ep7, Ep8, Ep9, Ep10 e Ep11 (trâmites, apreciações e arquivos) gerados indevidamente em duplicidade pela réplica da emenda E4 do centro coordenador, conforme demonstrado na tela anexada a esta demanda.
6.2) Ajustar a numeração das notificações do projeto, conforme demonstrado na tela anexada a esta demanda:
Np2 (versão 3) deve ser ajustada para Np3;
Np3 (versão 3) deve ser ajustada para Np4;
Np4 (versão 3) deve ser ajustada para Np5;
Np5 (versão 3) deve ser ajustada para Np6;
Np6 (versão 3) deve ser ajustada para Np7;
Np7 (versão 3) deve ser ajustada para Np8;
Np8 (versão 3) deve ser ajustada para Np9;
Np9 (versão 3) deve ser ajustada para Np10;
Np10 (versão 3) deve ser ajustada para Np11;
Np11 (versão 3) deve ser ajustada para Np12;
Np12 (versão 3) deve ser ajustada para Np13;
Np13 (versão 3) deve ser ajustada para Np14;
Np14 (versão 3) deve ser ajustada para Np15;
Np15 (versão 3) deve ser ajustada para Np16;
Np11 (versão 12) deve ser ajustada para Np17;

[CASO 07]

Fomos notificados pela equipe de pesquisa a respeito de problema ocorrido após a aprovação da emenda E4 do centro coordenador. Pois, o sistema gerou réplica em duplicidade para o centro participante CAAE 68697723.4.2007.5533.

DADOS DO PROJETO PARTICIPANTE
Título da Pesquisa: 20210146 - ¿Estudo de Fase 3, Multicêntrico, Duplo-Cego, de Manutenção para Avaliar a Segurança, Tolerabilidade e Eficácia em Longo Prazo do Rocatinlimabe em Participantes Adultos e Adolescentes com Dermatite Atópica (DA) Moderada a Grave (ROCKET-ASCEND)¿
Pesquisador Responsável: JAQUELINE BARBEITO DE VASCONCELLOS
CAAE: 68697723.4.2007.5533
Instituição Participante: INSTITUTO BRASIL DE PESQUISA CLINICA S.A

DADOS DO PROJETO COORDENADOR
Título da Pesquisa: 20210146 - ¿Estudo de Fase 3, Multicêntrico, Duplo-Cego, de Manutenção para Avaliar a Segurança, Tolerabilidade e Eficácia em Longo Prazo do Rocatinlimabe em Participantes Adultos e Adolescentes com Dermatite Atópica (DA) Moderada a Grave (ROCKET-ASCEND)¿
Pesquisador Responsável: roberta fachini jardim criado
CAAE: 68697723.4.1001.0082
Instituição Proponente: FUNDACAO DO ABC

SOLUÇÃO A SER ADOTADA:

7.1) Excluir os protocolos Ep4, Ep5, Ep6, Ep7, Ep8, Ep9, Ep10 e Ep11 (trâmites, apreciações e arquivos) gerados indevidamente em duplicidade pela réplica da emenda E4 do centro coordenador, conforme demonstrado na tela anexada a esta demanda.
7.2) Ajustar a numeração das notificações do projeto, conforme demonstrado na tela anexada a esta demanda:
Np2 (versão 3) deve ser ajustada para Np3;
Np3 (versão 3) deve ser ajustada para Np4;
Np4 (versão 3) deve ser ajustada para Np5;
Np5 (versão 3) deve ser ajustada para Np6;
Np6 (versão 3) deve ser ajustada para Np7;
Np7 (versão 3) deve ser ajustada para Np8;
Np8 (versão 3) deve ser ajustada para Np9;
Np9 (versão 3) deve ser ajustada para Np10;
Np10 (versão 3) deve ser ajustada para Np11;
Np11 (versão 3) deve ser ajustada para Np12;
Np12 (versão 3) deve ser ajustada para Np13;
Np13 (versão 3) deve ser ajustada para Np14;
Np14 (versão 3) deve ser ajustada para Np15;
Np15 (versão 3) deve ser ajustada para Np16;
Np11 (versão 12) deve ser ajustada para Np17;

[CASO 08]

Fomos notificados pela equipe de pesquisa a respeito de problema ocorrido após a aprovação da emenda E4 do centro coordenador. Pois, o sistema gerou réplica em duplicidade para o centro participante CAAE 68697723.4.2010.0082.

DADOS DO PROJETO PARTICIPANTE
Título da Pesquisa: 20210146 - ¿Estudo de Fase 3, Multicêntrico, Duplo-Cego, de Manutenção para Avaliar a Segurança, Tolerabilidade e Eficácia em Longo Prazo do Rocatinlimabe em Participantes Adultos e Adolescentes com Dermatite Atópica (DA) Moderada a Grave (ROCKET-ASCEND)¿
Pesquisador Responsável: PAULO RICARDO CRIADO
CAAE: 68697723.4.2010.0082
Instituição Participante: CEMEC - CENTRO MULTIDISCIPLINAR DE ESTUDOS CLINICOS LTDA - EPP

DADOS DO PROJETO COORDENADOR
Título da Pesquisa: 20210146 - ¿Estudo de Fase 3, Multicêntrico, Duplo-Cego, de Manutenção para Avaliar a Segurança, Tolerabilidade e Eficácia em Longo Prazo do Rocatinlimabe em Participantes Adultos e Adolescentes com Dermatite Atópica (DA) Moderada a Grave (ROCKET-ASCEND)¿
Pesquisador Responsável: roberta fachini jardim criado
CAAE: 68697723.4.1001.0082
Instituição Proponente: FUNDACAO DO ABC

SOLUÇÃO A SER ADOTADA:

8.1) Excluir os protocolos Ep4, Ep5, Ep6, Ep7, Ep8, Ep9, Ep10 e Ep11 (trâmites, apreciações e arquivos) gerados indevidamente em duplicidade pela réplica da emenda E4 do centro coordenador, conforme demonstrado na tela anexada a esta demanda.
8.2) Ajustar a numeração das notificações do projeto, conforme demonstrado na tela anexada a esta demanda:
Np11 (versão 4) deve ser ajustada para Np22;
Np12 (versão 4) deve ser ajustada para Np23;

[CASO 09]

Fomos notificados pela equipe de pesquisa a respeito de problema ocorrido após a aprovação da emenda E4 do centro coordenador. Pois, o sistema gerou réplica em duplicidade para o centro participante CAAE 68697723.4.2011.5061.

DADOS DO PROJETO PARTICIPANTE
Título da Pesquisa: 20210146 - ¿Estudo de Fase 3, Multicêntrico, Duplo-Cego, de Manutenção para Avaliar a Segurança, Tolerabilidade e Eficácia em Longo Prazo do Rocatinlimabe em Participantes Adultos e Adolescentes com Dermatite Atópica (DA) Moderada a Grave (ROCKET-ASCEND)¿
Pesquisador Responsável: KATIA APARECIDA NUNES FARIA GOMES
CAAE: 68697723.4.2011.5061
Instituição Participante: CEDOES - Centro de Diagnostico e Pesquisa da Osteoporose do Espirito Santo Ltda

DADOS DO PROJETO COORDENADOR
Título da Pesquisa: 20210146 - ¿Estudo de Fase 3, Multicêntrico, Duplo-Cego, de Manutenção para Avaliar a Segurança, Tolerabilidade e Eficácia em Longo Prazo do Rocatinlimabe em Participantes Adultos e Adolescentes com Dermatite Atópica (DA) Moderada a Grave (ROCKET-ASCEND)¿
Pesquisador Responsável: roberta fachini jardim criado
CAAE: 68697723.4.1001.0082
Instituição Proponente: FUNDACAO DO ABC

SOLUÇÃO A SER ADOTADA:

9.1) Excluir os protocolos Ep4, Ep5, Ep6, Ep7, Ep8, Ep9, Ep10 e Ep11 (trâmites, apreciações e arquivos) gerados indevidamente em duplicidade pela réplica da emenda E4 do centro coordenador, conforme demonstrado na tela anexada a esta demanda.
9.2) Ajustar a numeração das notificações do projeto, conforme demonstrado na tela anexada a esta demanda:
Np1 (versão 4) deve ser ajustada para Np4;
Np2 (versão 5) deve ser ajustada para Np5;
Np3 (versão 5) deve ser ajustada para Np6;
Np4 (versão 5) deve ser ajustada para Np7;
Np5 (versão 5) deve ser ajustada para Np8;
Np6 (versão 5) deve ser ajustada para Np9;
Np7 (versão 5) deve ser ajustada para Np10;
Np8 (versão 5) deve ser ajustada para Np11;
Np11 (versão 6) deve ser ajustada para Np12;

[CASO 10]

Fomos notificados pela equipe de pesquisa a respeito de problema ocorrido após a aprovação da emenda E4 do centro coordenador. Pois, o sistema gerou réplica em duplicidade para o centro participante CAAE 68697723.4.2012.0068.

DADOS DO PROJETO PARTICIPANTE
Título da Pesquisa: 20210146 - ¿Estudo de Fase 3, Multicêntrico, Duplo-Cego, de Manutenção para Avaliar a Segurança, Tolerabilidade e Eficácia em Longo Prazo do Rocatinlimabe em Participantes Adultos e Adolescentes com Dermatite Atópica (DA) Moderada a Grave (ROCKET-ASCEND)¿
Pesquisador Responsável: RAQUEL LEAO ORFALICAAE: 68697723.4.2012.0068
Instituição Participante: Hospital das Clínicas da Faculdade de Medicina da USP

DADOS DO PROJETO COORDENADOR
Título da Pesquisa: 20210146 - ¿Estudo de Fase 3, Multicêntrico, Duplo-Cego, de Manutenção para Avaliar a Segurança, Tolerabilidade e Eficácia em Longo Prazo do Rocatinlimabe em Participantes Adultos e Adolescentes com Dermatite Atópica (DA) Moderada a Grave (ROCKET-ASCEND)¿
Pesquisador Responsável: roberta fachini jardim criado
CAAE: 68697723.4.1001.0082
Instituição Proponente: FUNDACAO DO ABC

SOLUÇÃO A SER ADOTADA:

10.1) Excluir os protocolos Ep4, Ep5, Ep6, Ep7, Ep8, Ep9, Ep10 e Ep11 (trâmites, apreciações e arquivos) gerados indevidamente em duplicidade pela réplica da emenda E4 do centro coordenador, conforme demonstrado na tela anexada a esta demanda.

[CASO 11]

Fomos notificados pela equipe de pesquisa a respeito de problema ocorrido após a aprovação da emenda E4 do centro coordenador. Pois, o sistema gerou réplica em duplicidade para o centro participante CAAE 68697723.4.2014.5027.

DADOS DO PROJETO PARTICIPANTE
Título da Pesquisa: 20210146 - ¿Estudo de Fase 3, Multicêntrico, Duplo-Cego, de Manutenção para Avaliar a Segurança, Tolerabilidade e Eficácia em Longo Prazo do Rocatinlimabe em Participantes Adultos e Adolescentes com Dermatite Atópica (DA) Moderada a Grave (ROCKET-ASCEND)¿
Pesquisador Responsável: GLEISON VIEIRA DUARTE
CAAE: 68697723.4.2014.5027
Instituição Participante: CLINICA IBIS - MEDICINA, REUMATOLOGIA E DERMATOLOGIA LTDA

DADOS DO PROJETO COORDENADOR
Título da Pesquisa: 20210146 - ¿Estudo de Fase 3, Multicêntrico, Duplo-Cego, de Manutenção para Avaliar a Segurança, Tolerabilidade e Eficácia em Longo Prazo do Rocatinlimabe em Participantes Adultos e Adolescentes com Dermatite Atópica (DA) Moderada a Grave (ROCKET-ASCEND)¿
Pesquisador Responsável: roberta fachini jardim criado
CAAE: 68697723.4.1001.0082
Instituição Proponente: FUNDACAO DO ABC

SOLUÇÃO A SER ADOTADA:

11.1) Excluir os protocolos Ep4, Ep5, Ep6, Ep7, Ep8, Ep9, e Ep10 (trâmites, apreciações e arquivos) gerados indevidamente em duplicidade pela réplica da emenda E4 do centro coordenador, conforme demonstrado na tela anexada a esta demanda.
11.2) Ajustar a numeração das notificações do projeto, conforme demonstrado na tela anexada a esta demanda:
Np5 (versão 2) deve ser ajustada para Np2;
Np2 (versão 3) deve ser ajustada para Np3;
Np3 (versão 3) deve ser ajustada para Np4;
Np4 (versão 3) deve ser ajustada para Np5;
Np5 (versão 3) deve ser ajustada para Np6;
Np6 (versão 3) deve ser ajustada para Np7;
Np7 (versão 3) deve ser ajustada para Np8;
Np8 (versão 3) deve ser ajustada para Np9;
Np9 (versão 3) deve ser ajustada para Np10;
Np10 (versão 3) deve ser ajustada para Np11;
Np11 (versão 3) deve ser ajustada para Np12;
Np11 (versão 4) deve ser ajustada para Np13;
Np12 (versão 4) deve ser ajustada para Np14;

[CASO 12]

DADOS DO PROJETO PARTICIPANTE
Título da Pesquisa: 20210146 - ¿Estudo de Fase 3, Multicêntrico, Duplo-Cego, de Manutenção para Avaliar a Segurança, Tolerabilidade e Eficácia em Longo Prazo do Rocatinlimabe em Participantes Adultos e Adolescentes com Dermatite Atópica (DA) Moderada a Grave (ROCKET-ASCEND)¿
Pesquisador Responsável: FERNANDA PINTO CALDEIRA
CAAE: 68697723.4.2015.0077
Instituição Participante: MAP CLINICA MEDICA DE ENDOCRINOLOGIA LTDA

DADOS DO PROJETO COORDENADOR
Título da Pesquisa: 20210146 - ¿Estudo de Fase 3, Multicêntrico, Duplo-Cego, de Manutenção para Avaliar a Segurança, Tolerabilidade e Eficácia em Longo Prazo do Rocatinlimabe em Participantes Adultos e Adolescentes com Dermatite Atópica (DA) Moderada a Grave (ROCKET-ASCEND)¿
Pesquisador Responsável: roberta fachini jardim criado
CAAE: 68697723.4.1001.0082
Instituição Proponente: FUNDACAO DO ABC

SOLUÇÃO A SER ADOTADA:

12.1) Excluir os protocolos Ep4, Ep5, Ep6, Ep7, Ep8, Ep9, Ep10 e Ep11 (trâmites, apreciações e arquivos) gerados indevidamente em duplicidade pela réplica da emenda E4 do centro coordenador, conforme demonstrado na tela anexada a esta demanda.
12.2) Ajustar a numeração das notificações do projeto, conforme demonstrado na tela anexada a esta demanda:
Np2 (versão 4) deve ser ajustada para Np3;
Np3 (versão 4) deve ser ajustada para Np4;
Np4 (versão 4) deve ser ajustada para Np5;
Np5 (versão 4) deve ser ajustada para Np6;
Np6 (versão 4) deve ser ajustada para Np7;
Np7 (versão 4) deve ser ajustada para Np8;
Np8 (versão 4) deve ser ajustada para Np9;
Np9 (versão 4) deve ser ajustada para Np10;
Np10 (versão 4) deve ser ajustada para Np11;
Np11 (versão 4) deve ser ajustada para Np12;
Np12 (versão 4) deve ser ajustada para Np13;
Np11 (versão 5) deve ser ajustada para Np14;
Np11 (versão 7) deve ser ajustada para Np15;

[CASO 13]

DADOS DO PROJETO PARTICIPANTE
Título da Pesquisa: 20210146 - ¿Estudo de Fase 3, Multicêntrico, Duplo-Cego, de Manutenção para Avaliar a Segurança, Tolerabilidade e Eficácia em Longo Prazo do Rocatinlimabe em Participantes Adultos e Adolescentes com Dermatite Atópica (DA) Moderada a Grave (ROCKET-ASCEND)¿
Pesquisador Responsável: SILMARA DA COSTA PEREIRA CESTARI
CAAE: 68697723.4.2016.5461
Instituição Participante: Sociedade Beneficente de Senhoras Hospital Sírio-Libanês

DADOS DO PROJETO COORDENADOR
Título da Pesquisa: 20210146 - ¿Estudo de Fase 3, Multicêntrico, Duplo-Cego, de Manutenção para Avaliar a Segurança, Tolerabilidade e Eficácia em Longo Prazo do Rocatinlimabe em Participantes Adultos e Adolescentes com Dermatite Atópica (DA) Moderada a Grave (ROCKET-ASCEND)¿
Pesquisador Responsável: roberta fachini jardim criado
CAAE: 68697723.4.1001.0082
Instituição Proponente: FUNDACAO DO ABC

SOLUÇÃO A SER ADOTADA:

13.1) Excluir os protocolos Ep4, Ep5, Ep6, Ep7, Ep8, Ep9, Ep10 e Ep11 (trâmites, apreciações e arquivos) gerados indevidamente em duplicidade pela réplica da emenda E4 do centro coordenador, conforme demonstrado na tela anexada a esta demanda.
13.2) Ajustar a numeração das notificações do projeto, conforme demonstrado na tela anexada a esta demanda:
Np2 (versão 3) deve ser ajustada para Np4;
Np3 (versão 3) deve ser ajustada para Np5;
Np4 (versão 3) deve ser ajustada para Np6;
Np5 (versão 3) deve ser ajustada para Np7;
Np6 (versão 3) deve ser ajustada para Np8;
Np7 (versão 3) deve ser ajustada para Np9;
Np8 (versão 3) deve ser ajustada para Np10;
Np9 (versão 3) deve ser ajustada para Np11;
Np10 (versão 3) deve ser ajustada para Np12;
Np11 (versão 3) deve ser ajustada para Np13;
Np12 (versão 3) deve ser ajustada para Np14;
Np13 (versão 3) deve ser ajustada para Np15;
Np11 (versão 5) deve ser ajustada para Np16;

[CASO 14]

DADOS DO PROJETO PARTICIPANTE
Título da Pesquisa: 20210146 - ¿Estudo de Fase 3, Multicêntrico, Duplo-Cego, de Manutenção para Avaliar a Segurança, Tolerabilidade e Eficácia em Longo Prazo do Rocatinlimabe em Participantes Adultos e Adolescentes com Dermatite Atópica (DA) Moderada a Grave (ROCKET-ASCEND)¿
Pesquisador Responsável: eliana cristina toledo
CAAE: 68697723.4.2017.5415
Instituição Participante: FUNDACAO FACULDADE REGIONAL DE MEDICINA S J RIO PRETO

DADOS DO PROJETO COORDENADOR
Título da Pesquisa: 20210146 - ¿Estudo de Fase 3, Multicêntrico, Duplo-Cego, de Manutenção para Avaliar a Segurança, Tolerabilidade e Eficácia em Longo Prazo do Rocatinlimabe em Participantes Adultos e Adolescentes com Dermatite Atópica (DA) Moderada a Grave (ROCKET-ASCEND)¿
Pesquisador Responsável: roberta fachini jardim criado
CAAE: 68697723.4.1001.0082
Instituição Proponente: FUNDACAO DO ABC

SOLUÇÃO A SER ADOTADA:

14.1) Excluir os protocolos Ep4, Ep5, Ep6, Ep7, Ep8, Ep9, Ep10 e Ep11 (trâmites, apreciações e arquivos) gerados indevidamente em duplicidade pela réplica da emenda E4 do centro coordenador, conforme demonstrado na tela anexada a esta demanda.
14.2) Ajustar a numeração das notificações do projeto, conforme demonstrado na tela anexada a esta demanda:
Np11 (versão 5) deve ser ajustada para Np12;
Np11 (versão 9) deve ser ajustada para Np13;

[CASO 15]

DADOS DO PROJETO PARTICIPANTE
Título da Pesquisa: 20210146 - ¿Estudo de Fase 3, Multicêntrico, Duplo-Cego, de Manutenção para Avaliar a Segurança, Tolerabilidade e Eficácia em Longo Prazo do Rocatinlimabe em Participantes Adultos e Adolescentes com Dermatite Atópica (DA) Moderada a Grave (ROCKET-ASCEND)¿
Pesquisador Responsável: Magda Blessmann Weber
CAAE: 68697723.4.2018.5335
Instituição Participante: Irmandade da Santa Casa de Misericordia de Porto Alegre - ISCMPA

DADOS DO PROJETO COORDENADOR
Título da Pesquisa: 20210146 - ¿Estudo de Fase 3, Multicêntrico, Duplo-Cego, de Manutenção para Avaliar a Segurança, Tolerabilidade e Eficácia em Longo Prazo do Rocatinlimabe em Participantes Adultos e Adolescentes com Dermatite Atópica (DA) Moderada a Grave (ROCKET-ASCEND)¿
Pesquisador Responsável: roberta fachini jardim criado
CAAE: 68697723.4.1001.0082
Instituição Proponente: FUNDACAO DO ABC

SOLUÇÃO A SER ADOTADA:
15.1) Excluir os protocolos Ep4, Ep5, Ep6, Ep7, Ep8, Ep9, Ep10 e Ep11 (trâmites, apreciações e arquivos) gerados indevidamente em duplicidade pela réplica da emenda E4 do centro coordenador, conforme demonstrado na tela anexada a esta demanda.
15.2) Ajustar a numeração das notificações do projeto, conforme demonstrado na tela anexada a esta demanda:
Np2 (versão 3) deve ser ajustada para Np3;
Np3 (versão 3) deve ser ajustada para Np4;
Np4 (versão 3) deve ser ajustada para Np5;
Np5 (versão 3) deve ser ajustada para Np6;
Np6 (versão 3) deve ser ajustada para Np7;
Np7 (versão 3) deve ser ajustada para Np8;
Np8 (versão 3) deve ser ajustada para Np9;
Np9 (versão 3) deve ser ajustada para Np10;
Np10 (versão 3) deve ser ajustada para Np11;
Np11 (versão 3) deve ser ajustada para Np12;
Np12 (versão 3) deve ser ajustada para Np13;
Np13 (versão 3) deve ser ajustada para Np14;
Np14 (versão 3) deve ser ajustada para Np15;
Np15 (versão 3) deve ser ajustada para Np16;
Np16 (versão 3) deve ser ajustada para Np17;
Np11 (versão 5) deve ser ajustada para Np18;

[CASO 16]

DADOS DO PROJETO PARTICIPANTE
Título da Pesquisa: 20210146 - ¿Estudo de Fase 3, Multicêntrico, Duplo-Cego, de Manutenção para Avaliar a Segurança, Tolerabilidade e Eficácia em Longo Prazo do Rocatinlimabe em Participantes Adultos e Adolescentes com Dermatite Atópica (DA) Moderada a Grave (ROCKET-ASCEND)¿
Pesquisador Responsável: Fátima Rodrigues Fernandes
CAAE: 68697723.4.2019.5567
Instituição Participante: INSTITUTO DE PESQUISA PENSI

DADOS DO PROJETO COORDENADOR
Título da Pesquisa: 20210146 - ¿Estudo de Fase 3, Multicêntrico, Duplo-Cego, de Manutenção para Avaliar a Segurança, Tolerabilidade e Eficácia em Longo Prazo do Rocatinlimabe em Participantes Adultos e Adolescentes com Dermatite Atópica (DA) Moderada a Grave (ROCKET-ASCEND)¿
Pesquisador Responsável: roberta fachini jardim criado
CAAE: 68697723.4.1001.0082
Instituição Proponente: FUNDACAO DO ABC

SOLUÇÃO A SER ADOTADA:

16.1) Excluir os protocolos Ep4, Ep5, Ep6, Ep7, Ep8, Ep9, Ep10 e Ep11 (trâmites, apreciações e arquivos) gerados indevidamente em duplicidade pela réplica da emenda E4 do centro coordenador, conforme demonstrado na tela anexada a esta demanda.

[CASO 17]

DADOS DO PROJETO PARTICIPANTE
Título da Pesquisa: 20210146 - ¿Estudo de Fase 3, Multicêntrico, Duplo-Cego, de Manutenção para Avaliar a Segurança, Tolerabilidade e Eficácia em Longo Prazo do Rocatinlimabe em Participantes Adultos e Adolescentes com Dermatite Atópica (DA) Moderada a Grave (ROCKET-ASCEND)¿
Pesquisador Responsável: Herberto Jose Chong Neto
CAAE: 68697723.4.2021.0096
Instituição Participante: Hospital de Clínicas da Universidade Federal do Paraná

DADOS DO PROJETO COORDENADOR
Título da Pesquisa: 20210146 - ¿Estudo de Fase 3, Multicêntrico, Duplo-Cego, de Manutenção para Avaliar a Segurança, Tolerabilidade e Eficácia em Longo Prazo do Rocatinlimabe em Participantes Adultos e Adolescentes com Dermatite Atópica (DA) Moderada a Grave (ROCKET-ASCEND)¿
Pesquisador Responsável: roberta fachini jardim criado
CAAE: 68697723.4.1001.0082
Instituição Proponente: FUNDACAO DO ABC

SOLUÇÃO A SER ADOTADA:

17.1) Excluir os protocolos Ep2, Ep3, Ep4, Ep5, Ep6, Ep7, Ep8 e Ep9 (trâmites, apreciações e arquivos) gerados indevidamente em duplicidade pela réplica da emenda E4 do centro coordenador, conforme demonstrado na tela anexada a esta demanda.
17.2) Ajustar a numeração das notificações do projeto, conforme demonstrado na tela anexada a esta demanda:
Np11 (versão 4) deve ser ajustada para Np1;
Np12 (versão 4) deve ser ajustada para Np2;

[CASO 18]

DADOS DO PROJETO PARTICIPANTE
Título da Pesquisa: 20210146 - ¿Estudo de Fase 3, Multicêntrico, Duplo-Cego, de Manutenção para Avaliar a Segurança, Tolerabilidade e Eficácia em Longo Prazo do Rocatinlimabe em Participantes Adultos e Adolescentes com Dermatite Atópica (DA) Moderada a Grave (ROCKET-ASCEND)¿
Pesquisador Responsável: Rotsen Caetano Sampaio Martins Frade
CAAE: 68697723.4.2022.5093
Instituição Participante: INSTITUTO MINEIRO DE EDUCACAO E CULTURA UNI-BH S/A

DADOS DO PROJETO COORDENADOR
Título da Pesquisa: 20210146 - ¿Estudo de Fase 3, Multicêntrico, Duplo-Cego, de Manutenção para Avaliar a Segurança, Tolerabilidade e Eficácia em Longo Prazo do Rocatinlimabe em Participantes Adultos e Adolescentes com Dermatite Atópica (DA) Moderada a Grave (ROCKET-ASCEND)¿
Pesquisador Responsável: roberta fachini jardim criado
CAAE: 68697723.4.1001.0082
Instituição Proponente: FUNDACAO DO ABC

SOLUÇÃO A SER ADOTADA:

18.1) Excluir os protocolos Ep2, Ep3, Ep4, Ep5, Ep6, Ep7, Ep8 e Ep9 (trâmites, apreciações e arquivos) gerados indevidamente em duplicidade pela réplica da emenda E4 do centro coordenador, conforme demonstrado na tela anexada a esta demanda.
18.2) Ajustar a numeração das notificações do projeto, conforme demonstrado na tela anexada a esta demanda:
Np11 (versão 4) deve ser ajustada para Np1;
Np12 (versão 4) deve ser ajustada para Np2;

[CASO 19]

DADOS DO PROJETO PARTICIPANTE
Título da Pesquisa: 20210146 - ¿Estudo de Fase 3, Multicêntrico, Duplo-Cego, de Manutenção para Avaliar a Segurança, Tolerabilidade e Eficácia em Longo Prazo do Rocatinlimabe em Participantes Adultos e Adolescentes com Dermatite Atópica (DA) Moderada a Grave (ROCKET-ASCEND)¿
Pesquisador Responsável: RAFAEL FIGUEIREDO G",
TTI,,,,,,
CAAE: 68697723.4.2023.5434,,,,,,
Instituição Participante: CECIP JAU - CENTRO DE ESTUDOS CLINICOS DO INTERIOR PAULISTA LTDA - ME,,,,,,
,,,,,,
DADOS DO PROJETO COORDENADOR,,,,,,
"Título da Pesquisa: 20210146 - ¿Estudo de Fase 3, Multicêntrico, Duplo-Cego, de Manutenção para Avaliar a Segurança, Tolerabilidade e Eficácia em Longo Prazo do Rocatinlimabe em Participantes Adultos e Adolescentes com Dermatite Atópica (DA) Moderada a Grave (ROCKET-ASCEND)¿",,,,,,
Pesquisador Responsável: roberta fachini jardim criado,,,,,,
CAAE: 68697723.4.1001.0082,,,,,,
Instituição Proponente: FUNDACAO DO ABC,,,,,,
,,,,,,
SOLUÇÃO A SER ADOTADA:,,,,,,
,,,,,,
"19.1) Excluir os protocolos Ep2, Ep3, Ep4, Ep5, Ep6, Ep7, Ep8 e Ep9 (trâmites, apreciações e arquivos) gerados indevidamente em duplicidade pela réplica da emenda E4 do centro coordenador, conforme demonstrado na tela anexada a esta demanda.",,,,,,
"19.2) Ajustar a numeração das notificações do projeto, conforme demonstrado na tela anexada a esta demanda:",,,,,,
Np7 (versão 1) deve ser ajustada para Np1,,,,,,
Np8 (versão 1) deve ser ajustada para Np2,,,,,,
Np11 (versão 2) deve ser ajustada para Np3,,,,,,
,,,,,,
OBJETIVO DA DEMANDA:,,,,,,
- Correção do sistema para que se comporte conforme definido na regra de negócio [RN469].,,,,,,
,,,,,,
SOLICITANTE:,,,,,,
"- Equipe PB/Conep (plataformabrasil@saude.gov.br)""","ATUALIZAÇÃO DA SOLUÇÃO A SER ADOTADA:

*[CASO 01]*

1.1) Excluir os protocolos ""Ep4"", ""Ep5"", Ep6"", ""Ep7"", ""Ep8"", ""Ep9"", ""Ep10"" e ""Ep11"" (trâmites, apreciações e arquivos) gerados indevidamente em duplicidade pela réplica da emenda ""E4"" do centro coordenador, conforme demonstrado na tela anexada a esta demanda.

1.2) Ajustar a numeração da emenda e notificações do projeto, conforme descrito abaixo:

Np2 (versão 3) deve ser ajustada para Np4;
Np4 (versão 3) deve ser ajustada para Np5;
Np5 (versão 3) deve ser ajustada para Np6;
Np6 (versão 3) deve ser ajustada para Np7;
Np7 (versão 3) deve ser ajustada para Np8;
Np8 (versão 3) deve ser ajustada para Np9;
Np9 (versão 3) deve ser ajustada para Np10;
Np10 (versão 3) deve ser ajustada para Np11;
Np11 (versão 3) deve ser ajustada para Np12;
Np12 (versão 3) deve ser ajustada para Np13;
Np13 (versão 3) deve ser ajustada para Np14;
Np14 (versão 3) deve ser ajustada para Np15;
Np15 (versão 3) deve ser ajustada para Np16;
Np11 (versão 5) deve ser ajustada para Np17;
Np11 (versão 7) deve ser ajustada para Np18;
Np11 (versão 11) deve ser ajustada para Np19;  
Np11 (versão 12) deve ser ajustada para Np20;
Np14 (versão 13) deve ser ajustada para Np21;
Ep12 (origem na emenda E5 do coordenador) deve ser ajustada para Ep4. 

*[CASO 02]* 

2.1) Excluir os protocolos, seus respectivos trâmites, apreciações e arquivos gerados indevidamente em duplicidade pela réplica das emendas E7, E8, E9, E10 e E11 do centro coordenador, conforme descrito abaixo: 

- Ec7 (com origem na E7); 
- Ec8 (origem na E8 - exibido 2 vezes);
- Ec9 (origem na E8);
- Ec11 (origem na E9 - exibido 2 vezes);
- Ec12 (origem na E9 - exibido 2 vezes);
- Ec13 (origem na E9);
- Ec14 (origem na E10);
- Ec16 (origem na E11);
- Ec17 (origem na E11); e 
- Ec18 (origem na E11), 

2.2) Ajustar a numeração das emendas do projeto, conforme descrito abaixo: 

Ec10 (origem na E9) deve ser ajustada para Ec8;
Ec13 (origem na E10) deve ser ajustada para Ec9;
Ec15 (origem na E11) deve ser ajustada para Ec10;
Ec19 (origem na E12) deve ser ajustada para Ec11;

*[CASO 03]*

3.1) Excluir os protocolos Ep4, Ep5, Ep6, Ep7, Ep8, Ep9, Ep10, Ep11 (trâmites, apreciações e arquivos) gerados indevidamente em duplicidade pela réplica da emenda ""E4"" do centro coordenador, conforme demonstrado na tela anexada a esta demanda.

3.2) Ajustar a numeração da emenda e das notificações do projeto, conforme descrito abaixo: 

Np2 (versão 3) deve ser ajustada para Np3;
Np3 (versão 3) deve ser ajustada para Np4;
Np4 (versão 3) deve ser ajustada para Np5;
Np5 (versão 3) deve ser ajustada para Np6;
Np6 (versão 3) deve ser ajustada para Np7;
Np7 (versão 3) deve ser ajustada para Np8;
Np11 (versão 4) deve ser ajustada para Np9;
Np12 (versão 4) deve ser ajustada para Np10;
Np13 (versão 4) deve ser ajustada para Np11;
Np11 (versão 7) deve ser ajustada para Np12;
Np11 (versão 9) deve ser ajustada para Np13;
Np11 (versão 10) deve ser ajustada para Np14; 
Np11 (versão 11) deve ser ajustada para Np15; 
Np12 (versão 11) deve ser ajustada para Np16; 
Ep12 (origem E5) deve ser ajustada para Ep4;  

*[CASO 04]*

4.1) Excluir os protocolos Ep5, Ep6, Ep7, Ep8, Ep9, Ep10, Ep11 e Ep12 (trâmites, apreciações e arquivos) gerados indevidamente em duplicidade pela réplica da emenda ""E4"" do centro coordenador, conforme demonstrado na tela anexada a esta demanda.

4.2) Ajustar a numeração da emenda e das notificações do projeto, conforme descrito abaixo:

Np4 (versão 4) deve ser ajustada para Np17;
Np5 (versão 4) deve ser ajustada para Np18;
Np11 (versão 7) deve ser ajustada para Np19;
Np12 (versão 7) deve ser ajustada para Np20;
Np11 (versão 9) deve ser ajustada para Np21;
Np11 (versão 10) deve ser ajustada para Np22;
Np11 (versão 12) deve ser ajustada para Np23;
Np11 (versão 13) deve ser ajustada para Np24;
Ep13 (origem E5) deve ser ajustada para Ep5;

*[CASO 05]*

5.1) Excluir os protocolos Ep4, Ep5, Ep6, Ep7, Ep8, Ep9, Ep10 e Ep11 (trâmites, apreciações e arquivos) gerados indevidamente em duplicidade pela réplica da emenda E4 do centro coordenador, conforme demonstrado na tela anexada a esta demanda.

5.2) Ajustar a numeração das notificações do projeto, conforme demonstrado na tela anexada a esta demanda:
Np1 (versão 2) deve ser ajustada para Np3;
Np2 (versão 2) deve ser ajustada para Np4;
Np3 (versão 2) deve ser ajustada para Np5;
Np2 (versão 3) deve ser ajustada para Np6;
Np3 (versão 3) deve ser ajustada para Np7;
Np4 (versão 3) deve ser ajustada para Np8;
Np5 (versão 3) deve ser ajustada para Np9;
Np6 (versão 3) deve ser ajustada para Np10;
Np7 (versão 3) deve ser ajustada para Np11;
Np8 (versão 3) deve ser ajustada para Np12;
Np9 (versão 3) deve ser ajustada para Np13;
Np10 (versão 3) deve ser ajustada para Np14;
Np11 (versão 3) deve ser ajustada para Np15;
Np12 (versão 3) deve ser ajustada para Np16;
Np13 (versão 3) deve ser ajustada para Np17;
Np14 (versão 3) deve ser ajustada para Np18;
Np11 (versão 4) deve ser ajustada para Np19;
Np11 (versão 5) deve ser ajustada para Np20;
Np11 (versão 6) deve ser ajustada para Np21;
Np12 (versão 6) deve ser ajustada para Np22;
Np13 (versão 6) deve ser ajustada para Np23;
Np11 (versão 7) deve ser ajustada para Np24;
Ep12 (origem E5) deve ser ajustada para Ep4;

*[CASO 06]*

6.1) Excluir os protocolos Ep4, Ep5, Ep6, Ep7, Ep8, Ep9, Ep10 e Ep11 (trâmites, apreciações e arquivos) gerados indevidamente em duplicidade pela réplica da emenda E4 do centro coordenador, conforme demonstrado na tela anexada a esta demanda.

6.2) Ajustar a numeração da emenda e das notificações do projeto, conforme descrito abaixo:

Np2 (versão 3) deve ser ajustada para Np3;
Np3 (versão 3) deve ser ajustada para Np4;
Np4 (versão 3) deve ser ajustada para Np5;
Np5 (versão 3) deve ser ajustada para Np6;
Np6 (versão 3) deve ser ajustada para Np7;
Np7 (versão 3) deve ser ajustada para Np8;
Np8 (versão 3) deve ser ajustada para Np9;
Np9 (versão 3) deve ser ajustada para Np10;
Np10 (versão 3) deve ser ajustada para Np11;
Np11 (versão 3) deve ser ajustada para Np12;
Np12 (versão 3) deve ser ajustada para Np13;
Np13 (versão 3) deve ser ajustada para Np14;
Np14 (versão 3) deve ser ajustada para Np15;
Np15 (versão 3) deve ser ajustada para Np16;
Np11 (versão 12) deve ser ajustada para Np17;
Np12 (versão 12) deve ser ajustada para Np18;
Np13 (versão 12) deve ser ajustada para Np19;
Np14 (versão 12) deve ser ajustada para Np20;
Np15 (versão 12) deve ser ajustada para Np21;
Np16 (versão 12) deve ser ajustada para Np22;
Ep12 (origem E5) deve ser ajustada para Ep4; 

*[CASO 07]*

7.1) Excluir os protocolos Ep4, Ep5, Ep6, Ep7, Ep8, Ep9, Ep10 e Ep11 (trâmites, apreciações e arquivos) gerados indevidamente em duplicidade pela réplica da emenda E4 do centro coordenador, conforme demonstrado na tela anexada a esta demanda.

7.2) Ajustar a numeração das notificações do projeto, conforme demonstrado na tela anexada a esta demanda:
Np2 (versão 3) deve ser ajustada para Np3;
Np3 (versão 3) deve ser ajustada para Np4;
Np4 (versão 3) deve ser ajustada para Np5;
Np5 (versão 3) deve ser ajustada para Np6;
Np6 (versão 3) deve ser ajustada para Np7;
Np7 (versão 3) deve ser ajustada para Np8;
Np8 (versão 3) deve ser ajustada para Np9;
Np9 (versão 3) deve ser ajustada para Np10;
Np10 (versão 3) deve ser ajustada para Np11;
Np11 (versão 3) deve ser ajustada para Np12;
Np12 (versão 3) deve ser ajustada para Np13;
Np13 (versão 3) deve ser ajustada para Np14;
Np14 (versão 3) deve ser ajustada para Np15;
Np15 (versão 3) deve ser ajustada para Np16;
Np11 (versão 4) deve ser ajustada para Np17;
Np11 (versão 6) deve ser ajustada para Np18;
Np11 (versão 7) deve ser ajustada para Np19;
Np11 (versão 9) deve ser ajustada para Np20;
Np11 (versão 10) deve ser ajustada para Np21;
Ep12 (origem E5) deve ser ajustada para Ep4;

*[CASO 08]* 

8.1) Excluir os protocolos Ep4, Ep5, Ep6, Ep7, Ep8, Ep9, Ep10 e Ep11 (trâmites, apreciações e arquivos) gerados indevidamente em duplicidade pela réplica da emenda E4 do centro coordenador, conforme demonstrado na tela anexada a esta demanda.

8.2) Ajustar a numeração da emenda e das notificações do projeto, conforme descrito abaixo:

Np11 (versão 4) deve ser ajustada para Np22;
Np12 (versão 4) deve ser ajustada para Np23;
Np13 (versão 4) deve ser ajustada para Np24;
Np11 (versão 7) deve ser ajustada para Np25;
Np14 (versão 13) deve ser ajustada para Np26;
Np15 (versão 13) deve ser ajustada para Np27;
Ep12 (origem E5) deve ser ajustada para Ep4;

*[CASO 09]*

9.1) Excluir os protocolos Ep4, Ep5, Ep6, Ep7, Ep8, Ep9, Ep10 e Ep11 (trâmites, apreciações e arquivos) gerados indevidamente em duplicidade pela réplica da emenda E4 do centro coordenador, conforme demonstrado na tela anexada a esta demanda.

9.2) Ajustar a numeração da emenda e das notificações do projeto, conforme decrito abaixo:

Np1 (versão 4) deve ser ajustada para Np4;
Np2 (versão 5) deve ser ajustada para Np5;
Np3 (versão 5) deve ser ajustada para Np6;
Np4 (versão 5) deve ser ajustada para Np7;
Np5 (versão 5) deve ser ajustada para Np8;
Np6 (versão 5) deve ser ajustada para Np9;
Np7 (versão 5) deve ser ajustada para Np10;
Np8 (versão 5) deve ser ajustada para Np11;
Np11 (versão 6) deve ser ajustada para Np12;
Np11 (versão 8) deve ser ajustada para Np13;
Np11 (versão 9) deve ser ajustada para Np14; 
Ep12 (origem E5) deve ser ajustada para Ep4;

*[CASO 10]* 

10.1) Excluir os protocolos Ep4, Ep5, Ep6, Ep7, Ep8, Ep9, Ep10 e Ep11 (trâmites, apreciações e arquivos) gerados indevidamente em duplicidade pela réplica da emenda E4 do centro coordenador, conforme demonstrado na tela anexada a esta demanda.

10.2) Ajustar a numeração da emenda e das notificações do projeto, conforme decrito abaixo:

Np11 (versão 4) deve ser ajustada para Np12;
Np12 (versão 4) deve ser ajustada para Np13;
Np11 (versão 5) deve ser ajustada para Np14;
Np12 (versão 5) deve ser ajustada para Np15;
Np13 (versão 5) deve ser ajustada para Np16; 
Np14 (versão 5) deve ser ajustada para Np17; 
Np15 (versão 5) deve ser ajustada para Np18; 
Np16 (versão 5) deve ser ajustada para Np19; 
Ep12 (origem E5) deve ser ajustada para Ep4;

*[CASO 11]* 

11.1) Excluir os protocolos Ep4, Ep5, Ep6, Ep7, Ep8, Ep9, Ep10 e Ep11 (trâmites, apreciações e arquivos) gerados indevidamente em duplicidade pela réplica da emenda E4 do centro coordenador, conforme demonstrado na tela anexada a esta demanda.

11.2) Ajustar a numeração da emenda e das notificações do projeto, conforme descrito abaixo:

Np5 (versão 2) deve ser ajustada para Np2;
Np2 (versão 3) deve ser ajustada para Np3;
Np3 (versão 3) deve ser ajustada para Np4;
Np4 (versão 3) deve ser ajustada para Np5;
Np5 (versão 3) deve ser ajustada para Np6;
Np6 (versão 3) deve ser ajustada para Np7;
Np7 (versão 3) deve ser ajustada para Np8;
Np8 (versão 3) deve ser ajustada para Np9;
Np9 (versão 3) deve ser ajustada para Np10;
Np10 (versão 3) deve ser ajustada para Np11;
Np11 (versão 3) deve ser ajustada para Np12;
Np11 (versão 4) deve ser ajustada para Np13;
Np12 (versão 4) deve ser ajustada para Np14;
Np11 (versão 9) deve ser ajustada para Np15;
Np12 (versão 9) deve ser ajustada para Np16;
Np11 (versão 11) deve ser ajustada para Np17; 
Np11 (versão 12) deve ser ajustada para Np18; 
Np14 (versão 13) deve ser ajustada para Np19;
Np15 (versão 13) deve ser ajustada para Np20; 
Ep12 (origem E5) deve ser ajustada para Ep4;

*[CASO 12]*

12.1) Excluir os protocolos Ep4, Ep5, Ep6, Ep7, Ep8, Ep9, Ep10 e Ep11 (trâmites, apreciações e arquivos) gerados indevidamente em duplicidade pela réplica da emenda E4 do centro coordenador, conforme demonstrado na tela anexada a esta demanda.

12.2) Ajustar a numeração da emenda e das notificações do projeto, conforme descrito abaixo:

Np2 (versão 4) deve ser ajustada para Np3;
Np3 (versão 4) deve ser ajustada para Np4;
Np4 (versão 4) deve ser ajustada para Np5;
Np5 (versão 4) deve ser ajustada para Np6;
Np6 (versão 4) deve ser ajustada para Np7;
Np7 (versão 4) deve ser ajustada para Np8;
Np8 (versão 4) deve ser ajustada para Np9;
Np9 (versão 4) deve ser ajustada para Np10;
Np10 (versão 4) deve ser ajustada para Np11;
Np11 (versão 4) deve ser ajustada para Np12;
Np12 (versão 4) deve ser ajustada para Np13;
Np11 (versão 5) deve ser ajustada para Np14;
Np11 (versão 7) deve ser ajustada para Np15;
Np11 (versão 8) deve ser ajustada para Np16;
Np11 (versão 12) deve ser ajustada para Np17;
Np14 (versão 14) deve ser ajustada para Np18;
Ep12 (origem E5) deve ser ajustada para Ep4;

*[CASO 13]* 

13.1) Excluir os protocolos Ep4, Ep5, Ep6, Ep7, Ep8, Ep9, Ep10 e Ep11 (trâmites, apreciações e arquivos) gerados indevidamente em duplicidade pela réplica da emenda E4 do centro coordenador, conforme demonstrado na tela anexada a esta demanda.

13.2) Ajustar a numeração das notificações do projeto, conforme descrito abaixo:

Np2 (versão 3) deve ser ajustada para Np4;
Np3 (versão 3) deve ser ajustada para Np5;
Np4 (versão 3) deve ser ajustada para Np6;
Np5 (versão 3) deve ser ajustada para Np7;
Np6 (versão 3) deve ser ajustada para Np8;
Np7 (versão 3) deve ser ajustada para Np9;
Np8 (versão 3) deve ser ajustada para Np10;
Np9 (versão 3) deve ser ajustada para Np11;
Np10 (versão 3) deve ser ajustada para Np12;
Np11 (versão 3) deve ser ajustada para Np13;
Np12 (versão 3) deve ser ajustada para Np14;
Np13 (versão 3) deve ser ajustada para Np15;
Np11 (versão 5) deve ser ajustada para Np16;
Np11 (versão 12) deve ser ajustada para Np17;
Np12 (versão 12) deve ser ajustada para Np18;
Np13 (versão 12) deve ser ajustada para Np19;
Ep12 (origem E5) deve ser ajustada para Ep4;

*[CASO 14]*

14.1) Excluir os protocolos Ep4, Ep5, Ep6, Ep7, Ep8, Ep9, Ep10 e Ep11 (trâmites, apreciações e arquivos) gerados indevidamente em duplicidade pela réplica da emenda E4 do centro coordenador, conforme demonstrado na tela anexada a esta demanda.

14.2) Ajustar a numeração da emenda e das notificações do projeto, conforme descrito abaixo:

Np11 (versão 5) deve ser ajustada para Np12;
Np11 (versão 9) deve ser ajustada para Np13;
Np11 (versão 13) deve ser ajustada para Np14;
Np12 (versão 13) deve ser ajustada para Np15;
Np13 (versão 13) deve ser ajustada para Np16;
Np14 (versão 14) deve ser ajustada para Np17;
Np15 (versão 14) deve ser ajustada para Np18;
Np16 (versão 14) deve ser ajustada para Np19;
Ep12 (origem E5) deve ser ajustada para Ep4;

*[CASO 15]* 

15.1) Excluir os protocolos Ep4, Ep5, Ep6, Ep7, Ep8, Ep9, Ep10 e Ep11 (trâmites, apreciações e arquivos) gerados indevidamente em duplicidade pela réplica da emenda E4 do centro coordenador, conforme demonstrado na tela anexada a esta demanda.

15.2) Ajustar a numeração da emenda e das notificações do projeto, conforme descrito abaixo:

Np2 (versão 3) deve ser ajustada para Np3;
Np3 (versão 3) deve ser ajustada para Np4;
Np4 (versão 3) deve ser ajustada para Np5;
Np5 (versão 3) deve ser ajustada para Np6;
Np6 (versão 3) deve ser ajustada para Np7;
Np7 (versão 3) deve ser ajustada para Np8;
Np8 (versão 3) deve ser ajustada para Np9;
Np9 (versão 3) deve ser ajustada para Np10;
Np10 (versão 3) deve ser ajustada para Np11;
Np11 (versão 3) deve ser ajustada para Np12;
Np12 (versão 3) deve ser ajustada para Np13;
Np13 (versão 3) deve ser ajustada para Np14;
Np14 (versão 3) deve ser ajustada para Np15;
Np15 (versão 3) deve ser ajustada para Np16;
Np16 (versão 3) deve ser ajustada para Np17;
Np11 (versão 5) deve ser ajustada para Np18;
Np11 (versão 9) deve ser ajustada para Np19;
Np11 (versão 13) deve ser ajustada para Np20;
Np12 (versão 13) deve ser ajustada para Np21;
Np13 (versão 13) deve ser ajustada para Np22;
Np14 (versão 14) deve ser ajustada para Np23;
Np15 (versão 14) deve ser ajustada para Np24;
Np16 (versão 14) deve ser ajustada para Np25;
Np17 (versão 14) deve ser ajustada para Np26;
Ep12 (origem E5) deve ser ajustada para Ep4;

*[CASO 16]*

16.1) Excluir os protocolos Ep4, Ep5, Ep6, Ep7, Ep8, Ep9, Ep10 e Ep11 (trâmites, apreciações e arquivos) gerados indevidamente em duplicidade pela réplica da emenda E4 do centro coordenador, conforme demonstrado na tela anexada a esta demanda.

16.2) Ajustar a numeração da emenda e das notificações do projeto, conforme descrito abaixo:

Np11 (versão 5) deve ser ajustada para Np13;
Np12 (versão 5) deve ser ajustada para Np14;
Np11 (versão 7) deve ser ajustada para Np15;

*[CASO 17]*

17.1) Excluir os protocolos Ep2, Ep3, Ep4, Ep5, Ep6, Ep7, Ep8 e Ep9 (trâmites, apreciações e arquivos) gerados indevidamente em duplicidade pela réplica da emenda E4 do centro coordenador, conforme demonstrado na tela anexada a esta demanda.

17.2) Ajustar a numeração da emenda e das notificações do projeto, conforme descrito abaixo:

Np11 (versão 4) deve ser ajustada para Np1;
Np12 (versão 4) deve ser ajustada para Np2;
Np13 (versão 4) deve ser ajustada para Np3;
Np11 (versão 6) deve ser ajustada para Np4;
Np11 (versão 7) deve ser ajustada para Np5;
Np11 (versão 8) deve ser ajustada para Np6;

*[CASO 18]*

18.1) Excluir os protocolos Ep2, Ep3, Ep4, Ep5, Ep6, Ep7, Ep8 e Ep9 (trâmites, apreciações e arquivos) gerados indevidamente em duplicidade pela réplica da emenda E4 do centro coordenador, conforme demonstrado na tela anexada a esta demanda.

18.2) Ajustar a numeração da emenda e das notificações do projeto, conforme descrito abaixo:

Np11 (versão 2) deve ser ajustada para Np1;
Np12 (versão 2) deve ser ajustada para Np2;
Np11 (versão 4) deve ser ajustada para Np3;
Np12 (versão 4) deve ser ajustada para Np4;
Np13 (versão 4) deve ser ajustada para Np5;

*[CASO 19]*

DADOS DO PROJETO PARTICIPANTE
Título da Pesquisa: 20210146 - ¿Estudo de Fase 3, Multicêntrico, Duplo-Cego, de Manutenção para Avaliar a Segurança, Tolerabilidade e Eficácia em Longo Prazo do Rocatinlimabe em Participantes Adultos e Adolescentes com Dermatite Atópica (DA) Moderada a Grave (ROCKET-ASCEND)¿
Pesquisador Responsável: RAFAEL FIGUEIREDO GATTI
CAAE: 68697723.4.2023.5434
Instituição Participante: CECIP JAU - CENTRO DE ESTUDOS CLINICOS DO INTERIOR PAULISTA LTDA - ME

DADOS DO PROJETO COORDENADOR
Título da Pesquisa: 20210146 - ¿Estudo de Fase 3, Multicêntrico, Duplo-Cego, de Manutenção para Avaliar a Segurança, Tolerabilidade e Eficácia em Longo Prazo do Rocatinlimabe em Participantes Adultos e Adolescentes com Dermatite Atópica (DA) Moderada a Grave (ROCKET-ASCEND)¿
Pesquisador Responsável: roberta fachini jardim criado
CAAE: 68697723.4.1001.0082
Instituição Proponente: FUNDACAO DO ABC

SOLUÇÃO A SER ADOTADA:

19.1) Excluir os protocolos Ep2, Ep3, Ep4, Ep5, Ep6, Ep7, Ep8 e Ep9 (trâmites, apreciações e arquivos) gerados indevidamente em duplicidade pela réplica da emenda E4 do centro coordenador, conforme demonstrado na tela anexada a esta demanda.

19.2) Ajustar a numeração da emenda e das notificações do projeto, conforme demonstrado na tela anexada a esta demanda:

Np7 (versão 1) deve ser ajustada para Np1;
Np8 (versão 1) deve ser ajustada para Np2;
Np11 (versão 2) deve ser ajustada para Np3;
Np11 (versão 3) deve ser ajustada para Np4;
Np11 (versão 4) deve ser ajustada para Np5;
Np11 (versão 5) deve ser ajustada para Np6;
Ep10 (origem E5) deve ser ajustada para Ep2;",,,,,
119499,e-SUS Regulação,Demanda,Demanda - Entregue,MANUTENÇÃO CORRETIVA E ESTUDO - MÓDULO CONSULTA E AGENDAMENTO - ERRO 422 AO ATIVAR ESCALA E CONSUMO INDEVIDO DE VAGAS DE 1ª VEZ,"*DESCRIÇÃO:*

O técnico da central de Manaus relatou dois problemas no sistema e-SUS Regulação:  
1. **Erro 422 ao Ativar Escala:**  
   Ao tentar ativar uma escala desativada através do menu ""Opções - Ativar"", o sistema retorna a mensagem de erro: ""422 - Verifique a oferta para vagas de reserva técnica, apenas um dos campos foi preenchido"". Para contornar o problema, é necessário utilizar a opção ""Alterar"", abrir a escala, marcar a opção ""Ativa"" e salvar manualmente. Esse comportamento está impactando a eficiência do processo de gestão de escalas.  
2. **Consumo Indevido de Vagas de 1ª Vez no Agendamento Automático:**  
   No ambiente de treinamento, ao inserir uma solicitação de consulta de retorno na fila de espera (ID 10000000897), o sistema agendou a consulta utilizando uma vaga de 1ª vez, mesmo com o parâmetro de reaproveitamento de agendas configurado com valor ""0"". Esse comportamento está inconsistente com a configuração definida e pode impactar a disponibilidade de vagas para pacientes novos.  

*OBJETIVO:*

A equipe técnica responsável deverá:  
1. **Para o Erro 422 ao Ativar Escala:**  
* Analisar o código-fonte do sistema para identificar a causa raiz do erro 422.  
* Verificar a lógica de validação dos campos relacionados às vagas de reserva técnica.  
* Corrigir o problema para que a ativação de escalas funcione corretamente através do menu ""Ativar"".  
* Realizar testes em ambiente de homologação/treinamento para garantir que a correção não impacte outras funcionalidades.  

2. **Para o Consumo Indevido de Vagas de 1ª Vez:**  
* Analisar a lógica de agendamento automático do sistema para identificar o motivo do consumo indevido de vagas de 1ª vez.  
* Verificar a configuração do parâmetro de reaproveitamento de agendas e sua aplicação no processo de agendamento.  
* Corrigir o problema para que o sistema respeite a configuração definida e não consuma vagas de 1ª vez para consultas de retorno.  
* Realizar testes em ambiente de homologação/treinamento para validar a correção.  

3. **Documentação e Comunicação:**  
* Documentar todas as alterações realizadas.  
* Comunicar a equipe de suporte sobre as resoluções e fornecer orientações, se necessário.  

*JUSTIFICATIVA:* 
Ambos os problemas estão impactando a operação do sistema e-SUS Regulação:  
* O erro 422 ao ativar escalas gera retrabalho para os administradores da central e compromete a eficiência do processo de gestão de escalas.  
* O consumo indevido de vagas de 1ª vez para consultas de retorno pode comprometer a disponibilidade de atendimento para pacientes novos, impactando a eficiência do sistema de regulação.  
A correção desses problemas é urgente para garantir a fluidez dos processos e a utilização adequada dos recursos do sistema.  ","Identificou-se que o regramento atual dos campos ""primeira vez"", ""retorno"" e ""reserva técnica"" no cadastro de escala estabelece a obrigatoriedade de registro numérico, isto é, não permite que o operador deixe os campos em branco. Este regramento tem gerado o erro #422. A solução proposta foi retirar a obrigatoriedade de preenchimento numérico de dois dos três campos. Desta maneira, será possível construir escalas com vagas de primeira vez, sem a necessidade de vagas de retorno e/ou reserva técnica. Caso o campo seja preenchido com 0, o sistema impedirá o cadastro da escala."
116771,e-SUS Regulação,Demanda,Demanda - Entregue,"MANUTENÇÃO EVOLUTIVA ? INCLUSÃO DE POP-UP APÓS AGENDAMENTO NAS FUNCIONALIDADES DE CONSULTA, EXAMES E LABORATÓRIO","**Descrição:**  
Atualmente, nos perfis **Regulador**, **Solicitantes** e **Coordenador** do e-SUS Regulação, ao utilizar as funcionalidades de **Consulta > Realizar Agendamento**, **Exames > Realizar Agendamento** e **Laboratório > Realizar Agendamento**, o sistema não exibe a opção de imprimir a solicitação imediatamente após o agendamento. Isso obriga o operador a acessar outra funcionalidade (**Consulta > Consulta Solicitações**, **Exames > Consulta Solicitações** ou **Laboratório > Consulta Solicitações**) para realizar a impressão do pedido.  

Propõe-se uma evolução no sistema para que, ao finalizar o agendamento, seja exibido um pop-up com as seguintes opções:  
1. Imprimir o pedido;  
2. Ir para a próxima solicitação.  
Essa funcionalidade visa agilizar o fluxo operacional e oferecer maior praticidade aos operadores.  

**Objetivo:**  
Melhorar a usabilidade do sistema, permitindo que os operadores realizem a impressão da solicitação imediatamente após o agendamento, evitando etapas adicionais e otimizando o tempo gasto no processo.  

**Justificativa:**  
Essa demanda foi identificada como uma necessidade recorrente, apontada durante treinamentos do sistema e também por meio de feedbacks recebidos via webatendimento. A ausência da opção de impressão imediata gera retrabalho e perda de tempo para os operadores. A implementação do pop-up contribuirá para uma experiência mais eficiente, reduzindo o esforço necessário para concluir o processo e melhorando o fluxo de atendimento nas unidades de saúde.","Em complementação à demanda, descreve-se a proposta de funcionamento do item * Ir para a próxima solicitação.
Ao realizar um agendamento, o sistema apresenta a mensagem: ""Deseja visualizar a ficha da solicitação agendada?"" acompanhada dos botões: SIM e NÃO. Ao clicar em NÃO, exibir os botões ""PRÓXIMA SOLICITAÇÃO"" e ""FECHAR"". Caso a opção seja ""SIM"", o botão ""PRÓXIMA SOLICITAÇÃO"" também estará no final da ficha entre ""IMPRIMIR"" E ""FECHAR"". A sequência de próximas solicitações a serem agendadas deve obedecer os filtros utilizados pelo operador no início da pesquisa."
116770,e-SUS Regulação,Demanda,Demanda - Entregue,"MANUTENÇÃO EVOLUTIVA ? INCLUSÃO DE POP-UP APÓS AUTORIZAÇÃO NAS FUNCIONALIDADES DE CONSULTA, EXAMES E LABORATÓRIO","**Descrição:**  
Atualmente, no perfil Regulador do e-SUS Regulação, ao utilizar as funcionalidades de **Consulta > Autorizar Consultas**, **Exames > Autorizar Exames** e **Laboratório > Autorizar Laboratório**, o sistema simplesmente fecha a tela após a autorização de uma solicitação, sem oferecer opções adicionais para o operador. Solicita-se uma evolução no sistema para que, após a autorização, seja exibido um pop-up com as seguintes opções:  
1. Agendar a solicitação;  
2. Ir para a próxima solicitação;  
3. Imprimir a solicitação.  

Essa melhoria permitirá maior eficiência no fluxo de trabalho do regulador, evitando ações repetitivas e agilizando processos.  

**Objetivo:**  
Aprimorar a usabilidade do e-SUS Regulação, permitindo ao regulador, após autorizar uma solicitação, escolher de forma direta e prática a ação seguinte, reduzindo o tempo de operação e aumentando a produtividade.  


**Justificativa:**  
Essa demanda foi originada a partir de sugestões recebidas em treinamentos e pelo canal de webatendimento, evidenciando uma necessidade prática e recorrente dos operadores. A implementação do pop-up oferece uma experiência mais intuitiva e eficiente para o regulador, além de evitar a necessidade de reabertura de telas ou menus após cada autorização, melhorando o fluxo operacional e otimizando o uso do sistema.","Em complementação à demanda, descreve-se a proposta de funcionamento do item * Ir para a próxima solicitação.
Ao autorizar, o sistema apresenta a mensagem: ""A solicitação xxxxxxx foi autorizada"" acompanhada dos botões: AGENDAR, VISUALIZAR FICHA e FECHAR. Solicita-se que a mensagem seja exibida com o acréscimo do botão ""PRÓXIMA SOLICITAÇÃO"". Caso o regulador opte por ""VISUALIZAR FICHA"", o botão ""PRÓXIMA SOLICITAÇÃO"" também estará no final da ficha entre ""IMPRIMIR"" E ""FECHAR"". A sequência de próximas solicitações a serem autorizadas deve obedecer os filtros utilizados pelo regulador no início da pesquisa.
"
116922,e-SUS Regulação,Demanda,Demanda - Entregue,MANUTENÇÃO EVOLUTIVA - FUNCIONALIDADE COTAS - PERMINTIR PORCENTAGENS COM CASAS DECIMAIS,"**DESCRIÇÃO:**  
Atualmente, o **Cadastro de Cotas** no **e-SUS Regulação** permite apenas a configuração de **porcentagens inteiras** para a distribuição das cotas entre unidades solicitantes e prestadores de serviços. No entanto, essa limitação impacta diretamente a precisão da pactuação, uma vez que, em muitos casos, a distribuição de procedimentos exige **valores com casas decimais**, como **10,8%** ou **25,5%**, para garantir um rateio mais justo e alinhado à realidade da oferta e demanda.  
A solicitação propõe **ajustar o sistema para permitir a inclusão de porcentagens com casas decimais**, garantindo maior flexibilidade na definição das cotas dentro do **Módulo CONSULTA / EXAMES / LABORATÓRIO - Cadastro de COTAS**.  

**OBJETIVO:**  
* **Aprimorar a precisão na distribuição de cotas**, permitindo que as unidades definam percentuais exatos conforme a necessidade do município e dos prestadores de serviço.  
* **Assegurar um rateio mais justo** entre as unidades solicitantes, otimizando o fluxo de agendamentos e evitando distorções na oferta.  
* **Atender a diferentes realidades regionais**, onde a pactuação exige frações percentuais para uma divisão equitativa dos recursos assistenciais.  
* **Melhorar a gestão da regulação**, tornando o sistema mais flexível e aderente às políticas de pactuação do SUS.  

**JUSTIFICATIVA:**  
A impossibilidade de configurar **percentuais fracionados** no cadastro de COTAS **gera distorções na alocação das cotas**, podendo levar a um desequilíbrio na distribuição de procedimentos entre unidades. Em muitos cenários, a necessidade de ajuste fino na COTAS**exige valores mais precisos**, e a limitação atual força os gestores a arredondar as porcentagens, comprometendo a exatidão dos cálculos e impactando a equidade no acesso aos serviços de saúde.  
Ao permitir a configuração de **percentuais com casas decimais**, o **e-SUS Regulação** **se torna mais eficiente e alinhado às necessidades operacionais das centrais de regulação**, garantindo que a pactuação ocorra de forma justa e transparente.",
114811,e-SUS Regulação,Demanda,Demanda - Entregue,MANUTENÇÃO CORRETIVA - MÓDULO e-SUS REGULAÇÃO - REMOÇÃO DE SEGUNDOS NO AFASTAMENTO DE PROFISSIONAL - PERFIL ADMINITRADOR,"*Descrição:*
Foi identificado um erro no e-SUS Regulação, na funcionalidade de Afastamento de Profissional, relatado via e-mail pela administradora Evenen Amador. O problema ocorre após a inserção do CPF do profissional e ao informar as datas e horários de afastamento. O sistema exige que o usuário insira também os segundos no horário de início e término, o que tem gerado confusão e retrabalho por parte dos operadores.

*Escopo do Trabalho:*
A solicitação é para remover a obrigatoriedade de informar os segundos, mantendo apenas a inserção da hora e minuto para o afastamento de profissionais. Dessa forma, o processo será simplificado, evitando erros e otimizando o tempo dos administradores ao realizar essa função. A equipe técnica deverá:
# Alterar o campo de inserção de horário no afastamento de profissional para permitir a entrada apenas de hora e minuto, eliminando a necessidade de inserir os segundos.
# Realizar testes para garantir que o sistema funcione corretamente após a remoção dos segundos, sem impactar outras funcionalidades relacionadas à marcação de horários.
# Atualizar a documentação e manuais do sistema, se necessário, para refletir essa mudança.

*Justificativa:*
A alteração solicitada visa melhorar a usabilidade do sistema, tornando o processo de afastamento de profissionais mais ágil e menos propenso a erros. A remoção da exigência de segundos no preenchimento do horário permitirá uma operação mais rápida e sem confusão, evitando retrabalhos para os perfis de administrador da central e outros usuários envolvidos na gestão de profissionais no sistema e-SUS Regulação.",
113935,e-SUS Regulação,Demanda,Demanda - Entregue,MANUTENÇÃO CORRETIVA - MÓDULO PERFIL COORDENADOR - PERMISSÕES INDEVIDAS PARA AUTORIZAÇÃO E AGENDAMENTO,"*Descrição:*
Esta Ordem de Serviço tem como objetivo corrigir um erro relacionado às permissões do perfil ""Coordenador de Unidade"" no sistema. Atualmente, o perfil Coordenador está conseguindo autorizar e agendar consultas e procedimentos solicitados por outras unidades, o que não deveria ser permitido.

O caso específico relatado no anexo mostra que o perfil Coordenador da Policlínica Codajás conseguiu autorizar uma solicitação de consulta realizada pela USF N 26. Além disso, o Coordenador de Unidade está conseguindo autorizar e agendar procedimentos regulados, o que deve ser restrito exclusivamente ao perfil Regulador. 

De acordo com as regras do sistema, o perfil Coordenador deve estar limitado à sua própria unidade e não pode visualizar, autorizar ou agendar consultas, exames e procedimentos de outras unidades. Além disso, o Coordenador pode agendar consultas e procedimentos apenas após a autorização do perfil Regulador, sendo a autorização uma responsabilidade exclusiva do Regulador.

*Escopo do Trabalho:*
A equipe técnica responsável deverá:
- Revisar e corrigir as permissões atribuídas ao perfil Coordenador de Unidade, garantindo que este não visualize, autorize ou agende consultas, exames e procedimentos de outras unidades.
- Garantir que o perfil Coordenador só possa realizar agendamentos após a autorização do perfil Regulador, conforme o fluxo correto do sistema.
- Realizar testes para verificar se as permissões de cada perfil estão configuradas corretamente após a correção.

*Justificativa:*
Esta demanda foi recebida via WEBATENDIMENTO no Ticket nº 202400158049, com evidências anexadas. A correção é necessária para garantir que o fluxo de autorizações e agendamentos siga corretamente as regras definidas no sistema, evitando que o perfil Coordenador de Unidade tenha permissões indevidas.

*OBS:* Os erros foram encontrados no ambiente de treinamento. Contudo, como ambos os ambientes (treinamento e produção) são idênticos, solicitamos que a correção seja analisada e aplicada em ambos os ambientes.",
111246,subproj Hemovida Web Coagulopatias,Demanda,Demanda - Entregue,MT - Relatorios Listagem Pacientes dados incompletos,"
*Escopo:* A usuária Maria Lucia Pinheiro Perri, perfil: Prestador de Assistência, do Hemocentro de Mato Grosso, revisou os dados cadastrais no sistema Hemovida Web Coagulopatias, e constatou que existem vários pacientes que constam no Relatórios/Listagem de Pacientes sem dados da gravidade da hemofilia, porém se consultamos o campo DIAGNÓSTICO a maioria está com os dados registrados. 

Anexo, alguns exemplos (captura de tela) comprovando que o registro está inserido, mas se fazemos consulta no relatório/listagem de paciente aparecem como não inseridos. (Temos 52 pacientes nessa situação e gostaríamos de regularizar essas pendências).

*Justificativa:* Apresentar as informações conforme registrado no sistema.

*Objetivo:* Manter as informações corretas nos relatórios conforme documentação.


NOTA: _""Este atendimento possui dados sensíveis, dessa forma o artigo 26 da LGPD prevê que o uso compartilhado de dados pessoais pelo Poder Público deve atender a finalidades específicas de execução de políticas públicas e atribuição legal pelos órgãos e pelas entidades públicas, respeitados os princípios de proteção de dados pessoais elencados no art. 6º da Lei. Sendo assim utilizados para realização de suporte/manutenção, conforme orientação do serviço hemoterápico solicitante""_","
A instituição *HEMOSC*  relatou  a mesma inconsistência. 

Em anexo, seguem as evidências.

!pacientes%20com%20gravidade%20no%20dados%20cadastrais.png!
!pacientes%20com%20gravidade%20no%20dados%20cadastrais%201.png!
"
114666,RTS - Repositório de Terminologias e Templates em Saúde,Demanda,Demanda - Entregue,Geração relatório competência 06/2024 do RTS e retorno à competência 05/2024 do RTS.,"
Descrição:

OBJETIVO
Avaliar possível equívoco ocorrido ao realizar as atualizações (inclusões, alterações e desativações) da competência 06/2024 no sistema RTS
 
JUSTIFICATIVA
Necessário retroceder o Sistema RTS para competência 05/2024, por problema de geração do versionamento da competência 06/2024
 
ESCOPO
- Extrair relatório que mostre o status da ação de todos os registros gerados para competência 06/2024 no sistema RTS;
- Necessário retroagir o Sistema RTS para Competência 05/2024, gerada na data de 11/09/2024
","OS 114666 executada conforme relatório em anexo.
Atenciosamente, 
Cibeli "
113688,Subproj CNRAC,Demanda,Demanda - Entregue,Verificação de Erro e Correções do CNRAC - CERAC PE,"A médica gestora da CERAC-PE e a médica reguladora da CERAC-PE não estão conseguindo inserir um laudo solicitado pelo CIREP (SP) para o paciente FELIPE, no procedimento 04.03.06.001-0- exploração diagnóstica cirúrgica para implantação eletrodos invasivos bilateral, incluso video-eeg,de neurologia. 

Verificação e correção do Erro na consulta de procedimentos, erro de clinica e CID.
Obs.: Telas de erros informadas.",
103210,Subproj Hemovida Web - Hemoglobinopatias,Demanda,Demanda - Em atendimento,Número de Solicitações de Requisições na tela de Validação de Solicitação de Medicamento - Gestor Federal,"*Escopo:*  Considerando o número de solicitados atendidas, parcialmente atendidas e recusadas e a lista fixa está gerando inúmeros registros, solicita-se manter nessa tela de Validação DE SOLICITAÇÂO DE MEDICAMENTOS apenas os pedidos em aberto; os demais pedidos deverão constar apenas na consulta por período (link no topo da tela) , conforme funcionamento.

*Solicita-se o ajuste na tela em questão ?Validação DE SOLICITAÇÂO DE MEDICAMENTOS? onde deverá  manter nessa tela de Validação DE SOLICITAÇÂO DE MEDICAMENTOS apenas os pedidos em aberto*. Os demais pedidos deverão constar apenas na consulta por período (link no topo da tela) , conforme funcionamento.


*Justificativa:* Reduzir a listagem de ?validação DE SOLICITAÇÃO DE MEDICAMENTOS?

Objetivo: Possibilitar a visualização dos registros apenas com status em aberto para atendimento e resposição do medicamento para a rede de doença falciforme e talassemia.
",Solicita-se atendimento com vistas ao processo de reposição e cobertura das unidades federadas no que se refere à disponibilidade da FENOXIMETILPENICILINA POTASSICA
103186,Subproj Hemovida Web - Hemoglobinopatias,Demanda,Demanda - Em atendimento,Erro - Status de Situação da Solicitação da Extração de Solicitação de Medicamento divergente do Status Apresentado em Tela ? Solicitação de Medicamento e Extração de Solicitação de Medicamento,"*Escopo:* 
Ao realizar o fluxo de solicitação de medicamento do Almoxarifado Central para o Ministério do Saúde, foi identificado que o status em tela está apresentado divergente do que é mostrado na solicitação de medicamento.

Solicita-se correção, conforme evidências de tela abaixo.

*Justificativa:* Equalizar os dados mostrados em tela e extração de dados para as solicitações de medicamentos realizadas pelas unidades da federação.

*Objetivo:* Corrigir a funcionalidade de extração de solicitação de medicamento  versus validação de solicitação de medicamento, validando e carregando corretamente os status de validação dos pedidos de medicamento realizados pelas unidades da federação.
",Solicita-se atendimento.
106403,subproj Hemovida Web Coagulopatias,Demanda,Demanda - Entregue,ERRO - PE sistema não permite retirar o acesso profissional," 
*Escopo:* A usuária IRIS COSTA MACIEL, perfil ""Gestor ESTADUAL"", não consegue realizar a exclusão do usuário *RAFAEL BERNARDO PESSOA* , da INSTITUIÇÃO: Ambulatorial ? Fundação HEMOPE, perfil PRESTADOR DE ASSISTÊNCIA 2, o sistema informa que ele não existe. A exclusão foi realizada em 2022. Entretanto a Lista de usuário as informações dele são apresentadas.

*Justificativa:* Excluir todos os acessos do profissional que não está mais na instituição e assim mantendo a segurança no uso do sistema.

*Objetivo:* Manter a segurança e integridade do sistema de informação Coagulopatias Web.

Segue em anexo as informações complementares.",
110801,subproj Hemovida Web Coagulopatias,Demanda,Demanda - Entregue,SP - Divergência na extração do relatório de infusão,"
*Escopo:*  Usuária Luciene Figueiredo, ao baixar o relatório de infusão - XLS, identificou que os pacientes dos outros estados que usaram os fatores em SP não aparecem mais na relação dos pacientes, assim como também não aparecem os pacientes cadastrados no estado de SP que usaram os fatores nos outros estados. Esses achados foram identificados a partir do mês de maio/2024.

Compararam os relatórios de infusão extraídos nos meses de janeiro a junho, e identificaram que essa divergência ocorre desde maio.

Como exemplo seguem os relatórios de infusão extraídos nos meses de abril e junho que demonstram esses achados.

*Justificativa:* O sistema deverá apresentar as informações conforme documentação.

*Objetivo:* Possibilitar que os usuários possam gerar informações de acordo com os critérios definidos na documentação.

*Atenção!
Arquivo anexo com as evidências e informações complementares.*
",Solicitamos a tramitação da demanda.
111086,subproj Hemovida Web Coagulopatias,Demanda,Demanda - Entregue,BA - Consulta paciente transferência de UF,"
Escopo: A gestora estadual BA tentou solicitar a transferência do paciente REMAS JUNIOR SANTOS CRUZ cadastro Nº 2713159680 atendido anos atrás em Campinas/SP e hoje reside na zona rural de PALMAS DE MONTE ALTO/BA. A usuária não conseguiu, de acordo com a imagem abaixo: NÃO FOI ENCONTRADO NENHUM PACIENTE.

Justificativa: Ter acesso ao cadastro do usuário para realizar o atendimento.

Objetivo: Registar as informações do paciente conforme tratamento.

Informações adicionais então no anexo.

*Nota:* ""Este atendimento possui dados sensíveis, dessa forma o artigo 26 da LGPD prevê que o uso compartilhado de dados pessoais pelo Poder Público deve atender a finalidades específicas de execução de políticas públicas e atribuição legal pelos órgãos e pelas entidades públicas, respeitados os princípios de proteção de dados pessoais elencados no art. 6º da Lei. Sendo assim utilizados para realização de suporte/manutenção, conforme orientação do serviço hemoterápico solicitante"".",Solicitamos atendimento da demanda.
109574,SubProj SIA,Demanda,Demanda - Entregue,Geração arquivo BPA-I para ANS (Continuação OS 108483),"*Escopo*

Geração dos arquivos de BPA-I para a ANS, conforme construção e validação da consulta obtida com a OS #108483 

Obs.: Deve ser criada Documentação respectiva com indicação sobre a que tabelas pertencem os campos enviados, inclusive com a descrição detalhada de *cada campo* .","Prezada Fiscal Requisitante,

Solicitamos a aprovação do planejamento das sprints para dar prosseguimento ao atendimento. 
Este planejamento substitui o documento de Plano de Trabalho. 
Não há custo na ordem de serviço."
110708,SubProj SIA,Demanda,Demanda - Entregue,Verificação de Erro - SIA - Itabuna/BA,"Solicitamos que o problema reportado pelo gestor de Itabuna/BA (e-mail anexo) seja investigado e solucionado.

Em suma, o SIA está rejeitando APACs por não ter encontrado os profissionais/CBOs no CNES do estabelecimento. No entanto, em análise realizada no site e nos txt do CNES, os profissionais estão devidamente cadastrados.

Foi solicitado ao gestor que reimportasse os referidos txts mas o problema persistiu.


Link para download do backup da base de dados: https://drive.google.com/file/d/1UY7-fReiWjqCMuqerWC_ATA76AlshFXD/view


",link para download dos txt: https://drive.google.com/drive/folders/1mkq6VcpG0hHPhT9_5XF_ZOOqUWgQLtVF
110056,SubProj SIA,Demanda,Demanda - Entregue,Apoio técnico - Carga de dados da APAC na RNDS,"Solicitamos apoio técnico do desenvolvedor da APAC na atividade de carga de dados da APAC na RNDS.

É necessário:
- Análise da documentação
- Participação nas reuniões de ponto de controle
- Sanar eventuais dúvidas que venha a ter a equipe da RNDS

As reuniões de ponto de controle acontecerão duas vezes por semana, às terças e sextas-feiras das 9h as 10h.

A documentação segue anexa.",
113905,Subproj Plataforma Brasil,Demanda,Demanda - Entregue,"[PB-2024-075] [671] Inconsistência na base de dados (2 usuários com o mesmo CPF), que impossibilita a exoneração de perfil no CEP.","* DESCRIÇÃO DO PROBLEMA:

- Fomos informados pela Conep a respeito de problema ocorrido ao tentar exonerar o perfil de secretária da sra. NAJLA DEYSE DA SILVA RODRIGUES no CEP 5211. Pois, o sistema apresenta mensagem informando que a usuária está inativa no sistema, e impossibilita a operação.
- Ao analisar o problema, verificamos que este cadastro foi realizado de forma irregular, ou seja, que constam 2 usuários com o mesmo CPF (025.405.613-06) na base de dados. Por ser um cadastro muito antigo (TB_AGENTE.DT_CRIACAO = 04/10/12), acreditamos que na época o sistema acabou permitindo esta inconsistência.
- Posteriormente, a sra. Najla se cadastrou novamente na Plataforma Brasil, e desta vez informou o CPF correto 026.258.363-18 (TB_AGENTE.CO_SEQ_AGENTE = 119767), e tem usado este cadastro para utilização do sistema.
- Ao consultar o registro que está divergente na base de dados (TB_AGENTE.CO_SEQ_AGENTE = 91722), observamos que este cadastro foi inativado em 08/03/2013 (TB_AGENTE.DT_DESATIVACAO) e excluído em 25/05/2016 (TB_AGENTE.DT_EXCLUSAO), porém o campo que controla se o registro está ativo (TB_AGENTE. ST_REGISTRO_ATIVO) consta o valor 'S', ao invés de 'N'. 

* SOLUÇÃO A SER ADOTADA:

1) Exonerar o perfil de ""Secretária"" no CEP ""5211"" pertinente ao cadastro irregular da sra. NAJLA DEYSE DA SILVA RODRIGUES (TB_AGENTE.CO_SEQ_AGENTE = 91722)

1.1) TABELA: DBPLATAFORMABR.RL_PERFIL_MEMBRO_COMITE_ETICA

Quando RL_PERFIL_MEMBRO_COMITE_ETICA.CO_AGENTE = 91722 e RL_PERFIL_MEMBRO_COMITE_ETICA.CO_COMITE_ETICA = 5211:
- Atribuir a data atual (data que o script foi executado) ao campo RL_PERFIL_MEMBRO_COMITE_ETICA.DT_EXONERACAO; e
- Atribuir o valor 'N' ao campo ST_REGISTRO_ATIVO.

2) Efetivar a inativação do cadastro irregular da sra. NAJLA DEYSE DA SILVA RODRIGUES (TB_AGENTE.CO_SEQ_AGENTE = 91722)

2.1) TABELA: DBPLATAFORMABR.TB_AGENTE

Quando TB_AGENTE.CO_SEQ_AGENTE = 91722:
- Atribuir o valor 'N' ao campo ST_REGISTRO_ATIVO (O sistema deveria atribuir 'N"" quando um cadastro de usuário for inativado/excluído).

* OBJETIVO DA DEMANDA: 
Correção dos registros identificados para que se comporte conforme definido nos documentos:
- Caso de Uso: MS_PLATBR_UC311_ManterPessoaFisica
- Especificação Técnica: MS_PLATBR_Especificacao_Tecnica_022",
112298,SISREG - SISTEMA NACIONAL DE REGULAÇÃO,Demanda,Demanda - Elaborar Proposta,MANUTENÇÃO CORRETIVA -  MÓDULO AMBULATORIAL - PERFIL COORDENADOR DE UNIDADE,"Descrição:
Esta Ordem de Serviço tem como objetivo realizar um estudo de viabilidade de correção no perfil COOORDENADOR DE UNIDADE - MÓDULO AMBULATORIAL que não está permitindo A INATIVAÇÃO OU ATIVAÇÃO DE OPERADORES.
O problema está se apresentando nas centrais de regulação que utilizam o SISREG. Após análise inicial foi possível emular o erro, conforme demonstram os prints das telas, anexo. 

Escopo do Trabalho:
A equipe técnica responsável será encarregada de avaliar as possibilidades a correção do problema apresentado para permitir que os Coordenadores de Unidade tenham possibilidade de cadastrar, ativar ou inativar os operadores das unidades de saúde. Isso inclui:
Levantar os requisitos técnicos para garantir as mudanças solicitadas.

Justificativa:
O?perfil Coordenador de Unidade Ambulatorial é configurado pelo administrador municipal, tendo como principais atribuições:
Cadastrar novos operadores para a unidade à qual está vinculado;  
Configurar escalas de seus profissionais; 
Informar no sistema os preparos para o procedimento que deverá ser realizado pelo paciente;  
Realizar a gestão da fila de espera;  
Realizar a gestão da fila da regulação, e 
Manutenção do Boletim de Produção Ambulatorial (BPA) na unidade executante.  
A resolução desta Ordem de Serviço é essencial para garantir que o operador Coordenador de Unidade realize plenamente as funções que lhe são atribuídas pelo Administrador do Sistema.","Correção disponível em ambiente de homologação.

Previsão para publicação em produção: *20/09/2024*"
111950,SISREG - SISTEMA NACIONAL DE REGULAÇÃO,Demanda,Demanda - Elaborar Proposta,MANUTENÇÃO EVOLUTIVA - CUSTOMIZAÇÃO DOS PARAMETROS AMBULATORIAIS,"Descrição:
Esta Ordem de Serviço tem como objetivo realizar um estudo de viabilidade para possibilitar a customização dos Parâmetros Ambulatoriais do SISREG, alterando os Dias de Abertura de Agendas, com limite de 180 dias para vagas de 1ª vez e 210 dias para vagas de reserva e de retorno. Atualmente, no SISREG o limite para Abertura de Agendas de 1ª vez é de 60 dias, Retorno 90 dias e reserva 120 dias o que não permite às Centrais de Regulação estender o prazo par os agendamentos.

Escopo do Trabalho:
A equipe técnica responsável será encarregada de avaliar as possibilidades de mudança nos Parâmetros Ambulatoriais para permitir o aumento do prazo para agendamentos pelas Centrais de Regulação. Isso inclui:
Levantar os requisitos técnicos para garantir as mudanças solicitadas.

Justificativa:
 A Secretaria Municipal de Saúde utiliza o Sistema de Regulação (SISREG) para regulação ambulatorial para primeiro acesso e agendamento de retorno para todos os serviços especializados de média complexidade
na Cidade do Rio de Janeiro, solicitou por meio do OFÍCIO Nº SMS-OFI-2024/27492 a customização dos Parâmetros Ambulatoriais para atender as necessidades da Central de regulação Municipal do Rio de Janeiro.
A resolução desta Ordem de Serviço é essencial para garantir a qualidade e o agendamentos dos usuários nos serviços de saúde no Municipio do Rio de Janeiro, contribuindo para uma prestação de cuidados mais eficaz e abrangente à população atendida.","Melhoria disponível em ambiente de homologação.

Previsão para publicação em produção: *20/09/2024*"
110730,Subproj Plataforma Brasil,Demanda,Demanda - Entregue,[PB-2024-054] [645] O sistema está apresentando situação divergente para protocolo já aprovado.,"*CASO 01?*

Fomos notificados pela equipe de pesquisa, a respeito de problema identificado em projeto coordenador, ao qual o sistema está exibindo situação divergente para protocolo já aprovado pelo CEP.

DADOS DO PROJETO: 
Título da Pesquisa: EFETIVIDADE DO TRATAMENTO COM TRIÓXIDO DE ARSÊNIO E ÁCIDO TRANSRETINÓICO EM PACIENTES PEDIÁTRICOS COM LEUCEMIA PROMIELOCÍTICA AGUDA ATENDIDOS EM UMA INSTITUIÇÃO FILANTRÓPICA DE SALVADOR/BAHIA.
Pesquisador Responsável: MONALISA DA SILVA CHAVES CAVALCANTI
CAAE: 79336824.3.0000.0040
Submetido em: 25/06/2024
Instituição Proponente: LIGA ALVARO BAHIA CONTRA A MORTALIDADE INFANTIL
Situação da Versão do Projeto: Parecer Consubstanciado Emitido (Em Apreciação Ética)

SOLUÇÃO A SER ADOTADA: 
- A situação do protocolo ""PO"" deve ser alterada de ""Parecer Consubstanciado Emitido (Em Apreciação Ética)"" para ""Parecer Consubstanciado Emitido (Aprovado)"", conforme consta no documento PDF do respectivo parecer.


*CASO 02?*

Fomos notificados pela equipe de pesquisa, a respeito de problema identificado em projeto coordenador, ao qual o sistema está exibindo situação divergente para protocolo já aprovado pelo CEP.

DADOS DO PROJETO: 
Título da Pesquisa: Análise dos sinais e sintomas de violência infantil observadas pelo enfermeiro nas consultas de puericultura
Pesquisador Responsável: ANA JESSILY CAMARGO BARBOSA
CAAE: 80045724.1.0000.8527
Submetido em: 23/05/2024
Instituição Proponente: AIUA EDUCACIONAL LTDA
Situação da Versão do Projeto: Parecer Consubstanciado Emitido (Em Apreciação Ética)

SOLUÇÃO A SER ADOTADA: 
- A situação do protocolo ""PO"" deve ser alterada de ""Parecer Consubstanciado Emitido (Em Apreciação Ética)"" para ""Parecer Consubstanciado Emitido (Pendência Emitida pelo CEP)"", conforme consta no documento PDF do respectivo parecer.


OBJETIVO DA DEMANDA: 
- Correção do sistema para que se comporte conforme definido na regra de negócio [RN173].

SOLICITANTES: 
- Equipe PB/Conep (plataformabrasil@saude.gov.br)",
109174,Subproj Plataforma Brasil,Demanda,Demanda - Entregue,[PB-2024-031] [586] O sistema não apresenta o CAAE do projeto,"Fomos notificados pelo CEP, a respeito de problema ocorrido após a aceitação do projeto, o sistema não está apresentado o número do CAAE.

DADOS DO PROJETO:
Título da Pesquisa: AVALIAÇÃO
 CLÍNICO-EPIDEMIOLÓGICA DE PACIENTES COM ACONDROPLASIA ATENDIDOS NO 
SERVIÇO DE ENDOCRINOLOGIA PEDIÁTRICA DE UM HOSPITAL TERCIÁRIO
Pesquisador Responsável: Julienne Angela Ramires de Carvalho
Área Temática: 	
Versão: 1
CAAE: 
Submetido em: 02/05/2024
Instituição Proponente: Hospital de Clínicas da Universidade Federal do Paraná
Situação da Versão do Projeto: Aguardando revisão do parecer do colegiado
Localização atual da Versão do Projeto: Hospital de Clínicas da Universidade Federal do Paraná - HCUFPR
Ptrocinador Principal: 
                                                                                                                Financiamento Próprio


SOLUÇÃO A SER ADOTADA: 
Solicitamos que o CAAE seja exibido no sistema, e também nos arquivos de pareceres emitidos deste projeto (até o momento da correção):

SOLICITANTES: 
- Marina Boaventura (plataformabrasil@saude.gov.br)
-Comite de Etica em Pesquisa - HC/UFPR  cep@hc.ufpr.br>

OBJETIVO DA DEMANDA:
- Correção do sistema para que se comporte conforme definido na regra de negócio [RN728].",
108791,Subproj Plataforma Brasil,Demanda,Demanda - Entregue,"[PB-2024-025] O sistema não atualizou a situação de emenda coparticipante, após ter sido retirado pelo centro coordenador.","Fomos notificados pelo CEP a respeito de problema ocorrido na emenda ""Ec1"" do projeto, onde o sistema não atualizou a situação do protocolo para ""Retirado pelo Centro Coordenador"", visto que o centro coparticipante no protocolo ""POc"" consta com situação de ""Retirado pelo Centro Coordenador"".

DADOS DO PROJETO COPARTICIPANTE:
Título da Pesquisa: MACHINE LEARNING PARA DIAGNÓSTICO DE QUEILITES ACTÍNICAS
Pesquisador Responsável: Ivan José Correia Neto
CAAE:
Submetido em: 01/09/2023
Instituição Proponente: Instituto de Ciência e Tecnologia de São José dos Campos - UNESP
Situação da Versão do Projeto: Aguardando Apreciação de

SOLUÇÃO A SER ADOTADA:
- A situação do protocolo ""Ec1"" do centro coparticipante deve ser atualizada para ""Retirado pelo Centro Coordenador"", visto que o Protocolo ""POc"" já se encontra retirado pelo centro coordenador.

OBJETIVO DA DEMANDA:
- Correção do sistema para que se comporte conforme definido na Especificação Técnica 188-M.

SOLICITANTES:
- Equipe PB/CONEP (plataformabrasil@saude.gov.br)","*CASO 02*

Fomos notificados pelo CEP a respeito de problema ocorrido na emenda ""Ec1"" do projeto, onde o sistema não atualizou a situação do protocolo para ""Retirado pelo Centro Coordenador"", visto que o centro coparticipante no protocolo ""POc"" consta com situação de ""Retirado pelo Centro Coordenador"".

DADOS DO PROJETO COPARTICIPANTE:
Título da Pesquisa: Uso de deep learning para diagnóstico de tumores de glândula salivar
Pesquisador Responsável: SEBASTIAO SILVERIO DE SOUSA NETO
CAAE:
Submetido em: 27/08/2023
Instituição Proponente: HOSPITAL DE CLINICAS DE PORTO ALEGRE
Situação da Versão do Projeto: Aguardando Apreciação de

SOLUÇÃO A SER ADOTADA:
- A situação do protocolo ""Ec1"" do centro coparticipante deve ser atualizada para ""Retirado pelo Centro Coordenador"", visto que o Protocolo ""POc"" já se encontra retirado pelo centro coordenador.

OBJETIVO DA DEMANDA:
- Correção do sistema para que se comporte conforme definido na Especificação Técnica 188-M.

SOLICITANTES:
- Equipe PB/CONEP (plataformabrasil@saude.gov.br)"
101590,Subproj Plataforma Brasil,Demanda,Demanda - Entregue,[PB-2023-061] O sistema não está excluindo documentos removidos pelos pesquisadores ao responderem pendências documentais ou de parecer.,"Fomos notificados por vários usuários a respeito de problemas ocorridos ao responder pendências documentais que envolvem a exclusão de documentos do protocolo de pesquisa.
Pois, quando o(a) pesquisador(a) remove um ou mais arquivos,  anexa um novo em substituição e submete novamente para análise do CEP, este continua visualizando o(s) arquivo(s) que foi/foram excluído(s), o que tem gerado confusão durante a apreciação realizada pelos comitês de ética.

CAAE de alguns projetos que estão enfrentando/enfrentaram este problema:

1) CAAE: 76461223.3.0000.5537
Título da Pesquisa: O avanço da biotecnologia no âmbito agroalimentar e a escassez de estudos sobre os possíveis impactos causados no consumo de alimentos transgênicos à saúde humana.
Pesquisador Responsável: Daniella Regina Arantes Martins Salha

2) CAAE: 69469423.6.0000.0071
Título da Pesquisa: ESTILOS DE APRENDIZAGEM DE PROFISSIONAIS DE SAÚDE E FORMATO DE CURSOS DE CURTA DURAÇÃO
Pesquisador Responsável: Daniella Cristina Chanes

3) CAAE: 72114723.2.1001.0071
Título da Pesquisa: A cirurgia robótica pode reduzir a desigualdade dos resultados de ressecções pulmonares observada entre medicina pública e privada?
Pesquisador Responsável: Ricardo Mingarini Terra

4) CAAE: (até o momento ainda não possui)
Título da Pesquisa: Estabelecimento de um modelo de cocultivo para avaliar o tropismo das células-tronco mesenquimais derivadas do sangue menstrual (MenSC) de mulheres com e sem endometriose
Pesquisador Responsável: JULIANA MEOLA LOVATO

5) CAAE: 71222523.0.0000.8054
Título da Pesquisa: Aplicação de combinação de preenchedores de Ácido Hialurônico e Hidroxiapatita de Cálcio para melhoria estética e remodelamento da região glútea.
Pesquisador Responsável: DAVID DI SESSA LOPES

6) CAAE: (até o momento ainda não possui)
Título da Pesquisa: O Voto do Preso Provisório e do Adolescente Internado no Estado do Tocantins
Pesquisador Responsável: GUILHERME AIRES LOUREIRO

Não se trata de casos pontuais, pois realizamos testes no sistema, e o problema ocorre com qualquer projeto que execute este mesmo procedimento.

SOLUÇÃO A SER ADOTADA:
- Quando o pesquisador exclui um ou mais arquivos do protocolo de pesquisa e submete para nova análise do CEP, este(s) arquivo(s) não deve(m) mais ser visualizado(s) na lista de documentos postados durante a validação documental do CEP/CONEP.

OBJETIVO DA DEMANDA:
- Correção do sistema para que se comporte conforme definido na especificação técnica 220-D e nas regras de negócio [RN499] e [RN931].

SOLICITANTES:
- cepufrn@reitoria.ufrn.br <cepufrn@reitoria.ufrn.br>
- Comite de Ética em Pesquisa - Einstein <cep@einstein.br>
- LAIS FELIX BATISTA <batista.laisf@gmail.com>
- Nicole Siqueira de Arruda <nicole.arruda@usp.br>
- facpvalera@fmrp.usp.br
- CARMELA FARIAS DA SILVA <carmela.silva@santacasa.org.br>
- Beatriz.domenici.oliveira@gmail.com
- Danielli Amaral <dcaguimaraes@gmail.com>
- Guilherme Aires Loureiro (guilhermeaires@hotmail.com)
- Flavia Danielle Pontes Campos <fdpontes@hcrp.usp.br>
- Camila Ferraz <juca.camila@hotmail.com>
- Equipe PB/Conep (plataformabrasil@saude.gov.br)","Solução implantanda no ambiente de homologação.
Solicito validação da area requisitante.
https://plataformabrasil-homologacao.saude.gov.br/plataformabrasil/login.jsf
Apartir da versao 4.5.0_rc04"
109089,Subproj Plataforma Brasil,Demanda,Demanda - Em atendimento,[PB-2024-028] [555] Opção de notificação não é apresentada,"O projeto abaixo foi aprovado pelo CEP e o sistema não esta apresentando a opção de criação de notificação.
Título da Pesquisa: Efeitos do sistema de Biofeedback Vibratório aplicado à indivíduos com Doença de Parkinson: estudo experimental
Pesquisador Responsável: LILIANE SANTOS DE VASCONCELLOS
Área Temática:	
Versão: 5
CAAE: 61763522.0.0000.5537
Submetido em: 13/05/2024
Instituição Proponente: Departamento de Fisioterapia
Situação da Versão do Projeto: Parecer Consubstanciado Emitido (Aprovado)
Localização atual da Versão do Projeto: Pesquisador Responsável
Patrocinador Principal:		Financiamento Próprio
SOLUÇÃO A SER ADOTADA: 
O sistema deve apresentar para o pesquisador responsável e para os assistentes do projeto a opção de submissão de notificação
OBJETIVO DA DEMANDA:
Correção do sistema para que se comporte conforme definido no caso de uso UC117 - Gerir Notificação.
Solicitante:  
CLARISSA BEZERRA clarissa.bezerra.700@ufrn.edu.br>",
109087,SISREG - SISTEMA NACIONAL DE REGULAÇÃO,Demanda,Demanda - Elaborar Proposta,MANUTENÇÃO CORRETIVA - RELATÓRIO DE PRODUÇÃO AMBULATORIAL,"ESCOPO:
 Após realização de teste foi identificada uma inconsistência na extração de relatórios de produção, profissional executante nos perfis Administrador Municipal.
Segue detalhamento em arquivo anexo.

OBJETIVOS:
Os objetivos a serem alcançados são:
Verificar se o erro é sistêmico;
Verificar a anormalidade;
Correção (após identificação do erro);
Criar solução para que o erro não volte a acontecer.","Miriam Vieira escreveu:
> ESCOPO:
>  Após realização de teste foi identificada uma inconsistência na extração de relatórios de produção, profissional executante nos perfis Administrador Municipal.
> Segue detalhamento em arquivo anexo.
> 
> OBJETIVOS:
> Os objetivos a serem alcançados são:
> Verificar se o erro é sistêmico;
> Verificar a anormalidade;
> Correção (após identificação do erro);

JUSTIFICATIVA:

Possibilitar que os administradores das Centrais de Regulação possam preparar relatórios de produção dos profissionais executantes.

> Criar solução para que o erro não volte a acontecer.

"
130265,Integração de Dados Digital,Demanda,Demanda - Elaborar Proposta,Serviço de automatização para envio de dados de Mensageria.,"Retorno do serviço de automatização de envio de arquivos do sistema Q-ware para os destinatários cadastrados.

Antes da parada do sistema Q-ware, os arquivos eram encaminhados e, ao serem inseridos em grupo do Q-ware, o sistema realizava automaticamente o envio ao destinatário previamente registrado. 

Exemplo: Envio automatizado de arquivos que chegaram no Q-ware para a caixa GIS do sistema IBM. 

Sistema IBM ( https://b2b.dataprev.gov.br/mailbox/jsp/MBILogout )

O retorno do serviço de automatização deverá atender ao envio de dados de Mensageria (atualmente: Especialistas, Gestantes, Imunização, Cirurgias, Dignidade Menstrual, TRIA ? Farmácia Popular) e para o SIM/SINASC.

Para conhecimento de todos, o Sr. Anderson Luis Oliveira foi o responsável pela implementação da regra de envio automático dos arquivos (desenvolvida em JavaScript), associada ao evento pós-recepção do arquivo no Q-ware. ",
130266,Integração de Dados Digital,Demanda,Demanda - Elaborar Proposta,Criação de um mecanismo automatizado (nova API) para receber e processar os arquivos de retorno.,"Criação de um mecanismo automatizado (nova API) para receber e processar os arquivos de retorno que estão sendo enviados pelos entes externos (por exemplo, MGI, DATAPREV e outros entes) para Coordenação Geral de Integração de Dados e Serviços Digitais - (CGID). 

Esses arquivos serão encaminhados de entes externos semanalmente para a CGID, e deverão ser armazenados na tabela tb_retorno_mensagem, no banco de dados P_Notificação (RNDS_Notificação), para atendimento às necessidades do projeto de mensageria que estão ocorrendo no DATASUS sob responsabilidade da (CGID) e demais Políticas Públicas que venham a surgir. Atualmente o retorno dos dados ocorre via caixa GIS do sistema IBM, mas não é armazenado no banco e na tabela descrita. 

Sistema IBM ( https://b2b.dataprev.gov.br/mailbox/jsp/MBILogout ).  ",
124630,Subproj Plataforma Brasil,Ordem de Serviço,OS - Em andamento,Ordem de Serviço,,
119523,e-SUS Regulação,Ordem de Serviço,OS - Entregue,Ordem de Serviço,,"
*Índice de Atraso na Execução da Ordem de Serviço (IAOS)*

*IAOS = ( QDDos - QDAos ) / QDAos*

*QDDos*: 7    (dias decorridos)
*QDAos*: 15     (dias acordados)
*IAOS* : -0.53 (índice)

*Resultado*: Aceitável

Cálculo conforme item 7.4.3 - Tabela 02, Anexo I - Termo de Referência. 

"
118764,e-SUS Regulação,Ordem de Serviço,OS - Entregue,Ordem de Serviço,,"
*Índice de Atraso na Execução da Ordem de Serviço (IAOS)*

*IAOS = ( QDDos - QDAos ) / QDAos*

*QDDos*: 7    (dias decorridos)
*QDAos*: 4     (dias acordados)
*IAOS* : 0.75 (índice)

*Resultado*: Inaceitável

Cálculo conforme item 7.4.3 - Tabela 02, Anexo I - Termo de Referência. 

"
118759,e-SUS Regulação,Ordem de Serviço,OS - Entregue,Ordem de Serviço,,"
*Índice de Atraso na Execução da Ordem de Serviço (IAOS)*

*IAOS = ( QDDos - QDAos ) / QDAos*

*QDDos*: 7    (dias decorridos)
*QDAos*: 4     (dias acordados)
*IAOS* : 0.75 (índice)

*Resultado*: Inaceitável

Cálculo conforme item 7.4.3 - Tabela 02, Anexo I - Termo de Referência. 

"
118769,e-SUS Regulação,Ordem de Serviço,OS - Entregue,Ordem de Serviço,,"
*Índice de Atraso na Execução da Ordem de Serviço (IAOS)*

*IAOS = ( QDDos - QDAos ) / QDAos*

*QDDos*: 7    (dias decorridos)
*QDAos*: 4     (dias acordados)
*IAOS* : 0.75 (índice)

*Resultado*: Inaceitável

Cálculo conforme item 7.4.3 - Tabela 02, Anexo I - Termo de Referência. 

"
118774,e-SUS Regulação,Ordem de Serviço,OS - Entregue,Ordem de Serviço,,"
*Índice de Atraso na Execução da Ordem de Serviço (IAOS)*

*IAOS = ( QDDos - QDAos ) / QDAos*

*QDDos*: 7    (dias decorridos)
*QDAos*: 4     (dias acordados)
*IAOS* : 0.75 (índice)

*Resultado*: Inaceitável

Cálculo conforme item 7.4.3 - Tabela 02, Anexo I - Termo de Referência. 

"
118754,e-SUS Regulação,Ordem de Serviço,OS - Entregue,Ordem de Serviço,,"
*Índice de Atraso na Execução da Ordem de Serviço (IAOS)*

*IAOS = ( QDDos - QDAos ) / QDAos*

*QDDos*: 7    (dias decorridos)
*QDAos*: 4     (dias acordados)
*IAOS* : 0.75 (índice)

*Resultado*: Inaceitável

Cálculo conforme item 7.4.3 - Tabela 02, Anexo I - Termo de Referência. 

"
118789,e-SUS Regulação,Ordem de Serviço,OS - Entregue,Ordem de Serviço,,"
*Índice de Atraso na Execução da Ordem de Serviço (IAOS)*

*IAOS = ( QDDos - QDAos ) / QDAos*

*QDDos*: 7    (dias decorridos)
*QDAos*: 4     (dias acordados)
*IAOS* : 0.75 (índice)

*Resultado*: Inaceitável

Cálculo conforme item 7.4.3 - Tabela 02, Anexo I - Termo de Referência. 

"
118799,e-SUS Regulação,Ordem de Serviço,OS - Entregue,Ordem de Serviço,,"
*Índice de Atraso na Execução da Ordem de Serviço (IAOS)*

*IAOS = ( QDDos - QDAos ) / QDAos*

*QDDos*: 7    (dias decorridos)
*QDAos*: 4     (dias acordados)
*IAOS* : 0.75 (índice)

*Resultado*: Inaceitável

Cálculo conforme item 7.4.3 - Tabela 02, Anexo I - Termo de Referência. 

"
118794,e-SUS Regulação,Ordem de Serviço,OS - Entregue,Ordem de Serviço,,"
*Índice de Atraso na Execução da Ordem de Serviço (IAOS)*

*IAOS = ( QDDos - QDAos ) / QDAos*

*QDDos*: 7    (dias decorridos)
*QDAos*: 4     (dias acordados)
*IAOS* : 0.75 (índice)

*Resultado*: Inaceitável

Cálculo conforme item 7.4.3 - Tabela 02, Anexo I - Termo de Referência. 

"
114407,e-SUS Regulação,Ordem de Serviço,OS - Entregue,Ordem de Serviço,,"
*Índice de Atraso na Execução da Ordem de Serviço (IAOS)*

*IAOS = ( QDDos - QDAos ) / QDAos*

*QDDos*: 225    (dias decorridos)
*QDAos*: 13     (dias acordados)
*IAOS* : 16.31 (índice)

*Resultado*: Inaceitável

Cálculo conforme item 7.4.3 - Tabela 02, Anexo I - Termo de Referência. 

"
114412,e-SUS Regulação,Ordem de Serviço,OS - Em andamento,Ordem de Serviço,,
113937,e-SUS Regulação,Demanda,Demanda - Em atendimento,"MANUTENÇÃO EVOLUTIVA - MÓDULO CONSULTAS, EXAMES E LABORATÓRIO - CONSULTA SOLICITAÇÕES - REMOÇÃO DE OBRIGATORIEDADE DOS CAMPOS PERÍODO E STATUS","*Descrição:*
Esta Ordem de Serviço tem como objetivo realizar um estudo de viabilidade para a remoção da obrigatoriedade dos campos ""Período"" (Tipo, Data Inicial e Data Final) e ""Status"" nas funcionalidades de consulta de solicitações presentes nos módulos CONSULTA, EXAME e LABORATÓRIO. A funcionalidade é utilizada em todas as áreas mencionadas, nas opções:
- CONSULTA> CONSULTAS> SOLICITAÇÕES,
- EXAME> EXAMES> SOLICITAÇÕES,
- LABORATÓRIO> LABORATÓRIO> SOLICITAÇÕES.

Atualmente, mesmo ao inserir o identificador da solicitação, o sistema exige o preenchimento obrigatório dos campos ""Período"" e ""Status"". No entanto, como o identificador é suficiente para retornar a solicitação desejada, a remoção dessa obrigatoriedade facilitaria o trabalho dos operadores.

Embora os campos sejam obrigatórios por questões de performance, sugere-se a realização de um estudo para avaliar a possibilidade de retirar essa exigência, principalmente quando o identificador da solicitação for informado. Caso não seja viável remover a obrigatoriedade de todos os campos, propõe-se a retirada da obrigatoriedade apenas do campo ""Status"" e do ""Tipo"" de Período, mantendo o mínimo de informações necessárias para garantir o retorno adequado das solicitações.

*Escopo do Trabalho:*
A equipe técnica responsável deverá:
- Analisar a viabilidade de remover a obrigatoriedade dos campos ""Período"" e ""Status"" quando o identificador da solicitação for inserido.
- Caso a remoção completa não seja viável, avaliar a possibilidade de retirar a obrigatoriedade apenas do campo ""Status"" e do ""Tipo"" de Período, mantendo o preenchimento das datas conforme necessário para a performance do sistema.
- Realizar testes para garantir que a consulta de solicitações funcione adequadamente sem a necessidade de preenchimento obrigatório desses campos.

*Justificativa:*
Esta demanda foi recebida via WEBATENDIMENTO no Ticket nº 202400158476, com imagem da tela em anexo. A alteração proposta visa facilitar o fluxo de trabalho dos operadores, permitindo maior agilidade na consulta de solicitações sem comprometer a performance do sistema.

*OBS:* Os erros foram encontrados no ambiente de treinamento. Contudo, como ambos os ambientes (treinamento e produção) são idênticos, solicitamos que a correção seja analisada e aplicada em ambos os ambientes.",
114402,e-SUS Regulação,Ordem de Serviço,OS - Em andamento,Ordem de Serviço,,
112302,e-SUS Regulação,Ordem de Serviço,OS - Em andamento,Ordem de Serviço,,
124876,e-SUS Regulação,Plano de Trabalho,Fase - Em andamento,Plano de Trabalho,,
116811,e-SUS Regulação,Demanda,Demanda - Em atendimento,MANUTENÇÃO EVOLUTIVA - ALTERAÇÃO DE TEXTO NO FRONT - MASCARA DE PRIVACIDADE - FLAGS NA SOLICITAÇÃO,"**Descrição:**  
Solicitamos alterações no sistema **e-SUS Regulação**, conforme descrito abaixo:  

1. **Alteração de textos no front-end:**  
   - **ESCALA:** Alterar ""Vaga Regulação"" para ""Vaga de Regulação/Reserva Técnica"" (presente nos perfis **COORDENADOR** e **REGULADOR**).  
   - **PACTUAÇÃO:** Alterar ""Acordo"" para ""Pactuação/Acordo"" (presente nos perfis **ADMINISTRADOR** e demais subordinados).  
   - **SOLICITAÇÃO (procedimento REGULADO):** Alterar o texto de ?O procedimento requer AUTORIZAÇÃO de um médico regulador da central executante selecionada.? para ?O procedimento requer AUTORIZAÇÃO de um REGULADOR da central executante selecionada.?, refletindo que o perfil REGULADOR não se limita a médicos, podendo incluir outros profissionais de saúde.  
   - **Prioridade de solicitação:** Alterar a nomenclatura de prioridades:  
     - De ""Muito Alta, Alta, Média, Baixa e Não Classificada"" para ""Alta, Intermediária, Média, Baixa e Não Classificada"".  
     - Atualizar as explicações de cada termo:  
       - **NÃO CLASSIFICADO:** Requer uma classificação por outro profissional.  
       - **AZUL:** Para risco e/ou vulnerabilidade não aguda.  
       - **VERDE:** Para risco e/ou vulnerabilidade baixa.  
       - **AMARELO:** Para risco e/ou vulnerabilidade intermediária.  
       - **VERMELHO:** Para risco e/ou vulnerabilidade alta.  

2. **Máscara de privacidade no CID:**  
   - Restringir a visualização do CID (permitindo apenas para o perfil de **REGULADOR** a visualização completa).  
   - Implementar botão ""VISUALIZAÇÃO COMPLETA"" na ficha do paciente (ou seja sem mascara de privacidade para os demais perfis). Caso o operador confirme a visualização, registrar o acesso na ficha do paciente.  

3. **Centralização de mensagens de aviso:**  
   - Centralizar os avisos principais na tela, visando melhorar a visibilidade e simetria até a implementação de indicadores rápidos.  

4. **Dados adicionais no formulário de solicitação:**  
   - Incluir **telefones** e **endereço com município de residência** do paciente na etapa ""DADOS DO PACIENTE"".  

5. **Flags na funcionalidade SOLICITAÇÃO:**  
   - Adicionar as flags:  
     - **TELESSAÚDE:** Ao marcar, exibir campos para informar os dados correspondentes.  
     - **OCI (Oferta de Cuidados Integrados):** Indicar que a solicitação está vinculada a uma OCI.  
   - Tornar essas flags disponíveis para pesquisa nos perfis **REGULADOR**, **ADMINISTRADOR** e **COORDENADOR**.  


**Objetivo:**  
1. Tornar os textos mais claros, refletindo as funções e nomenclaturas reais do sistema.  
2. Garantir a privacidade dos dados sensíveis dos pacientes (CID) e registrar a visualização quando necessária.  
3. Centralizar os avisos para maior eficiência e simetria visual.  
4. Incluir informações úteis e relevantes no formulário de solicitação para facilitar o trabalho dos operadores.  
5. Implementar as flags **TELESSAÚDE** e **OCI** para atender às demandas específicas e melhorar a rastreabilidade no sistema.  


**Justificativa:**  
Essas melhorias foram sugeridas durante treinamentos do sistema, via webatendimento, e-mails e telefonemas. As alterações de texto e nomenclatura ajudam a padronizar as informações e evitar confusões nos processos. A inclusão de uma máscara de privacidade no CID e o registro de visualizações reforçam a segurança e a rastreabilidade no sistema, garantindo conformidade com as boas práticas.  
A centralização de avisos e a inclusão de novos campos e flags otimizam o fluxo de trabalho dos operadores, melhorando a experiência e eficiência no uso do sistema.  ","De acordo com a reunião realizada em 23/06/2025, identificou-se que o item máscara de privacidade para o CID não foi implementado. De qualquer modo, solicita-se o encerramento da demanda, considerando que os demais itens foram entregues e que, futuramente, haverá uma revisão dos perfis e seus, respectivos, acessos aos dados sensíveis dos usuários do SUS."
116875,e-SUS Regulação,Demanda,Demanda - Entregue,MANUTENÇÃO EVOLUTIVA - ALTERAÇÃO DE TEXTO NO FRONT - EXIBIÇÃO DA PILHA DE NAVEGAÇÃO NO E-SUS REGULAÇÃO,"**Contexto e Problema Identificado:**  
Atualmente, no canto superior direito do sistema e-SUS Regulação, é exibida a trilha de navegação refletindo o caminho percorrido pelo usuário até a tela atual. Essa funcionalidade tem o objetivo de fornecer orientação sobre a localização dentro do sistema, facilitando a navegação. No entanto, algumas inconsistências e oportunidades de melhoria foram identificadas:  

1. **Ordem Contraditória da Navegação:**  
   - A estrutura da trilha de navegação exibe os itens de maneira que pode gerar confusão. Como a leitura padrão no Brasil segue o fluxo da esquerda para a direita (LTR - Left to Right), os usuários esperam que o último item represente a funcionalidade atual, mas a ordem atualmente utilizada não segue essa expectativa.  
   
2. **Duplicação do Item ""Home"":**  
   - O item ""Home"" aparece repetidamente em qualquer nível de navegação, o que pode causar estranheza e redundância visual. Ele não representa um destino obrigatório entre as telas e, na prática, o usuário não precisa acessá-lo antes de navegar para outras áreas do sistema.  

3. **Falta de Diferenciação Visual entre Caminho e Destino Atual:**  
   - Atualmente, todos os elementos da trilha de navegação possuem a mesma cor, o que dificulta a identificação do destino atual. Essa falta de diferenciação visual prejudica a usabilidade e torna a interface menos intuitiva.  


**Propostas de Melhorias:**  

**1. Ajuste na Ordem da Pilha de Navegação:**  
A trilha de navegação deve seguir uma lógica natural de leitura da esquerda para a direita. Isso significa que a primeira posição deve representar o primeiro nível acessado, e o último item deve representar a tela atual.  

**Exemplo da navegação atual:**  
Se o usuário percorre **Consulta > Cadastros > Procedimentos**, atualmente pode visualizar algo como:  
**Procedimentos > Cadastros > Consulta** (inverso ao esperado)  

**Sugestão corrigida:**  
**Consulta > Cadastros > Procedimentos** (seguindo a leitura lógica)  

**2. Remoção da Duplicação da View ""Home"":**  
- **Opção 1:** Remover completamente o item ""Home"" da trilha de navegação, já que ele não é um destino essencial para a navegação do usuário.  
- **Opção 2:** Se a exibição de ""Home"" for mantida, garantir que ele não apareça quando o usuário já estiver na página inicial, evitando duplicação desnecessária.  

**3. Alteração de Cores para Destacar o Destino Atual:**  
- Implementar diferenciação visual na trilha de navegação, destacando a funcionalidade atual com uma cor distinta (exemplo: azul), enquanto os itens anteriores permanecem em preto.  
- Se houver destinos na trilha que possam ser clicáveis no futuro (como atalhos para voltar a etapas anteriores), esses itens também podem ser destacados de forma sutil para indicar que são interativos.  

**Exemplo da melhoria de cores:**  
- **Antes:** Todos os itens da trilha com a mesma cor, sem distinção.  
- **Depois:**  
  - **Consulta** (preto) > **Cadastros** (preto) > **Procedimentos** (azul ? indicando tela atual)  

**Benefícios Esperados:**  
**Melhoria na usabilidade e experiência do usuário**, tornando a navegação mais intuitiva.  
**Redução de erros na interpretação da trilha de navegação**, já que a ordem será ajustada para corresponder à leitura natural.  
**Interface mais limpa e organizada**, removendo elementos redundantes como a duplicação do ""Home"".  
**Facilidade de localização dentro do sistema**, permitindo que os usuários identifiquem rapidamente onde estão.  
**Base para futuras melhorias**, como a possibilidade de tornar os itens da trilha clicáveis para navegação mais eficiente.  


**Justificativa da Demanda:**  
A proposta foi apresentada por Renato Reis (ADM SISREG - Paranaíba/MS) e tem como objetivo aprimorar a navegação dentro do e-SUS Regulação. A experiência do usuário será significativamente melhorada ao alinhar a trilha de navegação às convenções usuais de leitura e design de interfaces.","De acordo com a reunião realizada em 23/06/2025, identificou-se que a demanda ""3. Alteração de Cores para Destacar o Destino Atual: Se houver destinos na trilha que possam ser clicáveis no futuro (como atalhos para voltar a etapas anteriores), esses itens também podem ser destacados de forma sutil para indicar que são interativos"" é inviável, considerando que a trilha indica o menu acessado pelo usuário do sistema, isto é, não representa funcionalidades específicas. "
118779,e-SUS Regulação,Ordem de Serviço,OS - Entregue,Ordem de Serviço,,"
*Índice de Atraso na Execução da Ordem de Serviço (IAOS)*

*IAOS = ( QDDos - QDAos ) / QDAos*

*QDDos*: 11    (dias decorridos)
*QDAos*: 3     (dias acordados)
*IAOS* : 2.67 (índice)

*Resultado*: Inaceitável

Cálculo conforme item 7.4.3 - Tabela 02, Anexo I - Termo de Referência. 

"
118784,e-SUS Regulação,Ordem de Serviço,OS - Entregue,Ordem de Serviço,,"
*Índice de Atraso na Execução da Ordem de Serviço (IAOS)*

*IAOS = ( QDDos - QDAos ) / QDAos*

*QDDos*: 7    (dias decorridos)
*QDAos*: 4     (dias acordados)
*IAOS* : 0.75 (índice)

*Resultado*: Inaceitável

Cálculo conforme item 7.4.3 - Tabela 02, Anexo I - Termo de Referência. 

"
114686,e-SUS Regulação,Demanda,Demanda - Entregue,MANUTENÇÃO CORRETIVA - MÓDULO e-SUS REGULAÇÃO - ERRO NO AGENDAMENTO AUTOMÁTICO DA FILA DE ESPERA,"*Descrição:* 
Esta Ordem de Serviço tem como objetivo corrigir um erro no módulo **e-SUS Regulação**, que impede o **agendamento automático** dos pacientes na fila de espera, comprometendo a gestão de procedimentos e consultas.
A fila de espera no sistema e-SUS Regulação é uma ferramenta que ajuda a gerenciar a demanda por procedimentos e consultas quando não há vagas disponíveis imediatamente. Quando um paciente não consegue agendar um procedimento, ele pode ser automaticamente colocado na fila de espera, respeitando cotas, PPI, e tetos definidos para cada unidade e procedimento.

Resumo das Regras de Agendamento Automático:  
_1. **Ordenação de Solicitações**:_ 
   As solicitações na fila de espera são priorizadas de acordo com dois principais critérios:
* - **Classificação de prioridade**: Pacientes com classificações de maior prioridade, como ""vermelho"", são atendidos primeiro. Em seguida, vêm as classificações ""amarelo"", ""verde"", ""azul"" e ""Sem classificação"".
* - **Data de Criação**: Caso a classificação de prioridade não seja utilizada, o sistema ordena as solicitações pela data e hora em que foram criadas, atendendo os pedidos mais antigos primeiro.

_2. **Critérios para Disponibilização de Vagas**:_ 
   O sistema verifica vários fatores antes de marcar uma vaga automaticamente, como:
*   - Percentual de vagas destinadas à fila de espera.
*   - Disponibilidade de cotas e teto para a unidade solicitante.
*   - Feriados municipais e afastamentos de profissionais ou unidades.
*   - Parâmetros específicos do procedimento, como valores SIA e financeiros.

_3. **Limitações da Fila de Espera**:_ 
*   - Não é permitido enviar mais de uma solicitação para o mesmo procedimento e paciente. Se já houver uma solicitação em andamento, o sistema avisa o operador, evitando duplicidade (exeto para os profissionais com perfil Regulador).
*   - A fila de espera não é aplicável para procedimentos ""regulados"". Nestes casos, a solicitação deve ser diretamente encaminhada para a regulação e autorizado e só apos as autorização deverá ser encaminhada para fila de espera.

_4. **Flexibilidade na Configuração**:_ 
   A fila de espera pode ser configurada para funcionar de maneira manual ou automática. Quando a central de regulação opta por **não trabalhar com fila de espera**, os campos relacionados à configuração da fila não são exibidos.

_5. **Cancelamento e Regulação**:_ 
   Os operadores com perfil de regulador, coordenador e solicitante podem gerenciar as solicitações na fila de espera. Eles podem optar por tirar uma solicitação ou enviá-la para a regulação, dependendo da necessidade.

_6. **Processo Automático Diário**:_ 
   O sistema realiza a rotina de agendamento diariamente, o que agiliza o atendimento dos pacientes sem depender da intervenção manual dos operadores. Isso otimiza o uso das vagas e garante que os pacientes sejam chamados assim que uma vaga se abrir.

_7. **Exportação de Dados**:_ 
   Para facilitar o acompanhamento, o sistema também permite que as solicitações pendentes na fila de espera sejam exportadas, com detalhes sobre cada solicitação e sua posição (obdecendo o criterio anterior de: Classificação de prioridade e Data de Criação)

*Escopo do Trabalho:*  
A equipe técnica deverá:  
- Investigar a falha no processo de agendamento automático da fila de espera, que não está funcionando conforme o esperado.  
- Garantir que o sistema processe as solicitações na fila de espera de acordo com os critérios de priorização mencionados.  
- Corrigir as regras que governam a disponibilização de vagas, assegurando que todos os fatores relevantes sejam respeitados.  
- Testar o sistema após a correção para garantir que o agendamento automático esteja funcionando corretamente e que os pacientes sejam atendidos sem atrasos.  

*Justificativa:*  
A falha no agendamento automático da fila de espera impacta a eficiência do atendimento e gera um acúmulo de pacientes não atendidos, afetando a capacidade de resposta do sistema e a satisfação dos usuários. A correção é essencial para otimizar a gestão de filas e garantir que os pacientes sejam atendidos de maneira adequada e rápida.  ",Cabe informar que a demanda #123153 revisa as informações apresentadas no item 5. Cancelamento e Regulação.
115346,e-SUS Regulação,Demanda,Demanda - Entregue,MANUTENÇÃO CORRETIVA - APP ESUS CAPTAÇÃO DE FILAS - ERRO AO ALTERAR STATUS DE AGENDADO PARA ATENDIDO/INTERNADO,"**Descrição:**  
Ocorre um erro ao tentar alterar o status de ""AGENDADO"" para ""ATENDIDO/INTERNADO"" na funcionalidade de SOLICITAÇÃO do aplicativo ESUS CAPTAÇÃO DE FILAS. Após preencher as informações obrigatórias, como unidade de execução e data de atendimento, ao clicar no botão ""OK"" na tela de confirmação, o sistema retorna a mensagem de erro ""500 - Internal Server Error"". Esse problema tem impossibilitado o registro de atendimento dos pacientes nos últimos dias.
-- O usuário também mencionou um problema no dashboard relacionado ao número de arquivos enviados em CSV, porém essa questão já foi solucionada em outra OS (#113933)

**Escopo do trabalho:**  
- Analisar e corrigir o erro ""500 - Internal Server Error"" ao alterar o status de ""AGENDADO"" para ""ATENDIDO/INTERNADO"".
- Garantir que a funcionalidade de atualização de status funcione conforme esperado, permitindo o correto registro de atendimentos.
- Anexar evidências da ocorrência do erro e detalhar os passos realizados para correção.

**Justificativa:**  
A correção é essencial para garantir o fluxo de atendimento no aplicativo ESUS CAPTAÇÃO DE FILAS, permitindo que os profissionais de saúde registrem adequadamente os atendimentos realizados. A falha relatada compromete o acompanhamento do atendimento e a atualização do status dos pacientes, o que impacta o controle e o monitoramento das filas de atendimento.

",
118749,e-SUS Regulação,Ordem de Serviço,OS - Demandada,Ordem de Serviço,,
112737,subproj Hemovida Web Coagulopatias,Ordem de Serviço,OS - Entregue,Ordem de Serviço,,"
*Índice de Atraso na Execução da Ordem de Serviço (IAOS)*

*IAOS = ( QDDos - QDAos ) / QDAos*

*QDDos*: 30    (dias decorridos)
*QDAos*: 5     (dias acordados)
*IAOS* : 5.0 (índice)

*Resultado*: Inaceitável

Cálculo conforme item 7.4.3 - Tabela 02, Anexo I - Termo de Referência. 

"
112742,subproj Hemovida Web Coagulopatias,Ordem de Serviço,OS - Entregue,Ordem de Serviço,,"
*Índice de Atraso na Execução da Ordem de Serviço (IAOS)*

*IAOS = ( QDDos - QDAos ) / QDAos*

*QDDos*: 30    (dias decorridos)
*QDAos*: 5     (dias acordados)
*IAOS* : 5.0 (índice)

*Resultado*: Inaceitável

Cálculo conforme item 7.4.3 - Tabela 02, Anexo I - Termo de Referência. 

"
112747,subproj Hemovida Web Coagulopatias,Ordem de Serviço,OS - Entregue,Ordem de Serviço,,"
*Índice de Atraso na Execução da Ordem de Serviço (IAOS)*

*IAOS = ( QDDos - QDAos ) / QDAos*

*QDDos*: 30    (dias decorridos)
*QDAos*: 5     (dias acordados)
*IAOS* : 5.0 (índice)

*Resultado*: Inaceitável

Cálculo conforme item 7.4.3 - Tabela 02, Anexo I - Termo de Referência. 

"
112752,subproj Hemovida Web Coagulopatias,Ordem de Serviço,OS - Entregue,Ordem de Serviço,,"
*Índice de Atraso na Execução da Ordem de Serviço (IAOS)*

*IAOS = ( QDDos - QDAos ) / QDAos*

*QDDos*: 30    (dias decorridos)
*QDAos*: 5     (dias acordados)
*IAOS* : 5.0 (índice)

*Resultado*: Inaceitável

Cálculo conforme item 7.4.3 - Tabela 02, Anexo I - Termo de Referência. 

"
112757,subproj Hemovida Web Coagulopatias,Ordem de Serviço,OS - Entregue,Ordem de Serviço,,"
*Índice de Atraso na Execução da Ordem de Serviço (IAOS)*

*IAOS = ( QDDos - QDAos ) / QDAos*

*QDDos*: 30    (dias decorridos)
*QDAos*: 5     (dias acordados)
*IAOS* : 5.0 (índice)

*Resultado*: Inaceitável

Cálculo conforme item 7.4.3 - Tabela 02, Anexo I - Termo de Referência. 

"
112777,subproj Hemovida Web Coagulopatias,Ordem de Serviço,OS - Entregue,Ordem de Serviço,,"
*Índice de Atraso na Execução da Ordem de Serviço (IAOS)*

*IAOS = ( QDDos - QDAos ) / QDAos*

*QDDos*: 30    (dias decorridos)
*QDAos*: 2     (dias acordados)
*IAOS* : 14.0 (índice)

*Resultado*: Inaceitável

Cálculo conforme item 7.4.3 - Tabela 02, Anexo I - Termo de Referência. 

"
112782,subproj Hemovida Web Coagulopatias,Ordem de Serviço,OS - Entregue,Ordem de Serviço,,"
*Índice de Atraso na Execução da Ordem de Serviço (IAOS)*

*IAOS = ( QDDos - QDAos ) / QDAos*

*QDDos*: 30    (dias decorridos)
*QDAos*: 5     (dias acordados)
*IAOS* : 5.0 (índice)

*Resultado*: Inaceitável

Cálculo conforme item 7.4.3 - Tabela 02, Anexo I - Termo de Referência. 

"
112787,subproj Hemovida Web Coagulopatias,Ordem de Serviço,OS - Entregue,Ordem de Serviço,,"
*Índice de Atraso na Execução da Ordem de Serviço (IAOS)*

*IAOS = ( QDDos - QDAos ) / QDAos*

*QDDos*: 30    (dias decorridos)
*QDAos*: 5     (dias acordados)
*IAOS* : 5.0 (índice)

*Resultado*: Inaceitável

Cálculo conforme item 7.4.3 - Tabela 02, Anexo I - Termo de Referência. 

"
112797,subproj Hemovida Web Coagulopatias,Ordem de Serviço,OS - Entregue,Ordem de Serviço,,"
*Índice de Atraso na Execução da Ordem de Serviço (IAOS)*

*IAOS = ( QDDos - QDAos ) / QDAos*

*QDDos*: 70    (dias decorridos)
*QDAos*: 2     (dias acordados)
*IAOS* : 34.0 (índice)

*Resultado*: Inaceitável

Cálculo conforme item 7.4.3 - Tabela 02, Anexo I - Termo de Referência. 

"
112802,subproj Hemovida Web Coagulopatias,Ordem de Serviço,OS - Entregue,Ordem de Serviço,,"
*Índice de Atraso na Execução da Ordem de Serviço (IAOS)*

*IAOS = ( QDDos - QDAos ) / QDAos*

*QDDos*: 70    (dias decorridos)
*QDAos*: 7     (dias acordados)
*IAOS* : 9.0 (índice)

*Resultado*: Inaceitável

Cálculo conforme item 7.4.3 - Tabela 02, Anexo I - Termo de Referência. 

"
114961,subproj Hemovida Web Coagulopatias,Ordem de Serviço,OS - Entregue,Ordem de Serviço,,"
*Índice de Atraso na Execução da Ordem de Serviço (IAOS)*

*IAOS = ( QDDos - QDAos ) / QDAos*

*QDDos*: 36    (dias decorridos)
*QDAos*: 2     (dias acordados)
*IAOS* : 17.0 (índice)

*Resultado*: Inaceitável

Cálculo conforme item 7.4.3 - Tabela 02, Anexo I - Termo de Referência. 

"
114966,subproj Hemovida Web Coagulopatias,Ordem de Serviço,OS - Entregue,Ordem de Serviço,,"
*Índice de Atraso na Execução da Ordem de Serviço (IAOS)*

*IAOS = ( QDDos - QDAos ) / QDAos*

*QDDos*: 36    (dias decorridos)
*QDAos*: 2     (dias acordados)
*IAOS* : 17.0 (índice)

*Resultado*: Inaceitável

Cálculo conforme item 7.4.3 - Tabela 02, Anexo I - Termo de Referência. 

"
114981,subproj Hemovida Web Coagulopatias,Ordem de Serviço,OS - Entregue,Ordem de Serviço,,"
*Índice de Atraso na Execução da Ordem de Serviço (IAOS)*

*IAOS = ( QDDos - QDAos ) / QDAos*

*QDDos*: 36    (dias decorridos)
*QDAos*: 2     (dias acordados)
*IAOS* : 17.0 (índice)

*Resultado*: Inaceitável

Cálculo conforme item 7.4.3 - Tabela 02, Anexo I - Termo de Referência. 

"
114996,subproj Hemovida Web Coagulopatias,Ordem de Serviço,OS - Entregue,Ordem de Serviço,,"
*Índice de Atraso na Execução da Ordem de Serviço (IAOS)*

*IAOS = ( QDDos - QDAos ) / QDAos*

*QDDos*: 36    (dias decorridos)
*QDAos*: 7     (dias acordados)
*IAOS* : 4.14 (índice)

*Resultado*: Inaceitável

Cálculo conforme item 7.4.3 - Tabela 02, Anexo I - Termo de Referência. 

"
114956,subproj Hemovida Web Coagulopatias,Ordem de Serviço,OS - Entregue,Ordem de Serviço,,"
*Índice de Atraso na Execução da Ordem de Serviço (IAOS)*

*IAOS = ( QDDos - QDAos ) / QDAos*

*QDDos*: 36    (dias decorridos)
*QDAos*: 6     (dias acordados)
*IAOS* : 5.0 (índice)

*Resultado*: Inaceitável

Cálculo conforme item 7.4.3 - Tabela 02, Anexo I - Termo de Referência. 

"
112792,subproj Hemovida Web Coagulopatias,Ordem de Serviço,OS - Entregue,Ordem de Serviço,,"
*Índice de Atraso na Execução da Ordem de Serviço (IAOS)*

*IAOS = ( QDDos - QDAos ) / QDAos*

*QDDos*: 70    (dias decorridos)
*QDAos*: 5     (dias acordados)
*IAOS* : 13.0 (índice)

*Resultado*: Inaceitável

Cálculo conforme item 7.4.3 - Tabela 02, Anexo I - Termo de Referência. 

"
112772,subproj Hemovida Web Coagulopatias,Ordem de Serviço,OS - Entregue,Ordem de Serviço,,"
*Índice de Atraso na Execução da Ordem de Serviço (IAOS)*

*IAOS = ( QDDos - QDAos ) / QDAos*

*QDDos*: 30    (dias decorridos)
*QDAos*: 2     (dias acordados)
*IAOS* : 14.0 (índice)

*Resultado*: Inaceitável

Cálculo conforme item 7.4.3 - Tabela 02, Anexo I - Termo de Referência. 

"
112767,subproj Hemovida Web Coagulopatias,Ordem de Serviço,OS - Entregue,Ordem de Serviço,,"
*Índice de Atraso na Execução da Ordem de Serviço (IAOS)*

*IAOS = ( QDDos - QDAos ) / QDAos*

*QDDos*: 30    (dias decorridos)
*QDAos*: 7     (dias acordados)
*IAOS* : 3.29 (índice)

*Resultado*: Inaceitável

Cálculo conforme item 7.4.3 - Tabela 02, Anexo I - Termo de Referência. 

"
111955,subproj Hemovida Web Coagulopatias,Ordem de Serviço,OS - Entregue,Ordem de Serviço,,"
*Índice de Atraso na Execução da Ordem de Serviço (IAOS)*

*IAOS = ( QDDos - QDAos ) / QDAos*

*QDDos*: 30    (dias decorridos)
*QDAos*: 14     (dias acordados)
*IAOS* : 1.14 (índice)

*Resultado*: Inaceitável

Cálculo conforme item 7.4.3 - Tabela 02, Anexo I - Termo de Referência. 

"
111681,subproj Hemovida Web Coagulopatias,Ordem de Serviço,OS - Entregue,Ordem de Serviço,,"
*Índice de Atraso na Execução da Ordem de Serviço (IAOS)*

*IAOS = ( QDDos - QDAos ) / QDAos*

*QDDos*: 42    (dias decorridos)
*QDAos*: 7     (dias acordados)
*IAOS* : 5.0 (índice)

*Resultado*: Inaceitável

Cálculo conforme item 7.4.3 - Tabela 02, Anexo I - Termo de Referência. 

"
114389,SubProj SIA,Demanda,Demanda - Em atendimento,Análise Relatórios SIA - CAPS Novo Amanhã - Caxias do Sul/RS,"Solicitamos análise dos relatórios em anexo para que seja verificado o motivo da divergência entre as informações apresentadas, conforme relato do gestor no e-mail anexo e transcrito abaixo:

_Bom dia, prezados! Em anexo encaminho os relatórios físico / financeiro para avaliação.
Por exemplo, no físico financeiro o procedimento 0301080020 aparece como produzido e aprovado 01 vez.
Mas se observar o relatório de crítica aberta, esse mesmo procedimento aparece com o status ""sem erros"" diversas vezes.
Então a nossa dúvida é porque não temos esse procedimento como produzido /  aprovado mais vezes no físico financeiro._","Prezados, Solicito o cancelamento da presente OS, pois o gestor informou que o prestador não relatou mais problemas."
113000,RTS - Repositório de Terminologias e Templates em Saúde,Ordem de Serviço,OS - Revisar Indicadores,Ordem de Serviço,,"
*Avaliação da Qualidade - Níveis Mínimos de Serviços Exigidos*

*Índice de Atraso na Execução dos Sprints (IAES)*

*Crítico*: 0 * 2% sobre valor da OS
*Inaceitável*: 0 * 5% sobre valor da OS

*Glosa*: 0

Cálculo conforme item 7.4.3 - Tabela 01, Anexo I - Termo de Referência. 



 ****************** 


*Índice de Atraso na Execução da Ordem de Serviço (IAOS)*

*Resultado*: Crítico * 3% sobre valor da OS 

*Glosa*: 0.0

Cálculo conforme item 7.4.3 - Tabela 02, Anexo I - Termo de Referência. 

"
115237,RTS - Repositório de Terminologias e Templates em Saúde,Ordem de Serviço,OS - Entregue,Ordem de Serviço,,"
*Índice de Atraso na Execução da Ordem de Serviço (IAOS)*

*IAOS = ( QDDos - QDAos ) / QDAos*

*QDDos*: 30    (dias decorridos)
*QDAos*: 8     (dias acordados)
*IAOS* : 2.75 (índice)

*Resultado*: Inaceitável

Cálculo conforme item 7.4.3 - Tabela 02, Anexo I - Termo de Referência. 

"
115440,"SIGTAP - SISTEMA DE GERENCIAMENTO DA TABELA DE PROCEDIMENTOS, MEDICAMENTOS E OPM DO SUS-RJ",Ordem de Serviço,OS - Entregue,Ordem de Serviço,,"
*Índice de Atraso na Execução da Ordem de Serviço (IAOS)*

*IAOS = ( QDDos - QDAos ) / QDAos*

*QDDos*: 29    (dias decorridos)
*QDAos*: 2     (dias acordados)
*IAOS* : 13.5 (índice)

*Resultado*: Inaceitável

Cálculo conforme item 7.4.3 - Tabela 02, Anexo I - Termo de Referência. 

"
112513,SubProj SIH,Ordem de Serviço,OS - Entregue,Ordem de Serviço,,"
*Índice de Atraso na Execução da Ordem de Serviço (IAOS)*

*IAOS = ( QDDos - QDAos ) / QDAos*

*QDDos*: 112    (dias decorridos)
*QDAos*: 14     (dias acordados)
*IAOS* : 7.0 (índice)

*Resultado*: Inaceitável

Cálculo conforme item 7.4.3 - Tabela 02, Anexo I - Termo de Referência. 

"
112498,SubProj SIH,Ordem de Serviço,OS - Entregue,Ordem de Serviço,,"
*Índice de Atraso na Execução da Ordem de Serviço (IAOS)*

*IAOS = ( QDDos - QDAos ) / QDAos*

*QDDos*: 112    (dias decorridos)
*QDAos*: 14     (dias acordados)
*IAOS* : 7.0 (índice)

*Resultado*: Inaceitável

Cálculo conforme item 7.4.3 - Tabela 02, Anexo I - Termo de Referência. 

"
112898,SubProj SIA,Ordem de Serviço,OS - Entregue,Ordem de Serviço,,"
*Índice de Atraso na Execução da Ordem de Serviço (IAOS)*

*IAOS = ( QDDos - QDAos ) / QDAos*

*QDDos*: 75    (dias decorridos)
*QDAos*: 5     (dias acordados)
*IAOS* : 14.0 (índice)

*Resultado*: Inaceitável

Cálculo conforme item 7.4.3 - Tabela 02, Anexo I - Termo de Referência. 

"
114854,SubProj CIHA,Ordem de Serviço,OS - Entregue,Ordem de Serviço,,"
*Índice de Atraso na Execução da Ordem de Serviço (IAOS)*

*IAOS = ( QDDos - QDAos ) / QDAos*

*QDDos*: 56    (dias decorridos)
*QDAos*: 6     (dias acordados)
*IAOS* : 8.33 (índice)

*Resultado*: Inaceitável

Cálculo conforme item 7.4.3 - Tabela 02, Anexo I - Termo de Referência. 

"
111486,subproj Hemovida Web Coagulopatias,Ordem de Serviço,OS - Revisar Indicadores,Ordem de Serviço,,"
*Avaliação da Qualidade - Níveis Mínimos de Serviços Exigidos*

*Índice de Atraso na Execução dos Sprints (IAES)*

*Crítico*: 0 * 2% sobre valor da OS
*Inaceitável*: 0 * 5% sobre valor da OS

*Glosa*: 0

Cálculo conforme item 7.4.3 - Tabela 01, Anexo I - Termo de Referência. 



 ****************** 


*Índice de Atraso na Execução da Ordem de Serviço (IAOS)*

*Resultado*: Crítico * 3% sobre valor da OS 

*Glosa*: 0.0

Cálculo conforme item 7.4.3 - Tabela 02, Anexo I - Termo de Referência. 

"
115199,SubProj SIH,Ordem de Serviço,OS - Entregue,Ordem de Serviço,,"
*Índice de Atraso na Execução da Ordem de Serviço (IAOS)*

*IAOS = ( QDDos - QDAos ) / QDAos*

*QDDos*: 37    (dias decorridos)
*QDAos*: 8     (dias acordados)
*IAOS* : 3.63 (índice)

*Resultado*: Inaceitável

Cálculo conforme item 7.4.3 - Tabela 02, Anexo I - Termo de Referência. 

"
112866,SubProj SIA,Ordem de Serviço,OS - Entregue,Ordem de Serviço,,"
*Índice de Atraso na Execução da Ordem de Serviço (IAOS)*

*IAOS = ( QDDos - QDAos ) / QDAos*

*QDDos*: 60    (dias decorridos)
*QDAos*: 12     (dias acordados)
*IAOS* : 4.0 (índice)

*Resultado*: Inaceitável

Cálculo conforme item 7.4.3 - Tabela 02, Anexo I - Termo de Referência. 

"
112549,SubProj SIA,Ordem de Serviço,OS - Entregue,Ordem de Serviço,,"
*Índice de Atraso na Execução da Ordem de Serviço (IAOS)*

*IAOS = ( QDDos - QDAos ) / QDAos*

*QDDos*: 35    (dias decorridos)
*QDAos*: 6     (dias acordados)
*IAOS* : 4.83 (índice)

*Resultado*: Inaceitável

Cálculo conforme item 7.4.3 - Tabela 02, Anexo I - Termo de Referência. 

"
112529,SubProj SIA,Ordem de Serviço,OS - Entregue,Ordem de Serviço,,"
*Índice de Atraso na Execução da Ordem de Serviço (IAOS)*

*IAOS = ( QDDos - QDAos ) / QDAos*

*QDDos*: 40    (dias decorridos)
*QDAos*: 8     (dias acordados)
*IAOS* : 4.0 (índice)

*Resultado*: Inaceitável

Cálculo conforme item 7.4.3 - Tabela 02, Anexo I - Termo de Referência. 

"
114849,SubProj CIHA,Ordem de Serviço,OS - Entregue,Ordem de Serviço,,"
*Índice de Atraso na Execução da Ordem de Serviço (IAOS)*

*IAOS = ( QDDos - QDAos ) / QDAos*

*QDDos*: 56    (dias decorridos)
*QDAos*: 6     (dias acordados)
*IAOS* : 8.33 (índice)

*Resultado*: Inaceitável

Cálculo conforme item 7.4.3 - Tabela 02, Anexo I - Termo de Referência. 

"
114844,SubProj CIHA,Ordem de Serviço,OS - Entregue,Ordem de Serviço,,"
*Índice de Atraso na Execução da Ordem de Serviço (IAOS)*

*IAOS = ( QDDos - QDAos ) / QDAos*

*QDDos*: 56    (dias decorridos)
*QDAos*: 6     (dias acordados)
*IAOS* : 8.33 (índice)

*Resultado*: Inaceitável

Cálculo conforme item 7.4.3 - Tabela 02, Anexo I - Termo de Referência. 

"
111676,subproj Hemovida Web Coagulopatias,Ordem de Serviço,OS - Entregue,Ordem de Serviço,,"
*Índice de Atraso na Execução da Ordem de Serviço (IAOS)*

*IAOS = ( QDDos - QDAos ) / QDAos*

*QDDos*: 30    (dias decorridos)
*QDAos*: 9     (dias acordados)
*IAOS* : 2.33 (índice)

*Resultado*: Inaceitável

Cálculo conforme item 7.4.3 - Tabela 02, Anexo I - Termo de Referência. 

"
111671,subproj Hemovida Web Coagulopatias,Ordem de Serviço,OS - Entregue,Ordem de Serviço,,"
*Índice de Atraso na Execução da Ordem de Serviço (IAOS)*

*IAOS = ( QDDos - QDAos ) / QDAos*

*QDDos*: 120    (dias decorridos)
*QDAos*: 10     (dias acordados)
*IAOS* : 11.0 (índice)

*Resultado*: Inaceitável

Cálculo conforme item 7.4.3 - Tabela 02, Anexo I - Termo de Referência. 

"
114651,SubProj_CNES,Ordem de Serviço,OS - Revisar Indicadores,Ordem de Serviço,,"
*Avaliação da Qualidade - Níveis Mínimos de Serviços Exigidos*

*Índice de Atraso na Execução dos Sprints (IAES)*

*Crítico*: 0 * 2% sobre valor da OS
*Inaceitável*: 0 * 5% sobre valor da OS

*Glosa*: 0

Cálculo conforme item 7.4.3 - Tabela 01, Anexo I - Termo de Referência. 



 ****************** 


*Índice de Atraso na Execução da Ordem de Serviço (IAOS)*

*Resultado*: Aceitável 

*Glosa*: 0

Cálculo conforme item 7.4.3 - Tabela 02, Anexo I - Termo de Referência. 

"
114645,SubProj_CNES,Ordem de Serviço,OS - Revisar Indicadores,Ordem de Serviço,,"
*Avaliação da Qualidade - Níveis Mínimos de Serviços Exigidos*

*Índice de Atraso na Execução dos Sprints (IAES)*

*Crítico*: 0 * 2% sobre valor da OS
*Inaceitável*: 0 * 5% sobre valor da OS

*Glosa*: 0

Cálculo conforme item 7.4.3 - Tabela 01, Anexo I - Termo de Referência. 



 ****************** 


*Índice de Atraso na Execução da Ordem de Serviço (IAOS)*

*Resultado*: Aceitável 

*Glosa*: 0

Cálculo conforme item 7.4.3 - Tabela 02, Anexo I - Termo de Referência. 

"
112966,SubProj_CNES,Ordem de Serviço,OS - Revisar Indicadores,Ordem de Serviço,,"
*Avaliação da Qualidade - Níveis Mínimos de Serviços Exigidos*

*Índice de Atraso na Execução dos Sprints (IAES)*

*Crítico*: 0 * 2% sobre valor da OS
*Inaceitável*: 0 * 5% sobre valor da OS

*Glosa*: 0

Cálculo conforme item 7.4.3 - Tabela 01, Anexo I - Termo de Referência. 



 ****************** 


*Índice de Atraso na Execução da Ordem de Serviço (IAOS)*

*Resultado*: Aceitável 

*Glosa*: 0

Cálculo conforme item 7.4.3 - Tabela 02, Anexo I - Termo de Referência. 

"
112960,SubProj_CNES,Ordem de Serviço,OS - Revisar Indicadores,Ordem de Serviço,,"
*Avaliação da Qualidade - Níveis Mínimos de Serviços Exigidos*

*Índice de Atraso na Execução dos Sprints (IAES)*

*Crítico*: 0 * 2% sobre valor da OS
*Inaceitável*: 0 * 5% sobre valor da OS

*Glosa*: 0

Cálculo conforme item 7.4.3 - Tabela 01, Anexo I - Termo de Referência. 



 ****************** 


*Índice de Atraso na Execução da Ordem de Serviço (IAOS)*

*Resultado*: Aceitável 

*Glosa*: 0

Cálculo conforme item 7.4.3 - Tabela 02, Anexo I - Termo de Referência. 

"
115194,Subproj HORUS,Ordem de Serviço,OS - Entregue,Ordem de Serviço,,"
*Índice de Atraso na Execução da Ordem de Serviço (IAOS)*

*IAOS = ( QDDos - QDAos ) / QDAos*

*QDDos*: 36    (dias decorridos)
*QDAos*: 8     (dias acordados)
*IAOS* : 3.5 (índice)

*Resultado*: Inaceitável

Cálculo conforme item 7.4.3 - Tabela 02, Anexo I - Termo de Referência. 

"
110725,Subproj HORUS,Demanda,Demanda - Em atendimento,Estorno duplicado na entrada_HE_MT,"O estabelecimento de saúde FARMACIA DE ATENDIMENTO AO COMPONENTE ESPECIALIZADO DE MATO GROSSO - CEAF (CNES 4069463) no Mato Grosso, que executa o Horus Especializado, relata que após realizar o estorno da dispensação do paciente DIRCEU JOSE ROSSETO (CNS 898002952870901), o sistema duplicou a entrada do produto BR0272825U0042 PRAMIPEXOL 0,25 MG COMP GRUPO 1.A (lote 3T1601), fazendo com que o estabelecimento de saúde possua um saldo excedente de 90 comprimidos no seu estoque. 
Após o estorno, foi realizada uma nova dispensação com o mesmo quantitativo (90 comprimidos), no entanto, no sistema permanece um saldo excedente de 90 comprimidos. 
",Após contato com a SES/MT foi confirmado que o erro ainda persiste para o medicamento BR0445431U0042 - SACUBITRIL VALSARTANA SÓDICA HIDRATADA 50 MG COMPRIMIDO GRUPO 1.B. (diferença de 140 comprimidos 'a mais' no estoque virtal)
114200,SubProj SISAIH01,Ordem de Serviço,OS - Entregue,Ordem de Serviço,,"
*Índice de Atraso na Execução da Ordem de Serviço (IAOS)*

*IAOS = ( QDDos - QDAos ) / QDAos*

*QDDos*: 15    (dias decorridos)
*QDAos*: 7     (dias acordados)
*IAOS* : 1.14 (índice)

*Resultado*: Inaceitável

Cálculo conforme item 7.4.3 - Tabela 02, Anexo I - Termo de Referência. 

"
114477,subproj Hemovida Web Coagulopatias,Demanda,Demanda - Entregue,CGSH - Extração bancos de dados Paciente e Infusão campo gravidade divergente ou SI.,"
*Escopo:* Na extração de banco de dados Paciente e Infusão, ao cruzar a informação de da gravidade alguns registros estão divergentes.

Exemplo: Existe registro de paciente onde a gravidade é 3 e esse mesmo paciente no banco de infusão está com a gravidade 2 (Arquivo Excel Cruzamento_Paciente_Infusao_gravidade - Linha 156)

Muitos registros estão sem informação da gravidade no banco de paciente, entretanto, no banco de infusão a gravidade é apresentada. E vise e versa quando a comparação é feita entre os bancos infusão e paciente.

*Justificativa:* O sistema deve gerar a informação conforme registrada pelo estabelecimento.

*Objetivo:* Apresentar informação correta para geração de indicador do Plano Plurianual - PPA e apoiar na tomada de decisão.

*NOTA:* "" _Este atendimento possui dados sensíveis, dessa forma o artigo 26 da LGPD prevê que o uso compartilhado de dados pessoais pelo Poder Público deve atender a finalidades específicas de execução de políticas públicas e atribuição legal pelos órgãos e pelas entidades públicas, respeitados os princípios de proteção de dados pessoais elencados no art. 6º da Lei. Sendo assim utilizados para realização de suporte/manutenção, conforme orientação do serviço hemoterápico solicitante_ ""
",Solicitamos atendimento da demanda.
113970,subproj Hemovida Web Coagulopatias,Demanda,Demanda - Entregue,PI ? Alterar e-mail cadastro de usuário Gestor Estadual.,"
*Escopo:* Substituir o e-mail anaelzira@hemopi.pi.gov.br por ana.leopoldino@saude.pi.gov.br . Solicitação pela própria gestora estadual ANA ELZIRA DANTAS N. LEOPOLDINO da instituição HEMOPI.

*Justificativa:* Uma vez que o sistema não possui uma funcionalidade de incluir, alterar e inativar Gestor estadual, o atendimento será realizado pela equipe de desenvolvimento do sistema, Datasus.

*Objetivo:* Manter cadastro do Gestor Estadual atualizado.

*NOTA:* "" _Este atendimento possui dados sensíveis, dessa forma o artigo 26 da LGPD prevê que o uso compartilhado de dados pessoais pelo Poder Público deve atender a finalidades específicas de execução de políticas públicas e atribuição legal pelos órgãos e pelas entidades públicas, respeitados os princípios de proteção de dados pessoais elencados no art. 6º da Lei. Sendo assim utilizados para realização de suporte/manutenção, conforme orientação do serviço hemoterápico solicitante_ ""
",Solicitamos atendimento da demanda.
113712,subproj Hemovida Web Coagulopatias,Demanda,Demanda - Entregue,TO - Usuária inativa na lista de usuários ativos.,"
*Escopo:* A usuária ANDREA BORGES RIBEIRO,CPF 782.920.181-15, instituição AGÊNCIA TRANSFUSIONAL DO HOSPITAL DONA REGINA - HDR, perfil CONTROLADOR ESTOQUE SERVIÇO, e-mail  andreaborgesribeiro@gmail.com, estado TOCANTINS está com o acesso inativado, mas o sistema apresenta o nome dela na lista de usuários.

*Justificativa:* Usuários inativados não devem ser apresentados na lista de usuários ativos. Retirar a informação dessa lista.

*Objetivo:* Manter as informações atualizadas conforme regra de negócio.

*ATENÇÃO! Informações complementares em anexo.*

*NOTA:* "" _Este atendimento possui dados sensíveis, dessa forma o artigo 26 da LGPD prevê que o uso compartilhado de dados pessoais pelo Poder Público deve atender a finalidades específicas de execução de políticas públicas e atribuição legal pelos órgãos e pelas entidades públicas, respeitados os princípios de proteção de dados pessoais elencados no art. 6º da Lei. Sendo assim utilizados para realização de suporte/manutenção, conforme orientação do serviço hemoterápico solicitante_ "".

",Solicitamos atendimento da demanda.
114478,SubProj CIHA,Demanda,Demanda - Entregue,Análise de Erro - CIHA - Joinville/SC,"Solicitamos que o erro reportado pelo gestor de Joinville/SC, conforme e-mail anexo, seja analisado.

Em suma, o gestor alega estar utilizando a ultima versão do CIHA02 e também que os seus prestadores estão usando a última versão do CIHA01.
No entanto, as remessas estão sendo rejeitadas com erro de versão.
Em anexo, os arquivos gerados pelos prestadores que eles enviaram como exemplo. ",
114452,SubProj CIHA,Demanda,Demanda - Entregue,Duplicidade dados CIHA no tabwin,"Usuário relata que os arquivos do TABWIN estão dobrados conforme relatos e documentos anexos. 
Solicitamos análise desse eventual problema. 

""Boa tarde

Atualizamos todos os arquivos DBC o TABWIN resultou conforme o arquivo em anexo, porém o valor da competência 07/2023 está dobrado (referente ao Hospital São Marcelino Champagnat ( CNES 006878318).

Já relatamos esta questão em relação ao HUEM (CNES 0015245) no e-mail enviado em 11/07/2024.
Solicitamos a correção deste erro o mais breve possível.

Grata

Att
Luciana
Auditora CIHA -CSCA - SMS Curitiba
Fone: (41) 3350-943""


""Bom dia

Realizei o teste do TABWIN atualizado do CNES 0015245 das competências de 2023.
Constatei que foi atualizado corretamente das competências 06 e 07/2023 os dados da QUANTIDADE DE PROCEDIMENTO, porém os dados do DIAS DE PERMANÊNCIA ficaram com o valor dobrado.
Esta evidência está nas colunas N, O, P, Q do Excel anexo e junto deve-se comparar com os prints dos relatórios do arquivo Word.

Acredito que, em sendo possível a transmissão do CIHA de aproximadamente 5 anos para trás,o TABWIN (arquivos DBC) deva ser mensalmente atualizado para contemplar esta situação.

Att
Luciana
Auditora CIHA -CSCA - SMS Curitiba
Fone: (41) 3350-9438""",
114450,SubProj CIHA,Demanda,Demanda - Entregue,Disponibilizar tabelas no site CIHA,"Solicitamos que sejam disponibilizadas as seguintes tabelas no site do CIHA:

FONTE DE REMUNERAÇÃO 
MOTIVO DE ENCERRAMENTO 
OPERADORAS 
PROCEDIMENTOS GENÉRICOS",
112891,SubProj SIA,Ordem de Serviço,OS - Entregue,Ordem de Serviço,,"
*Índice de Atraso na Execução da Ordem de Serviço (IAOS)*

*IAOS = ( QDDos - QDAos ) / QDAos*

*QDDos*: 111    (dias decorridos)
*QDAos*: 5     (dias acordados)
*IAOS* : 21.2 (índice)

*Resultado*: Inaceitável

Cálculo conforme item 7.4.3 - Tabela 02, Anexo I - Termo de Referência. 

"
111906,SubProj SIA,Demanda,Demanda - Entregue,Atualizar layout BPA,"Atualizar layout do BPA, conforme segue:

- Marcar o campo Raça/cor como obrigatório;
- Desmarcar o campo CPF do paciente como obrigatório, pois só é obrigatório quando procedimento exigir. 
- Incluir a observação nos campos CNS do paciente e CPF do paciente: Deve-se identificar o paciente por apenas um documento: ou o CPF ou o CNS. Sendo assim, se informado o CPF, não informar o CNS e vice-versa.","OBS.: Por favor, ajustar o campo ""Raça/cor"" (prd-raca), marcando no layout como sendo um campo obrigatório. "
110985,SubProj SIH,Demanda,Demanda - Entregue,Análise de erro - SIHD - SES PE - Rejeição leito pediátrico,"Solicitamos análise do erro reportado pela SES de Pernambuco no processamento do SIHD, conforme e-mail anexo.
Em suma, o sistema está rejeitando equivocadamente uma AIH do prestador MAX DAY HOSPITAL - 5333504 em função de ausência de leito pediátrico, mas o prestador tem leitos pediátricos devidamente cadastrados no CNES.

Link para a base de dados e arquivo do estabelecimento, disponibilizados pelo gestor:

BACKUP SIHD: https://drive.google.com/file/d/1VEiRRmbdd-WTLEjZ1bQMHk_qgHH2jDg-/view?usp=drive_link

ARQUIVO DO ESTABELECIMENTO: https://drive.google.com/file/d/1hs2TVKZEoObag4tT4qmntbDPVX2C3Msa/view?usp=drive_link
",
110721,SubProj SIH,Demanda,Demanda - Entregue,Análise de Erro -  SIHD - SES SC,"Solicitamos análise dos problemas relatados pela SES SC no e-mail anexo, o qual reproduzimos abaixo:

""Mensalmente temos inúmeras dificuldades no período do processamento, vou detalhar:

1. Inoperabilidade do SIHD2, ou o sistema não abre ou abre e logo trava, sendo necessário para fechar usar as teclas crtl+alt+del e reiniciar. Esse problema ocorre de longa data, porém com agravamento importante nos últimos 3 meses, chegando ao ponto de na última competência dos 5 dias úteis que nos foi liberado para análise funcionou em apenas 2, o que culminou na manutenção de muitas contas bloqueadas, por falta de tempo hábil para análise. 

2. AIH mesmo CNS x sequencial, são analisadas e liberadas. Porém ao término do processamento voltam a ficar bloqueadas, agora com o CPF do auditor que liberou. 

3. Observamos no SIHD2 AIHs em que é solicitada a liberação, porém ao consultar já estão liberadas sem análise do auditor e sem CPF de quem liberou. 

4. AIHS liberadas e salvas voltam ao final a aparecer como bloqueadas.""","Em 13/09, a Secretaria entrou em contato para reportar o mesmo problema do item 1, conforme e-mail anexo.

"
115081,SubProj SIA,Ordem de Serviço,OS - Entregue,Ordem de Serviço,,"
*Índice de Atraso na Execução da Ordem de Serviço (IAOS)*

*IAOS = ( QDDos - QDAos ) / QDAos*

*QDDos*: 37    (dias decorridos)
*QDAos*: 6     (dias acordados)
*IAOS* : 5.17 (índice)

*Resultado*: Inaceitável

Cálculo conforme item 7.4.3 - Tabela 02, Anexo I - Termo de Referência. 

"
114902,"SIGTAP - SISTEMA DE GERENCIAMENTO DA TABELA DE PROCEDIMENTOS, MEDICAMENTOS E OPM DO SUS-RJ",Demanda,Demanda - Entregue,Alteração de 05 códigos da CID_ linfoma folicular,"OBJETIVO
Alterar a nomenclatura dos 5 códigos da CID (Classificação Internacional de Doenças) referentes ao linfoma folicular que estão na Tabela de Procedimentos do SUS, conforme especificado abaixo e no anexo Codigo_CID_Alterar
Código CID-10 versão 2019 Nome
C82.0                     Linfoma Folicular grau I
C82.1                     Linfoma Folicular grau II
C82.2                     Linfoma Folicular grau III não especificado
C82.7                     Outros tipos de Linfoma Folicular
C82.9                     Linfoma Folicular não especificado

ESCOPO
Para acessar a tabela complementar CID vá em:
No menu esquerdo da Tabela de Procedimento do SUS <http://tabela-unificada.datasus.gov.br/tabela-unificada/app/sec/inicio.jsp> clique em: TABELAS - RELACIONADAS AO PROCEDIMENTO - COMPLEMENTARES - CID. Alterar a nomenclatura dos5 código CID já contidos na Tabela de CID do SIGTAP conforme nomenclatura descrita abaixo: (para mais detalhes, veja o anexo Codigos_CID_Alterar).
Código CID-10 versão 2019 Nome
C82.0                     Linfoma Folicular grau I
C82.1                     Linfoma Folicular grau II
C82.2                     Linfoma Folicular grau III não especificado
C82.7                     Outros tipos de Linfoma Folicular
C82.9                     Linfoma Folicular não especificado

JUSTIFICATIVA
Esta alteração justifica-se pela necessidade de que os códigos da CID-10 na Tabela de Procedimentos do SUS referentes ao linfoma folicular sejam atualizados de acordo com a versão 2019 da tabela de CID-10 da Organização Mundial de Saúde, para utilização nos sistemas de informação em saúde do SUS.

","Bom Dia!
OS concluída conforme conta no anexo relatório de execução de OS. 
Atenciosamente, 
Cibeli "
112518,SubProj CIHA,Ordem de Serviço,OS - Entregue,Ordem de Serviço,,"
*Índice de Atraso na Execução da Ordem de Serviço (IAOS)*

*IAOS = ( QDDos - QDAos ) / QDAos*

*QDDos*: 49    (dias decorridos)
*QDAos*: 4     (dias acordados)
*IAOS* : 11.25 (índice)

*Resultado*: Inaceitável

Cálculo conforme item 7.4.3 - Tabela 02, Anexo I - Termo de Referência. 

"
111704,SubProj SIA,Ordem de Serviço,OS - Revisar Indicadores,Ordem de Serviço,,"
*Avaliação da Qualidade - Níveis Mínimos de Serviços Exigidos*

*Índice de Atraso na Execução dos Sprints (IAES)*

*Crítico*: 0 * 2% sobre valor da OS
*Inaceitável*: 0 * 5% sobre valor da OS

*Glosa*: 0

Cálculo conforme item 7.4.3 - Tabela 01, Anexo I - Termo de Referência. 



 ****************** 


*Índice de Atraso na Execução da Ordem de Serviço (IAOS)*

*Resultado*: Aceitável 

*Glosa*: 0

Cálculo conforme item 7.4.3 - Tabela 02, Anexo I - Termo de Referência. 

"
114592,SubProj SIA,Demanda,Demanda - Em atendimento,Nova versão SIA- 11/2024,"*Justificativa*
Atender à necessidade de apresentação diferenciada de APAC para o PMAE.

*Escopo*
Desenvolver nova versão do SIA, para competência 11/2024, com a seguinte alteração:

* Limitar o prazo de apresentação para até, no máximo, 2 competências exclusivamente para APAC que possua procedimento principal contendo o atributo complementar ""054-APAC com validade fixa de 2 competências"" no SIGTAP.

Obs.: Liberar a versão a referida versão apenas quando for a época correta do processamento da competência novembro/2024.","Rafaela Bittencourt Mattos Guimaraes escreveu (#note-13):
> Prezados, 
> Essa versão do SIA deverá ficar para o processamento de 01/2025, pois a SES/SP solicitou prazo para se adequar à mudança.

Favor desconsiderar esse comentário, pois ficou na OS errada. "
111666,subproj Hemovida Web Coagulopatias,Ordem de Serviço,OS - Entregue,Ordem de Serviço,,"
*Índice de Atraso na Execução da Ordem de Serviço (IAOS)*

*IAOS = ( QDDos - QDAos ) / QDAos*

*QDDos*: 24    (dias decorridos)
*QDAos*: 8     (dias acordados)
*IAOS* : 2.0 (índice)

*Resultado*: Inaceitável

Cálculo conforme item 7.4.3 - Tabela 02, Anexo I - Termo de Referência. 

"
111501,subproj Hemovida Web Coagulopatias,Ordem de Serviço,OS - Entregue,Ordem de Serviço,,"
*Índice de Atraso na Execução da Ordem de Serviço (IAOS)*

*IAOS = ( QDDos - QDAos ) / QDAos*

*QDDos*: 10    (dias decorridos)
*QDAos*: 6     (dias acordados)
*IAOS* : 0.67 (índice)

*Resultado*: Inaceitável

Cálculo conforme item 7.4.3 - Tabela 02, Anexo I - Termo de Referência. 

"
114398,SubProj SIA,Demanda,Demanda - Entregue,Erro ao restaurar backup na FPO,"Solicitamos que seja realizado apoio técnico ao usuário PLANEJAR Mentoria e Assessoria em Saúde <planejar.mentorias@gmail.com> no que se refere aos problemas encontrados na restauração do backup do FPO das competências de 01 a 12/2023.

Ao tentar restaurar o backup acontece o erro ""Dynamic SQL Error"", conforme print no e-mail anexado.

Em contato com o usuário por telefone, a CGSI não conseguiu identificar o problema.

O backup da base de dados da FPO, já enviado pelo usuário, será encaminhado por e-mail.",
114215,SubProj SIH,Ordem de Serviço,OS - Entregue,Ordem de Serviço,,"
*Índice de Atraso na Execução da Ordem de Serviço (IAOS)*

*IAOS = ( QDDos - QDAos ) / QDAos*

*QDDos*: 15    (dias decorridos)
*QDAos*: 6     (dias acordados)
*IAOS* : 1.5 (índice)

*Resultado*: Inaceitável

Cálculo conforme item 7.4.3 - Tabela 02, Anexo I - Termo de Referência. 

"
112856,SubProj SIA,Ordem de Serviço,OS - Entregue,Ordem de Serviço,,"
*Índice de Atraso na Execução da Ordem de Serviço (IAOS)*

*IAOS = ( QDDos - QDAos ) / QDAos*

*QDDos*: 60    (dias decorridos)
*QDAos*: 7     (dias acordados)
*IAOS* : 7.57 (índice)

*Resultado*: Inaceitável

Cálculo conforme item 7.4.3 - Tabela 02, Anexo I - Termo de Referência. 

"
112886,SubProj SIA,Ordem de Serviço,OS - Entregue,Ordem de Serviço,,"
*Índice de Atraso na Execução da Ordem de Serviço (IAOS)*

*IAOS = ( QDDos - QDAos ) / QDAos*

*QDDos*: 63    (dias decorridos)
*QDAos*: 5     (dias acordados)
*IAOS* : 11.6 (índice)

*Resultado*: Inaceitável

Cálculo conforme item 7.4.3 - Tabela 02, Anexo I - Termo de Referência. 

"
115071,SubProj SIA,Ordem de Serviço,OS - Entregue,Ordem de Serviço,,"
*Índice de Atraso na Execução da Ordem de Serviço (IAOS)*

*IAOS = ( QDDos - QDAos ) / QDAos*

*QDDos*: 29    (dias decorridos)
*QDAos*: 5     (dias acordados)
*IAOS* : 4.8 (índice)

*Resultado*: Inaceitável

Cálculo conforme item 7.4.3 - Tabela 02, Anexo I - Termo de Referência. 

"
115086,SubProj SIA,Ordem de Serviço,OS - Entregue,Ordem de Serviço,,"
*Índice de Atraso na Execução da Ordem de Serviço (IAOS)*

*IAOS = ( QDDos - QDAos ) / QDAos*

*QDDos*: 29    (dias decorridos)
*QDAos*: 5     (dias acordados)
*IAOS* : 4.8 (índice)

*Resultado*: Inaceitável

Cálculo conforme item 7.4.3 - Tabela 02, Anexo I - Termo de Referência. 

"
115189,Subproj HORUS,Ordem de Serviço,OS - Revisar Indicadores,Ordem de Serviço,,"
*Avaliação da Qualidade - Níveis Mínimos de Serviços Exigidos*

*Índice de Atraso na Execução dos Sprints (IAES)*

*Crítico*: 0 * 2% sobre valor da OS
*Inaceitável*: 0 * 5% sobre valor da OS

*Glosa*: 0

Cálculo conforme item 7.4.3 - Tabela 01, Anexo I - Termo de Referência. 



 ****************** 


*Índice de Atraso na Execução da Ordem de Serviço (IAOS)*

*Resultado*: Aceitável 

*Glosa*: 0

Cálculo conforme item 7.4.3 - Tabela 02, Anexo I - Termo de Referência. 

"
112523,SubProj CIHA,Ordem de Serviço,OS - Entregue,Ordem de Serviço,,"
*Índice de Atraso na Execução da Ordem de Serviço (IAOS)*

*IAOS = ( QDDos - QDAos ) / QDAos*

*QDDos*: 49    (dias decorridos)
*QDAos*: 7     (dias acordados)
*IAOS* : 6.0 (índice)

*Resultado*: Inaceitável

Cálculo conforme item 7.4.3 - Tabela 02, Anexo I - Termo de Referência. 

"
114503,SubProj_CNES,Demanda,Demanda - Entregue,Implementações do CNES Legado,"A presente demanda visa estabelecer um subprojeto dedicado à criação contínua do banco de dados estadual e nacional do Sistema de Cadastro Nacional de Estabelecimentos de Saúde (CNES) legado. Este subprojeto tem como objetivo principal otimizar a confiabilidade, desempenho e integridade dos dados armazenados, assegurando um ambiente robusto e atualizado para apoiar as atividades críticas relacionadas à saúde em nível estadual e nacional.
Dentre as principais atividades envolvidas estão:
- Implementação soluções que permitam dirimir possíveis inconsistências no banco de dados;
- Implementar rotina de monitoramento contínuo para detecção precoce de falhas.
- Replicação de mudanças de legislação e regulamentações relacionadas à saúde;
- Atualização do banco de dados para incorporar novos requisitos e campos necessários;
- Criação de rotina de avaliação do desempenho atual do banco de dados;
- Adoção de práticas recomendadas para melhorar a eficiência operacional;
- Elaboração de documentação abrangente sobre as alterações realizadas;
- Compartilhamento de informações atualizadas com as partes interessadas relevantes.",
111613,SubProj_CNES,Demanda,Demanda - Entregue,Implementações do CNES Legado,"A presente demanda visa estabelecer um subprojeto dedicado à criação contínua do banco de dados estadual e nacional do Sistema de Cadastro Nacional de Estabelecimentos de Saúde (CNES) legado. Este subprojeto tem como objetivo principal otimizar a confiabilidade, desempenho e integridade dos dados armazenados, assegurando um ambiente robusto e atualizado para apoiar as atividades críticas relacionadas à saúde em nível estadual e nacional.
Dentre as principais atividades envolvidas estão:
- Implementação soluções que permitam dirimir possíveis inconsistências no banco de dados;
- Implementar rotina de monitoramento contínuo para detecção precoce de falhas.
- Replicação de mudanças de legislação e regulamentações relacionadas à saúde;
- Atualização do banco de dados para incorporar novos requisitos e campos necessários;
- Criação de rotina de avaliação do desempenho atual do banco de dados;
- Adoção de práticas recomendadas para melhorar a eficiência operacional;
- Elaboração de documentação abrangente sobre as alterações realizadas;
- Compartilhamento de informações atualizadas com as partes interessadas relevantes.","Prezado Donizete.

Segue para sua análise, aprovação e seguimento."
112503,SubProj SIH,Ordem de Serviço,OS - Entregue,Ordem de Serviço,,"
*Índice de Atraso na Execução da Ordem de Serviço (IAOS)*

*IAOS = ( QDDos - QDAos ) / QDAos*

*QDDos*: 47    (dias decorridos)
*QDAos*: 6     (dias acordados)
*IAOS* : 6.83 (índice)

*Resultado*: Inaceitável

Cálculo conforme item 7.4.3 - Tabela 02, Anexo I - Termo de Referência. 

"
112508,SubProj SIH,Ordem de Serviço,OS - Entregue,Ordem de Serviço,,"
*Índice de Atraso na Execução da Ordem de Serviço (IAOS)*

*IAOS = ( QDDos - QDAos ) / QDAos*

*QDDos*: 47    (dias decorridos)
*QDAos*: 6     (dias acordados)
*IAOS* : 6.83 (índice)

*Resultado*: Inaceitável

Cálculo conforme item 7.4.3 - Tabela 02, Anexo I - Termo de Referência. 

"
112493,SubProj SIH,Ordem de Serviço,OS - Entregue,Ordem de Serviço,,"
*Índice de Atraso na Execução da Ordem de Serviço (IAOS)*

*IAOS = ( QDDos - QDAos ) / QDAos*

*QDDos*: 47    (dias decorridos)
*QDAos*: 6     (dias acordados)
*IAOS* : 6.83 (índice)

*Resultado*: Inaceitável

Cálculo conforme item 7.4.3 - Tabela 02, Anexo I - Termo de Referência. 

"
112488,SubProj SIH,Ordem de Serviço,OS - Entregue,Ordem de Serviço,,"
*Índice de Atraso na Execução da Ordem de Serviço (IAOS)*

*IAOS = ( QDDos - QDAos ) / QDAos*

*QDDos*: 47    (dias decorridos)
*QDAos*: 5     (dias acordados)
*IAOS* : 8.4 (índice)

*Resultado*: Inaceitável

Cálculo conforme item 7.4.3 - Tabela 02, Anexo I - Termo de Referência. 

"
112483,SubProj SIH,Ordem de Serviço,OS - Entregue,Ordem de Serviço,,"
*Índice de Atraso na Execução da Ordem de Serviço (IAOS)*

*IAOS = ( QDDos - QDAos ) / QDAos*

*QDDos*: 47    (dias decorridos)
*QDAos*: 5     (dias acordados)
*IAOS* : 8.4 (índice)

*Resultado*: Inaceitável

Cálculo conforme item 7.4.3 - Tabela 02, Anexo I - Termo de Referência. 

"
112468,SubProj SIH,Ordem de Serviço,OS - Entregue,Ordem de Serviço,,"
*Índice de Atraso na Execução da Ordem de Serviço (IAOS)*

*IAOS = ( QDDos - QDAos ) / QDAos*

*QDDos*: 49    (dias decorridos)
*QDAos*: 6     (dias acordados)
*IAOS* : 7.17 (índice)

*Resultado*: Inaceitável

Cálculo conforme item 7.4.3 - Tabela 02, Anexo I - Termo de Referência. 

"
112463,SubProj SIH,Ordem de Serviço,OS - Entregue,Ordem de Serviço,,"
*Índice de Atraso na Execução da Ordem de Serviço (IAOS)*

*IAOS = ( QDDos - QDAos ) / QDAos*

*QDDos*: 49    (dias decorridos)
*QDAos*: 6     (dias acordados)
*IAOS* : 7.17 (índice)

*Resultado*: Inaceitável

Cálculo conforme item 7.4.3 - Tabela 02, Anexo I - Termo de Referência. 

"
112871,SubProj SIA,Ordem de Serviço,OS - Entregue,Ordem de Serviço,,"
*Índice de Atraso na Execução da Ordem de Serviço (IAOS)*

*IAOS = ( QDDos - QDAos ) / QDAos*

*QDDos*: 47    (dias decorridos)
*QDAos*: 4     (dias acordados)
*IAOS* : 10.75 (índice)

*Resultado*: Inaceitável

Cálculo conforme item 7.4.3 - Tabela 02, Anexo I - Termo de Referência. 

"
112559,SubProj SIA,Ordem de Serviço,OS - Entregue,Ordem de Serviço,,"
*Índice de Atraso na Execução da Ordem de Serviço (IAOS)*

*IAOS = ( QDDos - QDAos ) / QDAos*

*QDDos*: 75    (dias decorridos)
*QDAos*: 5     (dias acordados)
*IAOS* : 14.0 (índice)

*Resultado*: Inaceitável

Cálculo conforme item 7.4.3 - Tabela 02, Anexo I - Termo de Referência. 

"
112544,SubProj SIA,Ordem de Serviço,OS - Entregue,Ordem de Serviço,,"
*Índice de Atraso na Execução da Ordem de Serviço (IAOS)*

*IAOS = ( QDDos - QDAos ) / QDAos*

*QDDos*: 33    (dias decorridos)
*QDAos*: 4     (dias acordados)
*IAOS* : 7.25 (índice)

*Resultado*: Inaceitável

Cálculo conforme item 7.4.3 - Tabela 02, Anexo I - Termo de Referência. 

"
112539,SubProj SIA,Ordem de Serviço,OS - Entregue,Ordem de Serviço,,"
*Índice de Atraso na Execução da Ordem de Serviço (IAOS)*

*IAOS = ( QDDos - QDAos ) / QDAos*

*QDDos*: 33    (dias decorridos)
*QDAos*: 4     (dias acordados)
*IAOS* : 7.25 (índice)

*Resultado*: Inaceitável

Cálculo conforme item 7.4.3 - Tabela 02, Anexo I - Termo de Referência. 

"
112876,SubProj SIA,Ordem de Serviço,OS - Entregue,Ordem de Serviço,,"
*Índice de Atraso na Execução da Ordem de Serviço (IAOS)*

*IAOS = ( QDDos - QDAos ) / QDAos*

*QDDos*: 76    (dias decorridos)
*QDAos*: 5     (dias acordados)
*IAOS* : 14.2 (índice)

*Resultado*: Inaceitável

Cálculo conforme item 7.4.3 - Tabela 02, Anexo I - Termo de Referência. 

"
112534,SubProj SIA,Ordem de Serviço,OS - Entregue,Ordem de Serviço,,"
*Índice de Atraso na Execução da Ordem de Serviço (IAOS)*

*IAOS = ( QDDos - QDAos ) / QDAos*

*QDDos*: 54    (dias decorridos)
*QDAos*: 4     (dias acordados)
*IAOS* : 12.5 (índice)

*Resultado*: Inaceitável

Cálculo conforme item 7.4.3 - Tabela 02, Anexo I - Termo de Referência. 

"
114036,SubProj SIA,Ordem de Serviço,OS - Entregue,Ordem de Serviço,,"
*Índice de Atraso na Execução da Ordem de Serviço (IAOS)*

*IAOS = ( QDDos - QDAos ) / QDAos*

*QDDos*: 27    (dias decorridos)
*QDAos*: 2     (dias acordados)
*IAOS* : 12.5 (índice)

*Resultado*: Inaceitável

Cálculo conforme item 7.4.3 - Tabela 02, Anexo I - Termo de Referência. 

"
112478,SubProj SISAIH01,Ordem de Serviço,OS - Entregue,Ordem de Serviço,,"
*Índice de Atraso na Execução da Ordem de Serviço (IAOS)*

*IAOS = ( QDDos - QDAos ) / QDAos*

*QDDos*: 50    (dias decorridos)
*QDAos*: 5     (dias acordados)
*IAOS* : 9.0 (índice)

*Resultado*: Inaceitável

Cálculo conforme item 7.4.3 - Tabela 02, Anexo I - Termo de Referência. 

"
114098,Subproj CNRAC,Ordem de Serviço,OS - Entregue,Ordem de Serviço,,"
*Índice de Atraso na Execução da Ordem de Serviço (IAOS)*

*IAOS = ( QDDos - QDAos ) / QDAos*

*QDDos*: 13    (dias decorridos)
*QDAos*: 6     (dias acordados)
*IAOS* : 1.17 (índice)

*Resultado*: Inaceitável

Cálculo conforme item 7.4.3 - Tabela 02, Anexo I - Termo de Referência. 

"
114183,Subproj HORUS,Ordem de Serviço,OS - Entregue,Ordem de Serviço,,"
*Índice de Atraso na Execução da Ordem de Serviço (IAOS)*

*IAOS = ( QDDos - QDAos ) / QDAos*

*QDDos*: 50    (dias decorridos)
*QDAos*: 7     (dias acordados)
*IAOS* : 6.14 (índice)

*Resultado*: Inaceitável

Cálculo conforme item 7.4.3 - Tabela 02, Anexo I - Termo de Referência. 

"
114021,SubProj SIA,Demanda,Demanda - Entregue,Criar versão mensal obrigatória BDSIA - 09/2024,"Objetivo
Realizar as modificações necessárias no banco de dados do SIA e na aplicação para disponibilizar aos gestores municipais e estaduais as regras mais atuais para o processamento e faturamento ambulatorial.

Justificativa
Pelo fato do SIA ser uma aplicação de processamento descentralizada, faz-se necessário atualizar a aplicação e banco de dados de forma a atender às mudanças de modelo de financiamento da tabela do SUS e das regras de negócios estabelecidas nas políticas nacionais.

Escopo
Disponibilizar a versão obrigatória do BDSIA referente à competência 09/2024, com seguinte alteração:

* Excluir a opção ""99-Sem informação"" (código 5499 no txt) do campo raça/cor. ",
114020,SubProj SIA,Demanda,Demanda - Entregue,Criar versão mensal não obrigatória BDSIA - 10/2024,"Objetivo
Realizar as modificações necessárias no banco de dados do SIA e na aplicação para disponibilizar aos gestores municipais e estaduais as regras mais atuais para o processamento e faturamento ambulatorial.

Justificativa
Pelo fato do SIA ser uma aplicação de processamento descentralizada, faz-se necessário atualizar a aplicação e banco de dados de forma a atender às mudanças de modelo de financiamento da tabela do SUS e das regras de negócios estabelecidas nas políticas nacionais.

Escopo
Disponibilizar a versão não obrigatória do BDSIA referente à competência 10/2024, com seguinte alteração:

* Excluir a opção ""99-Sem informação"" (código 5499 no txt) do campo raça/cor.",
111481,subproj Hemovida Web Coagulopatias,Ordem de Serviço,OS - Revisar Indicadores,Ordem de Serviço,,"
*Avaliação da Qualidade - Níveis Mínimos de Serviços Exigidos*

*Índice de Atraso na Execução dos Sprints (IAES)*

*Crítico*: 0 * 2% sobre valor da OS
*Inaceitável*: 0 * 5% sobre valor da OS

*Glosa*: 0

Cálculo conforme item 7.4.3 - Tabela 01, Anexo I - Termo de Referência. 



 ****************** 


*Índice de Atraso na Execução da Ordem de Serviço (IAOS)*

*Resultado*: Crítico * 3% sobre valor da OS 

*Glosa*: 0.0

Cálculo conforme item 7.4.3 - Tabela 02, Anexo I - Termo de Referência. 

"
115021,Subproj GAL,Ordem de Serviço,OS - Entregue,Ordem de Serviço,,"
*Índice de Atraso na Execução da Ordem de Serviço (IAOS)*

*IAOS = ( QDDos - QDAos ) / QDAos*

*QDDos*: 21    (dias decorridos)
*QDAos*: 2     (dias acordados)
*IAOS* : 9.5 (índice)

*Resultado*: Inaceitável

Cálculo conforme item 7.4.3 - Tabela 02, Anexo I - Termo de Referência. 

"
114690,Subproj GAL,Ordem de Serviço,OS - Entregue,Ordem de Serviço,,"
*Índice de Atraso na Execução da Ordem de Serviço (IAOS)*

*IAOS = ( QDDos - QDAos ) / QDAos*

*QDDos*: 21    (dias decorridos)
*QDAos*: 5     (dias acordados)
*IAOS* : 3.2 (índice)

*Resultado*: Inaceitável

Cálculo conforme item 7.4.3 - Tabela 02, Anexo I - Termo de Referência. 

"
114225,Subproj GAL,Ordem de Serviço,OS - Entregue,Ordem de Serviço,,"
*Índice de Atraso na Execução da Ordem de Serviço (IAOS)*

*IAOS = ( QDDos - QDAos ) / QDAos*

*QDDos*: 42    (dias decorridos)
*QDAos*: 9     (dias acordados)
*IAOS* : 3.67 (índice)

*Resultado*: Inaceitável

Cálculo conforme item 7.4.3 - Tabela 02, Anexo I - Termo de Referência. 

"
114220,Subproj GAL,Ordem de Serviço,OS - Entregue,Ordem de Serviço,,"
*Índice de Atraso na Execução da Ordem de Serviço (IAOS)*

*IAOS = ( QDDos - QDAos ) / QDAos*

*QDDos*: 42    (dias decorridos)
*QDAos*: 2     (dias acordados)
*IAOS* : 20.0 (índice)

*Resultado*: Inaceitável

Cálculo conforme item 7.4.3 - Tabela 02, Anexo I - Termo de Referência. 

"
113267,Subproj GAL,Ordem de Serviço,OS - Entregue,Ordem de Serviço,,"
*Índice de Atraso na Execução da Ordem de Serviço (IAOS)*

*IAOS = ( QDDos - QDAos ) / QDAos*

*QDDos*: 42    (dias decorridos)
*QDAos*: 12     (dias acordados)
*IAOS* : 2.5 (índice)

*Resultado*: Inaceitável

Cálculo conforme item 7.4.3 - Tabela 02, Anexo I - Termo de Referência. 

"
111491,subproj Hemovida Web Coagulopatias,Ordem de Serviço,OS - Entregue,Ordem de Serviço,,"
*Índice de Atraso na Execução da Ordem de Serviço (IAOS)*

*IAOS = ( QDDos - QDAos ) / QDAos*

*QDDos*: 10    (dias decorridos)
*QDAos*: 6     (dias acordados)
*IAOS* : 0.67 (índice)

*Resultado*: Inaceitável

Cálculo conforme item 7.4.3 - Tabela 02, Anexo I - Termo de Referência. 

"
114460,Subproj HORUS,Ordem de Serviço,OS - Emissão de NF-e,Ordem de Serviço,,"
*Avaliação da Qualidade - Níveis Mínimos de Serviços Exigidos*

*Índice de Atraso na Execução dos Sprints (IAES)*

*Crítico*: 0 * 2% sobre valor da OS
*Inaceitável*: 0 * 5% sobre valor da OS

*Glosa*: 0

Cálculo conforme item 7.4.3 - Tabela 01, Anexo I - Termo de Referência. 



 ****************** 


*Índice de Atraso na Execução da Ordem de Serviço (IAOS)*

*Resultado*: Aceitável 

*Glosa*: 0

Cálculo conforme item 7.4.3 - Tabela 02, Anexo I - Termo de Referência. 

"
114014,Subproj Plataforma Brasil,Ordem de Serviço,OS - Emissão de NF-e,Ordem de Serviço,,"
*Avaliação da Qualidade - Níveis Mínimos de Serviços Exigidos*

*Índice de Atraso na Execução dos Sprints (IAES)*

*Crítico*: 0 * 2% sobre valor da OS
*Inaceitável*: 0 * 5% sobre valor da OS

*Glosa*: 0

Cálculo conforme item 7.4.3 - Tabela 01, Anexo I - Termo de Referência. 



 ****************** 


*Índice de Atraso na Execução da Ordem de Serviço (IAOS)*

*Resultado*: Crítico * 3% sobre valor da OS 

*Glosa*: 0.0

Cálculo conforme item 7.4.3 - Tabela 02, Anexo I - Termo de Referência. 

"
114587,SubProj SIA,Ordem de Serviço,OS - Emissão de NF-e,Ordem de Serviço,,"
*Avaliação da Qualidade - Níveis Mínimos de Serviços Exigidos*

*Índice de Atraso na Execução dos Sprints (IAES)*

*Crítico*: 0 * 2% sobre valor da OS
*Inaceitável*: 0 * 5% sobre valor da OS

*Glosa*: 0

Cálculo conforme item 7.4.3 - Tabela 01, Anexo I - Termo de Referência. 



 ****************** 


*Índice de Atraso na Execução da Ordem de Serviço (IAOS)*

*Resultado*: Aceitável 

*Glosa*: 0

Cálculo conforme item 7.4.3 - Tabela 02, Anexo I - Termo de Referência. 

"
114455,Subproj HORUS,Ordem de Serviço,OS - Emissão de NF-e,Ordem de Serviço,,"
*Avaliação da Qualidade - Níveis Mínimos de Serviços Exigidos*

*Índice de Atraso na Execução dos Sprints (IAES)*

*Crítico*: 0 * 2% sobre valor da OS
*Inaceitável*: 0 * 5% sobre valor da OS

*Glosa*: 0

Cálculo conforme item 7.4.3 - Tabela 01, Anexo I - Termo de Referência. 



 ****************** 


*Índice de Atraso na Execução da Ordem de Serviço (IAOS)*

*Resultado*: Aceitável 

*Glosa*: 0

Cálculo conforme item 7.4.3 - Tabela 02, Anexo I - Termo de Referência. 

"
114230,Subproj GAL,Ordem de Serviço,OS - Emissão de NF-e,Ordem de Serviço,,"
*Avaliação da Qualidade - Níveis Mínimos de Serviços Exigidos*

*Índice de Atraso na Execução dos Sprints (IAES)*

*Crítico*: 0 * 2% sobre valor da OS
*Inaceitável*: 0 * 5% sobre valor da OS

*Glosa*: 0

Cálculo conforme item 7.4.3 - Tabela 01, Anexo I - Termo de Referência. 



 ****************** 


*Índice de Atraso na Execução da Ordem de Serviço (IAOS)*

*Resultado*: Aceitável 

*Glosa*: 0

Cálculo conforme item 7.4.3 - Tabela 02, Anexo I - Termo de Referência. 

"
114009,Subproj Plataforma Brasil,Ordem de Serviço,OS - Emissão de NF-e,Ordem de Serviço,,"
*Avaliação da Qualidade - Níveis Mínimos de Serviços Exigidos*

*Índice de Atraso na Execução dos Sprints (IAES)*

*Crítico*: 0 * 2% sobre valor da OS
*Inaceitável*: 0 * 5% sobre valor da OS

*Glosa*: 0

Cálculo conforme item 7.4.3 - Tabela 01, Anexo I - Termo de Referência. 



 ****************** 


*Índice de Atraso na Execução da Ordem de Serviço (IAOS)*

*Resultado*: Aceitável 

*Glosa*: 0

Cálculo conforme item 7.4.3 - Tabela 02, Anexo I - Termo de Referência. 

"
114308,Subproj GAL,Ordem de Serviço,OS - Emissão de NF-e,Ordem de Serviço,,"
*Avaliação da Qualidade - Níveis Mínimos de Serviços Exigidos*

*Índice de Atraso na Execução dos Sprints (IAES)*

*Crítico*: 0 * 2% sobre valor da OS
*Inaceitável*: 0 * 5% sobre valor da OS

*Glosa*: 0

Cálculo conforme item 7.4.3 - Tabela 01, Anexo I - Termo de Referência. 



 ****************** 


*Índice de Atraso na Execução da Ordem de Serviço (IAOS)*

*Resultado*: Aceitável 

*Glosa*: 0

Cálculo conforme item 7.4.3 - Tabela 02, Anexo I - Termo de Referência. 

"
114301,Subproj GAL,Ordem de Serviço,OS - Emissão de NF-e,Ordem de Serviço,,"
*Avaliação da Qualidade - Níveis Mínimos de Serviços Exigidos*

*Índice de Atraso na Execução dos Sprints (IAES)*

*Crítico*: 0 * 2% sobre valor da OS
*Inaceitável*: 0 * 5% sobre valor da OS

*Glosa*: 0

Cálculo conforme item 7.4.3 - Tabela 01, Anexo I - Termo de Referência. 



 ****************** 


*Índice de Atraso na Execução da Ordem de Serviço (IAOS)*

*Resultado*: Aceitável 

*Glosa*: 0

Cálculo conforme item 7.4.3 - Tabela 02, Anexo I - Termo de Referência. 

"
113296,Subproj GAL,Ordem de Serviço,OS - Emissão de NF-e,Ordem de Serviço,,"
*Avaliação da Qualidade - Níveis Mínimos de Serviços Exigidos*

*Índice de Atraso na Execução dos Sprints (IAES)*

*Crítico*: 0 * 2% sobre valor da OS
*Inaceitável*: 0 * 5% sobre valor da OS

*Glosa*: 0

Cálculo conforme item 7.4.3 - Tabela 01, Anexo I - Termo de Referência. 



 ****************** 


*Índice de Atraso na Execução da Ordem de Serviço (IAOS)*

*Resultado*: Aceitável 

*Glosa*: 0

Cálculo conforme item 7.4.3 - Tabela 02, Anexo I - Termo de Referência. 

"
113292,Subproj GAL,Ordem de Serviço,OS - Emissão de NF-e,Ordem de Serviço,,"
*Avaliação da Qualidade - Níveis Mínimos de Serviços Exigidos*

*Índice de Atraso na Execução dos Sprints (IAES)*

*Crítico*: 0 * 2% sobre valor da OS
*Inaceitável*: 0 * 5% sobre valor da OS

*Glosa*: 0

Cálculo conforme item 7.4.3 - Tabela 01, Anexo I - Termo de Referência. 



 ****************** 


*Índice de Atraso na Execução da Ordem de Serviço (IAOS)*

*Resultado*: Aceitável 

*Glosa*: 0

Cálculo conforme item 7.4.3 - Tabela 02, Anexo I - Termo de Referência. 

"
113262,Subproj GAL,Ordem de Serviço,OS - Emissão de NF-e,Ordem de Serviço,,"
*Avaliação da Qualidade - Níveis Mínimos de Serviços Exigidos*

*Índice de Atraso na Execução dos Sprints (IAES)*

*Crítico*: 0 * 2% sobre valor da OS
*Inaceitável*: 0 * 5% sobre valor da OS

*Glosa*: 0

Cálculo conforme item 7.4.3 - Tabela 01, Anexo I - Termo de Referência. 



 ****************** 


*Índice de Atraso na Execução da Ordem de Serviço (IAOS)*

*Resultado*: Aceitável 

*Glosa*: 0

Cálculo conforme item 7.4.3 - Tabela 02, Anexo I - Termo de Referência. 

"
113257,Subproj GAL,Ordem de Serviço,OS - Emissão de NF-e,Ordem de Serviço,,"
*Avaliação da Qualidade - Níveis Mínimos de Serviços Exigidos*

*Índice de Atraso na Execução dos Sprints (IAES)*

*Crítico*: 0 * 2% sobre valor da OS
*Inaceitável*: 0 * 5% sobre valor da OS

*Glosa*: 0

Cálculo conforme item 7.4.3 - Tabela 01, Anexo I - Termo de Referência. 



 ****************** 


*Índice de Atraso na Execução da Ordem de Serviço (IAOS)*

*Resultado*: Aceitável 

*Glosa*: 0

Cálculo conforme item 7.4.3 - Tabela 02, Anexo I - Termo de Referência. 

"
113252,Subproj GAL,Ordem de Serviço,OS - Emissão de NF-e,Ordem de Serviço,,"
*Avaliação da Qualidade - Níveis Mínimos de Serviços Exigidos*

*Índice de Atraso na Execução dos Sprints (IAES)*

*Crítico*: 0 * 2% sobre valor da OS
*Inaceitável*: 0 * 5% sobre valor da OS

*Glosa*: 0

Cálculo conforme item 7.4.3 - Tabela 01, Anexo I - Termo de Referência. 



 ****************** 


*Índice de Atraso na Execução da Ordem de Serviço (IAOS)*

*Resultado*: Aceitável 

*Glosa*: 0

Cálculo conforme item 7.4.3 - Tabela 02, Anexo I - Termo de Referência. 

"
113247,Subproj GAL,Ordem de Serviço,OS - Emissão de NF-e,Ordem de Serviço,,"
*Avaliação da Qualidade - Níveis Mínimos de Serviços Exigidos*

*Índice de Atraso na Execução dos Sprints (IAES)*

*Crítico*: 0 * 2% sobre valor da OS
*Inaceitável*: 0 * 5% sobre valor da OS

*Glosa*: 0

Cálculo conforme item 7.4.3 - Tabela 01, Anexo I - Termo de Referência. 



 ****************** 


*Índice de Atraso na Execução da Ordem de Serviço (IAOS)*

*Resultado*: Aceitável 

*Glosa*: 0

Cálculo conforme item 7.4.3 - Tabela 02, Anexo I - Termo de Referência. 

"
112057,Subproj Plataforma Brasil,Ordem de Serviço,OS - Emissão de NF-e,Ordem de Serviço,,"
*Avaliação da Qualidade - Níveis Mínimos de Serviços Exigidos*

*Índice de Atraso na Execução dos Sprints (IAES)*

*Crítico*: 0 * 2% sobre valor da OS
*Inaceitável*: 0 * 5% sobre valor da OS

*Glosa*: 0

Cálculo conforme item 7.4.3 - Tabela 01, Anexo I - Termo de Referência. 



 ****************** 


*Índice de Atraso na Execução da Ordem de Serviço (IAOS)*

*Resultado*: Aceitável 

*Glosa*: 0

Cálculo conforme item 7.4.3 - Tabela 02, Anexo I - Termo de Referência. 

"
110732,SubProj SIA,Demanda,Demanda - Entregue,Verificação de erro - SES SP - PROBLEMAS NA VERSÃO SIA 0503,"Solicitamos investigação e tratamento dos erros apontados pela SES de São Paulo no e-mail anexo, conforme transcrito abaixo:

""Observamos que, o SIA não está realizando a consistência que indicava a concomitância de cobrança para o mesmo paciente, não temos mais rejeição com a mensagem ?HÁ OUTRA APAC, MESMO CNS, COM PROCEDIMENTO IMPOSSÍVEL DE COEXISTIR?, mensalmente tínhamos por volta de 30 rejeições com essa mensagem, atualmente o SIA não rejeita mais.

O sistema está rejeitando BPA-I com a mensagem ?PROFISSIONAL NÃO CADASTRADO NO ESTABELECIMENTO/EQUIPE? sendo que, o campo EQUIPE não está preenchido,  o profissional consta no estabelecimento com a CBO informada.""","Backups enviados pelo gestor:

https://clicktime.symantec.com/15uBhkfQayk7WjfQZvuxm?h=6e54ixFPsAWzNIH3LGR3zYfNQnrJQlIVCSc1w_g44AE=&u=https://drive.google.com/file/d/1bN6-j3xp6wOf4hJppT5vgEFCceQojfJc/view?usp%3Ddrive_web

https://clicktime.symantec.com/15uBcvU88N4X6nqV2NWp9?h=6-XWLaAlgIAXmc3h5CVd0GnaEbEjmdfeifBEzFCQsis=&u=https://drive.google.com/file/d/1HeUW_Mt56x-1ioLpkrOx7iiEy8Tjojb-/view?usp%3Ddrive_web"
114506,Subproj GAL,Demanda,Demanda - Entregue,(4041 TO) Módulo Biologia Médica - Configuração de Bancada,"Na aplicação do Estado de  Tocantins - No Menu Biologia Médica da área do Laboratório/Impressão/amostra por setor/ Relação de amostras por setor/recebimento: na tela  campo ""Usuário:"" não aparece a servidora do LACEN-TO, RAILDA DE CASSIA RIBEIRO PINTO. O cadastro foi realizado, assim como as configurações necessárias para ter  acesso ao LACEN-TO, para cadastro e triagem de amostras.",Para análise e correção.
114508,Subproj GAL,Demanda,Demanda - Entregue,(112 RS) Módulo Ambiental  - Envio de informações GAL para o SISAGUA,"As coletas realizadas Município de Tenente Portela/RS realizou no início do mês, somente a solicitação 244923000074 migrou para o SISAGUA.
As demais não migraram (244923000065 a 244923000073). Não houve o envio das informações  para o SISAGUA - Município de Horizontina, por gentileza, rastrear  as solicitações, abaixo mencionadas, pois as solicitações listadas não aparecem  em Consultar pendências ou listar ensaios com erro de envio ao Nacional (anexos).

* 244408000078
* 244408000079
* 244408000080
* 244408000081
* 244408000082
* 244408000083
* 244408000084
* 244408000085
* 244408000086
",Para análise e posicionamento do rastreamento.
115184,SubProj SIA,Ordem de Serviço,OS - Em andamento,Ordem de Serviço,,
115179,SubProj SIA,Ordem de Serviço,OS - Em andamento,Ordem de Serviço,,
115001,subproj Hemovida Web Coagulopatias,Ordem de Serviço,OS - Em andamento,Ordem de Serviço,,
114511,SubProj SIA,Demanda,Demanda - Em atendimento,Nova versão APAC - 11/2024,"*Justificativa*
Atender à necessidade de apresentação diferenciada de APAC para o PMAE.

*Escopo*
Desenvolver nova versão da APAC, para competência 11/2024, com a seguinte alteração:

* Limitar o prazo de apresentação para até, no máximo, 2 competências exclusivamente para APAC que possua procedimento principal contendo o atributo complementar ""054-APAC com validade fixa de 2 competências"" no SIGTAP. ",
114480,subproj Hemovida Web Coagulopatias,Demanda,Demanda - Em atendimento,GI - Solicitação acesso sistema Wesley,"
Escopo: Liberar a acesso para a nova profissional Wesley Henrique Alves de Brito ? wesley.brito@saude.gov.br , CPF: 019.861.951-04, Telefone: (61) 3315-6186, com o perfil Gestor Federal.

Justisficativa: Liberar acesso para o novo profissional que irá compor a equipe da Gestão da Informação - GI.

Objetivo: Permitir que a profissional execute suas atividades conforme perfil de acesso definido pela GI.

Nota: ""Este atendimento possui dados sensíveis, dessa forma o artigo 26 da LGPD prevê que o uso compartilhado de dados pessoais pelo Poder Público deve atender a finalidades específicas de execução de políticas públicas e atribuição legal pelos órgãos e pelas entidades públicas, respeitados os princípios de proteção de dados pessoais elencados no art. 6º da Lei. Sendo assim utilizados para realização de suporte/manutenção, conforme orientação do serviço hemoterápico solicitante"".
","Solicitamos atendimento da demanda.
"
114991,subproj Hemovida Web Coagulopatias,Ordem de Serviço,OS - Em andamento,Ordem de Serviço,,
113972,subproj Hemovida Web Coagulopatias,Demanda,Demanda - Em atendimento,PE ? Pesquisar pelo nome o sistema não retorna a pesquisa.,"

*Escopo:* Usuária Iris Maciel Costa, HEMOPI, não consegue pesquisar por nome apenas pelo código a paciente MARIA CLARA SILVA DE MACEDO, cód.: 172892993. Na funcionalidade Paciente/Cadastro/Consulta ? Consultar Paciente
*
Justificativa:* Sistema deve realizar as consultas conforme estabelecido, uma vez que o paciente está cadastrado e as informações estão corretas.
*
Objetivo:* Sistema deve realizar as consultas conforme estabelecido, uma vez que o paciente está cadastrado e as informações estão corretas.

*NOTA:* "" _Este atendimento possui dados sensíveis, dessa forma o artigo 26 da LGPD prevê que o uso compartilhado de dados pessoais pelo Poder Público deve atender a finalidades específicas de execução de políticas públicas e atribuição legal pelos órgãos e pelas entidades públicas, respeitados os princípios de proteção de dados pessoais elencados no art. 6º da Lei. Sendo assim utilizados para realização de suporte/manutenção, conforme orientação do serviço hemoterápico solicitante_ ""
",Solicitamos atendimento da demanda.
114986,subproj Hemovida Web Coagulopatias,Ordem de Serviço,OS - Em andamento,Ordem de Serviço,,
114976,subproj Hemovida Web Coagulopatias,Ordem de Serviço,OS - Em andamento,Ordem de Serviço,,
113971,subproj Hemovida Web Coagulopatias,Demanda,Demanda - Em atendimento,BA ? Divergência no recebimento x estoque do serviço.,"
*
Escopo:* A Farmácia do HEMOBA deu entrada do FATOR IX 200UI LOTE: C1026AA, mas está diferente do que receberam. Eles receberam do Ministério da Saúde - MS 388 frascos - FA, porém no COAGULOPATIAS há uma entrada de 410 FA. O sistema está apresentado uma diferença de 22 frascos. 

*Justificativa:* O sistema deverá apresentar o valor exato enviado para o serviço.

*Objetivo:* Manter as informações atualizadas e verídicas para a realização do trabalho.

*Evidências em anexo!*

*NOTA:* "" _Este atendimento possui dados sensíveis, dessa forma o artigo 26 da LGPD prevê que o uso compartilhado de dados pessoais pelo Poder Público deve atender a finalidades específicas de execução de políticas públicas e atribuição legal pelos órgãos e pelas entidades públicas, respeitados os princípios de proteção de dados pessoais elencados no art. 6º da Lei. Sendo assim utilizados para realização de suporte/manutenção, conforme orientação do serviço hemoterápico solicitante_ ""
",
114971,subproj Hemovida Web Coagulopatias,Ordem de Serviço,OS - Em andamento,Ordem de Serviço,,
113827,subproj Hemovida Web Coagulopatias,Demanda,Demanda - Em atendimento,MG - Inativação cadastro usuário CPF errado,"
Escopo: A usuária Josie Simão, Fundação HEMOMINAS, relatou que realizou o primeiro cadastro com CPF errado do usuário Matheus Malveira Souto Veloso. Ela tentou excluir o cadastro errado, realizado equivocadamente, porém não conseguiu ter acesso ao CPF digitado erroneamente. (Figura 01)

Justificativa: Inativar o usuário cadastrado com o CPF errado.

Objetivo: Lista de usuários autêntica.

ATENÇÃO! Informações complementares em anexo.

NOTA: "" Este atendimento possui dados sensíveis, dessa forma o artigo 26 da LGPD prevê que o uso compartilhado de dados pessoais pelo Poder Público deve atender a finalidades específicas de execução de políticas públicas e atribuição legal pelos órgãos e pelas entidades públicas, respeitados os princípios de proteção de dados pessoais elencados no art. 6º da Lei. Sendo assim utilizados para realização de suporte/manutenção, conforme orientação do serviço hemoterápico solicitante "".
",Solicitamos atendimento da demanda.
114951,subproj Hemovida Web Coagulopatias,Ordem de Serviço,OS - Em andamento,Ordem de Serviço,,
114946,subproj Hemovida Web Coagulopatias,Ordem de Serviço,OS - Em andamento,Ordem de Serviço,,
114941,subproj Hemovida Web Coagulopatias,Ordem de Serviço,OS - Em andamento,Ordem de Serviço,,
113704,subproj Hemovida Web Coagulopatias,Demanda,Demanda - Em atendimento,PE - Extração banco de dados infusão outras UF´s,"
*Escopo:* O usuário Lucas Vaz de Castro Oliveira, instituição HEMOPE, perfil CONTROLADOR ESTOQUE ESTADUAL, relatou que o sistema Hemovida Web Coagulopatias está permitindo extrair o banco de dodos (*.xls) com as informações de outras instituições. 

Caminho: Administração\Extração do banco de dados (xls), informou o período 01/01/2024 à 15/08/2024 selecionando a opção Infusão.
+*
Evidências no arquivo em anexo.*+

Exemplo: Fundação HEMOAM, Fundação HEMOBA, Hemocentro Coordenador de Palmas e Hemocentro de Brasília. 
*Justificativa:* O sistema precisa apresentar as informações conforme regra de negócio estabelecida. A instituição só verá as informações dela ou da rede dela conforme perfil de acesso.

*Objetivo:* O sistema precisa manter as informações seguras de cada instituição ou estado conforme regra de negócio estabelecida.

*NOTA:* "" _Este atendimento possui dados sensíveis, dessa forma o artigo 26 da LGPD prevê que o uso compartilhado de dados pessoais pelo Poder Público deve atender a finalidades específicas de execução de políticas públicas e atribuição legal pelos órgãos e pelas entidades públicas, respeitados os princípios de proteção de dados pessoais elencados no art. 6º da Lei. Sendo assim utilizados para realização de suporte/manutenção, conforme orientação do serviço hemoterápico solicitante_ "".",Solicitamos atendimento da demanda.
114936,subproj Hemovida Web Coagulopatias,Ordem de Serviço,OS - Em andamento,Ordem de Serviço,,
113687,subproj Hemovida Web Coagulopatias,Demanda,Demanda - Em atendimento,HEMOPE - Cartão Identificação do Paciente faixa do diagnóstico,"

*Escopo:* O sistema está apresentado no cartão de identificação do paciente a faixa de diagnóstico diferente do que está registrado nos dados complementares do paciente. As evidências estão no arquivo anexado na demanda, assim como, as informações do paciente.

*Justificativa:* Ajustar as informações conforme o cadastro do paciente, dados complementares (atualização), do paciente.

*Objetivo:* A funcionalidade ""Identificação do Paciente"" deve apresentar as informações conforme registrado no cadastro do paciente - Dados Complementares (Atualização).

NOTA: _"" _Este atendimento possui dados sensíveis, dessa forma o artigo 26 da LGPD prevê que o uso compartilhado de dados pessoais pelo Poder Público deve atender a finalidades específicas de execução de políticas públicas e atribuição legal pelos órgãos e pelas entidades públicas, respeitados os princípios de proteção de dados pessoais elencados no art. 6º da Lei. Sendo assim utilizados para realização de suporte/manutenção, conforme orientação do serviço hemoterápico solicitante""._",Solicitamos atendimento da demanda.
111506,Subproj Hemovida Web - Hemoglobinopatias,Ordem de Serviço,OS - Em andamento,Ordem de Serviço,,
111512,Subproj Hemovida Web - Hemoglobinopatias,Ordem de Serviço,OS - Em andamento,Ordem de Serviço,,
103202,Subproj Hemovida Web - Hemoglobinopatias,Demanda,Demanda - Em atendimento,"Solicitação de Novo Cadastro de Paciente e Validação de Cadastro de Paciente: Gravar o histórico alteração, inclusão e exclusão das funcionalidades","*Escopo:*  Gravar o histórico de log das funcionalidades abaixo, apresentar o histórico para visualizar e gerar visualização para impressão:

ALTERAÇÃO
INCLUSÃO
EXCLUSÃO

+Funcionalidades:+
?	Solicitação de Novo Cadastro e Validação

EXEMPLO DE TELAS DE CONSULTA E HISTÓRICO
PARÂMETROS
CONSULTA 
F.GI.009_HistoricoAlteracao_Exclusao_Inclusao_CadastroPac_Valid

HISTÓRICO LOG ? O histórico do log deverá consolidar as seguintes informações: Data, Tipo de Operação Responsável e Histórico com o detalhamento sendo: 

Data da Solicitação
Nome do Paciente:
Diagnóstico

Dados do solicitante
Nome do solicitante
Hospital

Status da Validação: Aceito ou Recusado
Nome do responsável pela validação/recusa:
Data:
Hora:


Segue anexo, exemplo de tela para agregar o histórico do registro conforme evidências no documento F.GI.009_HistoricoAlteracao_Exclusao_Inclusao_CadastroPac_Valid

*Justificativa:*  Acompanhamento e monitoramento do histórico das operações das funcionalidades: Solicitação de Novo Cadastro
E Validação dos pacientes com Doença Falciforme e Talassemia

*Objetivo:* Possibilitar a visualização do histórico das operações das funcionalidades: Solicitação de Novo Cadastro e 
Validação dos pacientes com Doença Falciforme e Talassemia 
",
111476,Subproj Hemovida Web - Hemoglobinopatias,Ordem de Serviço,OS - Em andamento,Ordem de Serviço,,
111936,SubProj SIA,Demanda,Demanda - Entregue,Nova versão BPA - Adequação consistência,"Considerando o erro na consistência identificado a partir da Demanda 111899, em que evidenciou-se que a consistência do BPA está parando ao encontrar o campo raça/cor não informado, solicitamos que seja lançada uma nova versão do sistema com a correção deste problema.",
111945,SubProj SIA,Demanda,Demanda - Entregue,Verificação BPA - Caráter de atendimento em arquivos importados,"Solicitamos que seja verificado o problema reportado pelo usuário, conforme e-mail anexo.

Em suma, após importar um arquivo (PA916188, anexo) e acessar os atendimentos individualizados importados, o sistema não está carregando o caráter de atendimento, apesar dessa informação ter sido importada com sucesso.

Reproduzimos a situação e encontramos o mesmo problema, conforme imagem abaixo.

!carateratendimento.JPG!",
114235,Subproj GAL,Ordem de Serviço,OS - Entregue,Ordem de Serviço,,"
*Índice de Atraso na Execução da Ordem de Serviço (IAOS)*

*IAOS = ( QDDos - QDAos ) / QDAos*

*QDDos*: 36    (dias decorridos)
*QDAos*: 2     (dias acordados)
*IAOS* : 17.0 (índice)

*Resultado*: Inaceitável

Cálculo conforme item 7.4.3 - Tabela 02, Anexo I - Termo de Referência. 

"
114240,Subproj GAL,Ordem de Serviço,OS - Entregue,Ordem de Serviço,,"
*Índice de Atraso na Execução da Ordem de Serviço (IAOS)*

*IAOS = ( QDDos - QDAos ) / QDAos*

*QDDos*: 36    (dias decorridos)
*QDAos*: 2     (dias acordados)
*IAOS* : 17.0 (índice)

*Resultado*: Inaceitável

Cálculo conforme item 7.4.3 - Tabela 02, Anexo I - Termo de Referência. 

"
114255,Subproj GAL,Ordem de Serviço,OS - Entregue,Ordem de Serviço,,"
*Índice de Atraso na Execução da Ordem de Serviço (IAOS)*

*IAOS = ( QDDos - QDAos ) / QDAos*

*QDDos*: 36    (dias decorridos)
*QDAos*: 2     (dias acordados)
*IAOS* : 17.0 (índice)

*Resultado*: Inaceitável

Cálculo conforme item 7.4.3 - Tabela 02, Anexo I - Termo de Referência. 

"
115006,Subproj GAL,Ordem de Serviço,OS - Entregue,Ordem de Serviço,,"
*Índice de Atraso na Execução da Ordem de Serviço (IAOS)*

*IAOS = ( QDDos - QDAos ) / QDAos*

*QDDos*: 15    (dias decorridos)
*QDAos*: 5     (dias acordados)
*IAOS* : 2.0 (índice)

*Resultado*: Inaceitável

Cálculo conforme item 7.4.3 - Tabela 02, Anexo I - Termo de Referência. 

"
115011,Subproj GAL,Ordem de Serviço,OS - Entregue,Ordem de Serviço,,"
*Índice de Atraso na Execução da Ordem de Serviço (IAOS)*

*IAOS = ( QDDos - QDAos ) / QDAos*

*QDDos*: 15    (dias decorridos)
*QDAos*: 2     (dias acordados)
*IAOS* : 6.5 (índice)

*Resultado*: Inaceitável

Cálculo conforme item 7.4.3 - Tabela 02, Anexo I - Termo de Referência. 

"
115016,Subproj GAL,Ordem de Serviço,OS - Entregue,Ordem de Serviço,,"
*Índice de Atraso na Execução da Ordem de Serviço (IAOS)*

*IAOS = ( QDDos - QDAos ) / QDAos*

*QDDos*: 15    (dias decorridos)
*QDAos*: 2     (dias acordados)
*IAOS* : 6.5 (índice)

*Resultado*: Inaceitável

Cálculo conforme item 7.4.3 - Tabela 02, Anexo I - Termo de Referência. 

"
115026,Subproj GAL,Ordem de Serviço,OS - Entregue,Ordem de Serviço,,"
*Índice de Atraso na Execução da Ordem de Serviço (IAOS)*

*IAOS = ( QDDos - QDAos ) / QDAos*

*QDDos*: 15    (dias decorridos)
*QDAos*: 2     (dias acordados)
*IAOS* : 6.5 (índice)

*Resultado*: Inaceitável

Cálculo conforme item 7.4.3 - Tabela 02, Anexo I - Termo de Referência. 

"
115241,SubProj SIA,Demanda,Demanda - Elaborar Proposta,Análise de Erro - SIA - SMS-ITAMAR,"Solicitamos análise do erro reportado pela SMS de Itamar no e-mail anexo.

Em suma, os atendimentos retroativos (competência 06) apresentados na competência 09 estão sendo rejeitados por críticas relacionadas ao CNES.
O link para download da base de dados será encaminhado por e-mail.

",
115223,SubProj SIA,Demanda,Demanda - Elaborar Proposta,Erro de importação arquivo RAAS no SIA,"*Escopo*
Solicito verificação de erro na importação de arquivo do RAAS no SIA, conforme relato da SES/PE transcrito abaixo:

""O município de São José da Coroa Grande está relatando problemas na importação do arquivo da RAAS no SIA.

Afirmam e, confirmamos, que ao importar o referido arquivo no SIA, o sistema faz todo processo porém não encontra-se as informações ao fazer a consulta ou relatórios da referida unidade. Segue anexo o arquivo texto e o banco do SIA para ver a possibilidade da equipe DATASUS analisar e dá um parecer ou solução para a importação.""

Banco do SIA:
https://clicktime.symantec.com/15tpDNghzrSxaHTxocBjZ?h=W0nF0d-Jzc4YOhldtwJKnvDMN2SK_lu9oQD4MipQb7U=&u=https://drive.google.com/file/d/1d7gupRkmcvWta3EnPJu5HvvXCC9n1-kS/view?usp%3Ddrive_web ",
115203,SubProj SIA,Demanda,Demanda - Elaborar Proposta,Análise de Erro - BAURU/SP,"Solicitamos verificação do erro relatado pelo gestor de Bauru - SP, conforme e-mail anexo, o qual transcrevemos abaixo:

""Senhores, boa tarde

Vocês poderiam por favor me informar o motivo de uma APAC ser aprovada e a outra rejeitada com a mensagem  ""HABILITAÇÃO 29.02 SÓ PODE SER UTIL.PROG.NAC.RED.FILAS"", não vejo nenhum nexo na rejeição: 

- as duas APAC são do mesmo estabelecimento,

- mesmo mês de competência,

- mesmo procedimento.

 
Uma está aprovada e a outra rejeitada.""

 ",
115140,SubProj SIA,Demanda,Demanda - Elaborar Proposta,Análise de Erro - RAAS,"Solicitamos análise do erro relacionado a ""AÇÕES NÃO INFORMADAS"" reportado no e-mail anexo, conforme transcrito abaixo:

_""Em relação às ações não informadas, ao que foi verificado esta crítica está equivocada.
Tem ocorrido com todos os pacientes em que é informado o número de CPF, este é o caso do primeiro paciente presente no arquivo, e como pode observar no anexo as ações constam como registradas.

Se puder fazer um teste no RAAS na versão 02.21 e importar o arquivo em anexo irá observar esta inconsistência sendo reportada no relatório.
Após alterar o arquivo, substituindo o CPF '05718332924' por '00000000000' na linha 2, ao importar novamente no RAAS irá observar que o problema não ocorre.""_

O usuário enviou o arquivo em anexo. Realizamos a importação do arquivo mas não conseguimos identificar o possível problema.",
114905,SubProj SIA,Demanda,Demanda - Elaborar Proposta,Verificação de erro SIA- habilitação PNRF,"Conforme situação relatada pela SES/SP transcrita abaixo, solicito verificação de erro no SIA,pois não faz vislumbramos motivo para ter uma APAC rejeitada e outra aprovada considerando ter as mesmas características, aparentemente.

""Vocês poderiam por favor me informar o motivo de uma APAC ser aprovada e a outra rejeitada com a mensagem  ""HABILITAÇÃO 29.02 SÓ PODE SER UTIL.PROG.NAC.RED.FILAS"", não vejo nenhum nexo na rejeição:

- as duas APAC são do mesmo estabelecimento,

- mesmo mês de competência,

- mesmo procedimento.

Uma está aprovada e a outra rejeitada.""

Obs.: Documentos anexados. ",
114904,SubProj SIA,Demanda,Demanda - Elaborar Proposta,Análise de Erro - Inconsistência SIA - SMS Curitiba,"Solicitamos análise do erro reportado pela SMS de Curitiba, conforme e-mail anexo.

",
114914,Subproj HORUS,Ordem de Serviço,OS - Entregue,Ordem de Serviço,,"
*Índice de Atraso na Execução da Ordem de Serviço (IAOS)*

*IAOS = ( QDDos - QDAos ) / QDAos*

*QDDos*: 13    (dias decorridos)
*QDAos*: 7     (dias acordados)
*IAOS* : 0.86 (índice)

*Resultado*: Inaceitável

Cálculo conforme item 7.4.3 - Tabela 02, Anexo I - Termo de Referência. 

"
110379,subproj Hemovida Web Coagulopatias,Demanda,Demanda - Entregue,Imunotolerância - Data inclusão e exclusão paciente excluído,"
Escopo: Usuária Maíra Nunes Pereira,perfil Administradora Federal, após uma solicitação do estado identificou que o sistema coloca o paciente que iniciou a IT em 25/06/2024 e terminou em 20/05/2024. Quando o correto seria Data do início 08/05/2023 e Data do término da IT - 20/05/2024.

Caminho é o seguinte: Entrar no sistema > imunotolerância > pacientes excluídos > pesquisar o nome do paciente ENZO ZANATA PELLEGI > clicar no código dele 2713191466

Justificativa: O sistema deve apresentar os dados conforme alimentado no sistema.

Objetivo: Disponibilizar as informações fidedignas para não comprometer as análises e as tomadas de decisões e o histórico do paciente.

Atenção!
Arquivo anexo com as evidências e informações complementares.",Solicitamos atendimento.
114504,Subproj GAL,Demanda,Demanda - Entregue,(82 SP) Módulo Biologia Médica- Alteração do Exame de Patologia Molecular/Biologia Molecular," Alteração do Exame/Metodologia, conforme definições em anexo:
Patologia Molecular/Biologia Molecular
",Para análise e implementação.
114505,Subproj GAL,Demanda,Demanda - Entregue,(72 SC) Módulo Biologia Médica - Inclusão de novo exame/metodologia/kit," Inclusão de novo exame/metodologia/kit, conforme definições em anexo:

Exame: InclusDOSAGEM DE VANCOMICINA

Metodologia: HPLC (Cromatografia Líquida de Alta Eficiência)

Kit: in house
",Para análise e implementação.
114507,Subproj GAL,Demanda,Demanda - Entregue,(5094 AC) Módulo Biologia Médica - Relatório resultado quantitativo mensal,"Na aplicação do Estado do Acre - ao gerar o Relatório de Resultado Quantitativo Mensal (Exame/Metodologia)  e o Relatório de Resultado Quantitativo por período (Exame/Metodologia) por laboratório na Área do Administrador. Quando selecionado o laboratório executor o relatório não está sendo gerado. Mas, quando não selecionamos nenhum laboratório temos o relatório e os dados.Por genteilza, verificar o que está ocorrendo com esta consulta (anexo).",Para análise e correção.
114509,Subproj GAL,Demanda,Demanda - Entregue,(4639 SP) Módulo Ambiental - Pesquisa de Parasitos - Microscópico,"A pesquisa e identificação de parasitos, seja ovos, larvas ou cistos de helmintos ou oocistos ou trofozoítos, de protozoários em água para consumo humano é realizada por laboratórios de Microscopia, por técnicas microscópicas e moleculares. A área de microbiologia não atende a esta demanda, sendo expertise de microscopistas, que fazem a pesquisa direta de sua morfologia, não sendo possível esta identificação por técnicas microbiológicas de incubação em meios específicos. Outro fator importante é o uso de equipamentos específicos para este fim, como por exemplo microscópios de fluorescência, filtros de rodamina, filtros de verificação de viabilidade (DAPI), entre outros recursos, que são encontrados em laboratórios de microscopia. Vale lembrar que atualmente o sistema contempla análises microscópicas para a Cianobactérias.",Para análise e correção.
112232,Subproj Plataforma Brasil,Ordem de Serviço,OS - Entregue,Ordem de Serviço,,"
*Índice de Atraso na Execução da Ordem de Serviço (IAOS)*

*IAOS = ( QDDos - QDAos ) / QDAos*

*QDDos*: 49    (dias decorridos)
*QDAos*: 5     (dias acordados)
*IAOS* : 8.8 (índice)

*Resultado*: Inaceitável

Cálculo conforme item 7.4.3 - Tabela 02, Anexo I - Termo de Referência. 

"
114004,Subproj Plataforma Brasil,Ordem de Serviço,OS - Entregue,Ordem de Serviço,,"
*Índice de Atraso na Execução da Ordem de Serviço (IAOS)*

*IAOS = ( QDDos - QDAos ) / QDAos*

*QDDos*: 20    (dias decorridos)
*QDAos*: 6     (dias acordados)
*IAOS* : 2.33 (índice)

*Resultado*: Inaceitável

Cálculo conforme item 7.4.3 - Tabela 02, Anexo I - Termo de Referência. 

"
114116,Subproj Plataforma Brasil,Ordem de Serviço,OS - Entregue,Ordem de Serviço,,"
*Índice de Atraso na Execução da Ordem de Serviço (IAOS)*

*IAOS = ( QDDos - QDAos ) / QDAos*

*QDDos*: 20    (dias decorridos)
*QDAos*: 4     (dias acordados)
*IAOS* : 4.0 (índice)

*Resultado*: Inaceitável

Cálculo conforme item 7.4.3 - Tabela 02, Anexo I - Termo de Referência. 

"
114143,Subproj Plataforma Brasil,Ordem de Serviço,OS - Entregue,Ordem de Serviço,,"
*Índice de Atraso na Execução da Ordem de Serviço (IAOS)*

*IAOS = ( QDDos - QDAos ) / QDAos*

*QDDos*: 14    (dias decorridos)
*QDAos*: 4     (dias acordados)
*IAOS* : 2.5 (índice)

*Resultado*: Inaceitável

Cálculo conforme item 7.4.3 - Tabela 02, Anexo I - Termo de Referência. 

"
111895,SubProj SIA,Demanda,Demanda - Entregue,Avaliar impactos de alterações na APAC e no SIA,"Avaliar impactos de alterações na APAC e no SIA, conforme exposto abaixo:

# Incluir a possibilidade de limitar o prazo de apresentação em até 2 competências para APAC do PMAE;
# Existência de compatibilidade obrigatória, em que se necessariamente deve-se registrar os procedimentos compatíveis na APAC;
Exemplo: 
09.01.01.001-4 - OCI AVALIAÇÃO DIAGNÓSTICA INICIAL DE CÂNCER DE MAMA
02.05.02.009-7 - ULTRASSONOGRAFIA MAMARIA BILATERAL


OBS: APAC do PMAE pode ser identificadas pelo quinto dígito 7 ou procedimento principal do Grupo 09.",
114923,SubProj SIH,Ordem de Serviço,OS - Em andamento,Ordem de Serviço,,
114919,SubProj SIH,Ordem de Serviço,OS - Em andamento,Ordem de Serviço,,
114481,SubProj SIH,Demanda,Demanda - Em atendimento,SIHD - Problema na Crítica de AIH Sobreposta,"Recadastro da Demanda #75871

Verificar possível problema na crítica de AIH sobreposta do SIHD, conforme relatado pelo usuário no e-mail, Nota técnica e ofício anexos.
Segundo usuário, o SIHD aparentemente deixou de realizar a crítica ""Intern.Sobreposta - Est"" e com isso não há mais bloqueio nas AIH que se sobrepõem, sendo que essa crítica é importante para que não sejam processadas e pagas AIH próximas ou sobrepostas apresentadas em meses distintos.",
115076,SubProj SIA,Ordem de Serviço,OS - Em andamento,Ordem de Serviço,,
115066,SubProj SIA,Ordem de Serviço,OS - Em andamento,Ordem de Serviço,,
114002,SubProj SIA,Demanda,Demanda - Em atendimento,Verificar crítica de quantidade máxima SIA,"Verificar como se faz crítica de quantidade máxima de procedimento no SIA quando registrado em APAC.
Por exemplo:
o procedimento abaixo possui quantidade máxima de 8 (e ele é APAC Secundário). O sistema faz essa crítica de quantidade por competência/por paciente? ou seria apenas por APAC?

!proceidmento.png!",
114195,SubProj SIA,Ordem de Serviço,OS - Entregue,Ordem de Serviço,,"
*Índice de Atraso na Execução da Ordem de Serviço (IAOS)*

*IAOS = ( QDDos - QDAos ) / QDAos*

*QDDos*: 13    (dias decorridos)
*QDAos*: 7     (dias acordados)
*IAOS* : 0.86 (índice)

*Resultado*: Inaceitável

Cálculo conforme item 7.4.3 - Tabela 02, Anexo I - Termo de Referência. 

"
111605,RTS - Repositório de Terminologias e Templates em Saúde,Demanda,Demanda - Entregue,Atualizar terminologia TUSS_vigência_MAIO_2024,"
*OBJETIVO*
Atualizar a Tabela TUSS no RTS conforme a última atualização da TUSS, publicada em 30/07/2024 (início de vigência em 01/08/2024) conforme mensagem da ANS no anexo. 

*ESCOPO*
Migrar os códigos da planilha ""INCLUSÕES E ALTERAÇÕES NO RTS_VERSÃO _tiss_MAIO_2024 (NO ANEXO) para a terminologia TUSS no RTS conforme caminho abaixo: 
RTS <https://rts.saude.gov.br/rts-web/#/privado/tuss>
TERMINOLOGIAS
AÇÕES E SERVIÇOS DE SAÚDE
TUSS

_OBSERVAÇÔES_
1) O campo CÓDIGO da terminologia TUSS no RTS deve importar a coluna CÓDIGO da planilha Excel.
O campo NOME da terminologia TUSS no RTS deve importar a coluna NOME da planilha Excel.
O campo DESCRIÇÃO da terminologia TUSS no RTS deve importar a coluna DESCRIÇÃO da planilha Excel.

2) o documento de publicação é a ""NOTA TÉCNICA Nº 7/2024/COEST/GEPIN/DIRAD-DIDES/DIDES"" no anexo.




","PREZADOS (AS)

Por favor desconsiderar na Demanda 111605 data início da vigência em 1º/08/2024 e *considerar competência maio de 2024,* vamos fazer o ajuste na referida demanda.
Grata
(CONFORME TEXTO ABAIXO)
 

OBJETIVO
Atualizar a Tabela TUSS no RTS conforme a última atualização da TUSS, publicada em 30/07/2024 *(início de vigência em MAIO/2024)*  conforme mensagem da ANS no anexo.

ESCOPO
Migrar os códigos da planilha ""INCLUSÕES E ALTERAÇÕES NO RTS_VERSÃO _tiss_MAIO_2024 (NO ANEXO) para a terminologia TUSS no RTS conforme caminho abaixo:
RTS <https://rts.saude.gov.br/rts-web/#/privado/tuss>
TERMINOLOGIAS
AÇÕES E SERVIÇOS DE SAÚDE
TUSS

OBSERVAÇÔES
1) O campo CÓDIGO da terminologia TUSS no RTS deve importar a coluna CÓDIGO da planilha Excel.
O campo NOME da terminologia TUSS no RTS deve importar a coluna NOME da planilha Excel.
O campo DESCRIÇÃO da terminologia TUSS no RTS deve importar a coluna DESCRIÇÃO da planilha Excel.

2) o documento de publicação é a ""NOTA TÉCNICA Nº 7/2024/COEST/GEPIN/DIRAD-DIDES/DIDES"" no anexo."
111890,SubProj CIHA,Demanda,Demanda - Entregue,Carga CIHA -Remessas com erro,"Solicitamos análise e alteração na Base de Dados do CIHA para limpar os dados inseridos indevidamente referentes à remessas com status de erro na tabela LOG_TRANSMISSAO.
",
111563,SubProj CIHA,Demanda,Demanda - Entregue,Inclusão de Nota Informativa no site sobre produção de consórcios.,"*Escopo*
Adicionar a Nota informativa anexa no site do CIHA (na aba ""documentos""), com o seguinte texto introdutório:

Acesse a Nota Informativa abaixo que esclarece as disposições da Portaria GM/MS nº 2.905/2022 no que se refere à relação dos consórcios púbicos
de saúde e os sistemas de informação sob gestão da Coordenação-Geral de Gestão de Sistemas de Informação em Saúde (CGSI/DRAC/SAES), notadamente o Cadastro
Nacional de Estabelecimentos de Saúde (CNES) e a Comunicação de Informação Hospitalar e Ambulatorial (CIHA).

",
110716,SubProj SISAIH01,Demanda,Demanda - Entregue,Disponibilizar a versão do SISAIH01 referente à competência 08/2024,"Justificativa
Pelo fato do SIH ser uma aplicação de processamento descentralizada, faz-se necessário atualizar a aplicação e banco de dados de forma a atender às mudanças de modelo de financiamento da tabela do SUS e das regras de negócio estabelecidas nas políticas nacionais.

Escopo
- Disponibilizar a versão do SISAIH01 referente à competência 08/2024",
109835,SubProj SIH,Demanda,Demanda - Entregue,Adequar a aplicação de restauração de backup de base do SIHD para atender solicitação de gestor - 03/2024,"*ESCOPO*
Adequar a aplicação de restauração de backup de base  do SIHD para gerar a competência 03/2024 a 2 municípios, conforme detalhado abaixo:

# Disponibilizando backup ao município de Monte Azul/MG, por meio do endereço eletrônico: simonefernandesreis@yahoo.com.br; e
# Disponibilizando backup ao município Cabo de Santo Agostinho/PE, por meio do email: prefeitura@cabo.pe.gov.br 

Os referidos municípios encaminharam os Ofícios SMS nº 75 /2024/SMS (Monte Azul/MG) e Ofício SMS nº 246/2024 (Cabo de Santo Agostinho/PE), anexos.",
110712,SubProj SIH,Demanda,Demanda - Entregue,Verificação de erro - Apiacá/ES,"Solicitamos investigação e solução do erro relatado por Apiac - ES, conforme e-mail anexo.

Em suma, o município precisa encerrar as competências sem movimento desde 2013, mas não está conseguindo importar o txt do CNES.",
113242,Subproj GAL,Ordem de Serviço,OS - Entregue,Ordem de Serviço,,"
*Índice de Atraso na Execução da Ordem de Serviço (IAOS)*

*IAOS = ( QDDos - QDAos ) / QDAos*

*QDDos*: 7    (dias decorridos)
*QDAos*: 1     (dias acordados)
*IAOS* : 6.0 (índice)

*Resultado*: Inaceitável

Cálculo conforme item 7.4.3 - Tabela 02, Anexo I - Termo de Referência. 

"
113282,Subproj GAL,Ordem de Serviço,OS - Entregue,Ordem de Serviço,,"
*Índice de Atraso na Execução da Ordem de Serviço (IAOS)*

*IAOS = ( QDDos - QDAos ) / QDAos*

*QDDos*: 7    (dias decorridos)
*QDAos*: 1     (dias acordados)
*IAOS* : 6.0 (índice)

*Resultado*: Inaceitável

Cálculo conforme item 7.4.3 - Tabela 02, Anexo I - Termo de Referência. 

"
113287,Subproj GAL,Ordem de Serviço,OS - Entregue,Ordem de Serviço,,"
*Índice de Atraso na Execução da Ordem de Serviço (IAOS)*

*IAOS = ( QDDos - QDAos ) / QDAos*

*QDDos*: 8    (dias decorridos)
*QDAos*: 1     (dias acordados)
*IAOS* : 7.0 (índice)

*Resultado*: Inaceitável

Cálculo conforme item 7.4.3 - Tabela 02, Anexo I - Termo de Referência. 

"
114245,Subproj GAL,Ordem de Serviço,OS - Entregue,Ordem de Serviço,,"
*Índice de Atraso na Execução da Ordem de Serviço (IAOS)*

*IAOS = ( QDDos - QDAos ) / QDAos*

*QDDos*: 7    (dias decorridos)
*QDAos*: 2     (dias acordados)
*IAOS* : 2.5 (índice)

*Resultado*: Inaceitável

Cálculo conforme item 7.4.3 - Tabela 02, Anexo I - Termo de Referência. 

"
114250,Subproj GAL,Ordem de Serviço,OS - Entregue,Ordem de Serviço,,"
*Índice de Atraso na Execução da Ordem de Serviço (IAOS)*

*IAOS = ( QDDos - QDAos ) / QDAos*

*QDDos*: 7    (dias decorridos)
*QDAos*: 2     (dias acordados)
*IAOS* : 2.5 (índice)

*Resultado*: Inaceitável

Cálculo conforme item 7.4.3 - Tabela 02, Anexo I - Termo de Referência. 

"
114260,Subproj GAL,Ordem de Serviço,OS - Entregue,Ordem de Serviço,,"
*Índice de Atraso na Execução da Ordem de Serviço (IAOS)*

*IAOS = ( QDDos - QDAos ) / QDAos*

*QDDos*: 7    (dias decorridos)
*QDAos*: 2     (dias acordados)
*IAOS* : 2.5 (índice)

*Resultado*: Inaceitável

Cálculo conforme item 7.4.3 - Tabela 02, Anexo I - Termo de Referência. 

"
114272,Subproj GAL,Ordem de Serviço,OS - Entregue,Ordem de Serviço,,"
*Índice de Atraso na Execução da Ordem de Serviço (IAOS)*

*IAOS = ( QDDos - QDAos ) / QDAos*

*QDDos*: 8    (dias decorridos)
*QDAos*: 2     (dias acordados)
*IAOS* : 3.0 (índice)

*Resultado*: Inaceitável

Cálculo conforme item 7.4.3 - Tabela 02, Anexo I - Termo de Referência. 

"
114279,Subproj GAL,Ordem de Serviço,OS - Entregue,Ordem de Serviço,,"
*Índice de Atraso na Execução da Ordem de Serviço (IAOS)*

*IAOS = ( QDDos - QDAos ) / QDAos*

*QDDos*: 8    (dias decorridos)
*QDAos*: 2     (dias acordados)
*IAOS* : 3.0 (índice)

*Resultado*: Inaceitável

Cálculo conforme item 7.4.3 - Tabela 02, Anexo I - Termo de Referência. 

"
114190,Subproj HORUS,Ordem de Serviço,OS - Entregue,Ordem de Serviço,,"
*Índice de Atraso na Execução da Ordem de Serviço (IAOS)*

*IAOS = ( QDDos - QDAos ) / QDAos*

*QDDos*: 12    (dias decorridos)
*QDAos*: 7     (dias acordados)
*IAOS* : 0.71 (índice)

*Resultado*: Inaceitável

Cálculo conforme item 7.4.3 - Tabela 02, Anexo I - Termo de Referência. 

"
112212,Subproj Plataforma Brasil,Ordem de Serviço,OS - Entregue,Ordem de Serviço,,"
*Índice de Atraso na Execução da Ordem de Serviço (IAOS)*

*IAOS = ( QDDos - QDAos ) / QDAos*

*QDDos*: 30    (dias decorridos)
*QDAos*: 5     (dias acordados)
*IAOS* : 5.0 (índice)

*Resultado*: Inaceitável

Cálculo conforme item 7.4.3 - Tabela 02, Anexo I - Termo de Referência. 

"
113772,SubProj SIA,Demanda,Demanda - Entregue,Disponibilizar nova versão não obrigatória do BDSIA - 09/2024,"Considerando que a Tabela de Procedimentos do SUS foi retroagida para correção no procedimento 0301050066, solicitamos que seja disponibilizada nova versão não obrigatória do BDSIA para a competência 09/2024.

",
110717,SubProj SIH,Demanda,Demanda - Entregue,Versão SIHD 07/2024,"Justificativa
Pelo fato do SIHD ser uma aplicação de processamento descentralizada, faz-se necessário atualizar a aplicação e banco de dados de forma a atender às mudanças de modelo de financiamento da tabela do SUS e das regras de negócios estabelecidas nas políticas nacionais.

Escopo
- Disponibilizar a versão do SIHD referente à competência 07/2024.","Solicitamos incluir no escopo desta demanda a correção do ordenamento do relatório de homônimos/sobreposição de internação, para que este volte a ser ordenado em ordem alfabética, pelo nome do paciente.
Em anexo, e-mail do gestor de SMS de Caxias do Sul sobre este problema."
110719,SubProj SIH,Demanda,Demanda - Entregue,Análise de erro - Importação txt CNES no SIHD,"Solicitamos análise e solução do problema relatado pela Secretaria Municipal de Saúde de Itaipé/MG ao tentar importar o txt do CNES da competência 03/2024 no SIHD, conforme e-mail anexo.
",
110790,SubProj SIH,Demanda,Demanda - Entregue,Análise de erro - SIHD - SMS Atibaia/SP,"Solicitamos a verificação do erro reportado pela SMS de Atibaia - SP no e-mail anexo.

Em suma, o gestor relata que o sistema está exigindo a importação de arquivo de fornecedores de 2017 para encerrar a competência.",
110800,SubProj SIH,Demanda,Demanda - Entregue,Disponibilizar versão do SIHD para Secretaria Municipal de Saúde de Itaipé/MG,"Para solucionar o problema constatado por meio da Demanda 110719, solicitamos a disponibilização para a SMS de Itaipe-MG, uma versão do SIHD para viabilizar o encerramento da competência a 03/2024 sem CNES.
",
110718,SubProj SIH,Demanda,Demanda - Entregue,Versão do SIHDTS referente à competência 06/2024,"ustificativa
Pelo fato do SIHD ser uma aplicação de processamento descentralizada, faz-se necessário atualizar a aplicação e banco de dados de forma a atender às mudanças de modelo de financiamento da tabela do SUS e das regras de negócios estabelecidas nas políticas nacionais.

Escopo
- Disponibilizar a versão do SIHDTS referente à competência 06/2024.",
112807,subproj Hemovida Web Coagulopatias,Ordem de Serviço,OS - Em andamento,Ordem de Serviço,,
112762,subproj Hemovida Web Coagulopatias,Ordem de Serviço,OS - Em andamento,Ordem de Serviço,,
111424,Subproj HORUS,Ordem de Serviço,OS - Entregue,Ordem de Serviço,,"
*Índice de Atraso na Execução da Ordem de Serviço (IAOS)*

*IAOS = ( QDDos - QDAos ) / QDAos*

*QDDos*: 49    (dias decorridos)
*QDAos*: 7     (dias acordados)
*IAOS* : 6.0 (índice)

*Resultado*: Inaceitável

Cálculo conforme item 7.4.3 - Tabela 02, Anexo I - Termo de Referência. 

"
110733,SubProj SIA,Demanda,Demanda - Entregue,Nova versão APAC - cpt 08/2024,"*Justificativa*
Aprimorando do funcionamento da APAC para operacionalização do Programa Mais Acesso a Especialistas (PMAE) e melhorias gerais

*Escopo*
1- Disponibilizar versão da APAC referente à competência 08/2024, com seguintes alterações:

(i) Recuperar os dados do paciente digitados anteriormente quando utilizado o CPF, assim como é feito pelo sistema ao se digitar um CNS para o qual já houve atendimento anterior.

(ii) Para APACs do PMAE, não permitir a inserção da quantidade ZERO (000) para os procedimentos realizados (principais e secundários)

OBS: Essas APAC podem ser identificadas pelo quinto dígito 7 ou procedimento principal do Grupo 09.

(iii) Evoluir a APAC para que reconheça a ""Categoria CBO"" relacionada a procedimentos na Tabela SUS.

Exemplo:

O procedimento 09.05.01.002-7 - OCI AVALIAÇÃO DE ESTRABISMO tem as seguintes ""Categorias"" associados a ele:

!categoriacbo.png!

Porém, a APAC não reconhece um CBO de uma dessas categorias como válido:

!apaccbo.png!

(iv) Atualizar o layout da APAC para contemplar as seguintes alterações:

*a) Alteração no layout parte variável procedimentos do laudo GERAL, inclusão do campo (apa_dtiden)*
							
Seq 	Nome		Tam	Ini	Fim	Obrigatório	Descrição	
1	apa_varia	002	001	002	SIM		06 - Identificação de parte variavel do Laudo Geral
2	apa_cmp		006	003	008	SIM		Ano e mês da produção no formato (AAAAMM).	
3	apa_num		013	009	021	SIM		Número da APAC (12 dígitos para sequencia e 1 para dígito verificador)
4	apa_cidpri	004	022	025	SIM		CID PRINCIPAL
5	apa_cidsec	004	026	029	NÃO		CID SECUNDARIO
6	apa_dtiden	008	030	037	SIM		Data da identificação patológica do caso (AAAAMMDD)
7	apa_fim		002	030	031	SIM		Correspondente aos caracteres CR - CHR(13) + LF - CHR(10), do padrão ASCII (.TXT), indicando fim do cabeçalho.

*b) Incluir a observação nos campos CNS do paciente e CPF do paciente: Deve-se identificar o paciente por apenas um documento: ou o CPF ou o CNS. Sendo assim, se informado o CPF, não informar o CNS e vice-versa.*
",
111449,Subproj HORUS,Ordem de Serviço,OS - Entregue,Ordem de Serviço,,"
*Índice de Atraso na Execução da Ordem de Serviço (IAOS)*

*IAOS = ( QDDos - QDAos ) / QDAos*

*QDDos*: 49    (dias decorridos)
*QDAos*: 7     (dias acordados)
*IAOS* : 6.0 (índice)

*Resultado*: Inaceitável

Cálculo conforme item 7.4.3 - Tabela 02, Anexo I - Termo de Referência. 

"
111364,Subproj HORUS,Ordem de Serviço,OS - Entregue,Ordem de Serviço,,"
*Índice de Atraso na Execução da Ordem de Serviço (IAOS)*

*IAOS = ( QDDos - QDAos ) / QDAos*

*QDDos*: 49    (dias decorridos)
*QDAos*: 7     (dias acordados)
*IAOS* : 6.0 (índice)

*Resultado*: Inaceitável

Cálculo conforme item 7.4.3 - Tabela 02, Anexo I - Termo de Referência. 

"
111434,Subproj HORUS,Ordem de Serviço,OS - Entregue,Ordem de Serviço,,"
*Índice de Atraso na Execução da Ordem de Serviço (IAOS)*

*IAOS = ( QDDos - QDAos ) / QDAos*

*QDDos*: 35    (dias decorridos)
*QDAos*: 7     (dias acordados)
*IAOS* : 4.0 (índice)

*Resultado*: Inaceitável

Cálculo conforme item 7.4.3 - Tabela 02, Anexo I - Termo de Referência. 

"
111601,subproj Hemovida Web Coagulopatias,Ordem de Serviço,OS - Emissão de NF-e,Ordem de Serviço,,"
*Avaliação da Qualidade - Níveis Mínimos de Serviços Exigidos*

*Índice de Atraso na Execução dos Sprints (IAES)*

*Crítico*: 0 * 2% sobre valor da OS
*Inaceitável*: 0 * 5% sobre valor da OS

*Glosa*: 0

Cálculo conforme item 7.4.3 - Tabela 01, Anexo I - Termo de Referência. 



 ****************** 


*Índice de Atraso na Execução da Ordem de Serviço (IAOS)*

*Resultado*: Aceitável 

*Glosa*: 0

Cálculo conforme item 7.4.3 - Tabela 02, Anexo I - Termo de Referência. 

"
111464,Subproj HORUS WS,Ordem de Serviço,OS - Entregue,Ordem de Serviço,,"
*Índice de Atraso na Execução da Ordem de Serviço (IAOS)*

*IAOS = ( QDDos - QDAos ) / QDAos*

*QDDos*: 44    (dias decorridos)
*QDAos*: 7     (dias acordados)
*IAOS* : 5.29 (índice)

*Resultado*: Inaceitável

Cálculo conforme item 7.4.3 - Tabela 02, Anexo I - Termo de Referência. 

"
111394,Subproj HORUS,Ordem de Serviço,OS - Entregue,Ordem de Serviço,,"
*Índice de Atraso na Execução da Ordem de Serviço (IAOS)*

*IAOS = ( QDDos - QDAos ) / QDAos*

*QDDos*: 41    (dias decorridos)
*QDAos*: 7     (dias acordados)
*IAOS* : 4.86 (índice)

*Resultado*: Inaceitável

Cálculo conforme item 7.4.3 - Tabela 02, Anexo I - Termo de Referência. 

"
111399,Subproj HORUS,Ordem de Serviço,OS - Entregue,Ordem de Serviço,,"
*Índice de Atraso na Execução da Ordem de Serviço (IAOS)*

*IAOS = ( QDDos - QDAos ) / QDAos*

*QDDos*: 43    (dias decorridos)
*QDAos*: 7     (dias acordados)
*IAOS* : 5.14 (índice)

*Resultado*: Inaceitável

Cálculo conforme item 7.4.3 - Tabela 02, Anexo I - Termo de Referência. 

"
114178,SubProj SIA,Ordem de Serviço,OS - Em andamento,Ordem de Serviço,,
114031,SubProj SIA,Ordem de Serviço,OS - Em andamento,Ordem de Serviço,,
111893,SubProj SIA,Demanda,Demanda - Entregue,Nova versão SIA  - cpt 08/2024,"*Justificativa*
Aprimorando do SIA para operacionalizar o Programa Mais Acesso a Especialistas (PMAE).

*Escopo*
1- Disponibilizar versão do SIA, referente à competência 08/2024, com as seguintes alterações:

Para APACs do PMAE, não permitir a quantidade ZERO (000) para os procedimentos realizados (principais e/ou secundários)

OBS: Essas APAC podem ser identificadas pelo quinto dígito 7 ou pelo procedimento principal do Grupo 09 do SIGTAP.",
113974,Subproj GAL,Ordem de Serviço,OS - Emissão de NF-e,Ordem de Serviço,,"
*Avaliação da Qualidade - Níveis Mínimos de Serviços Exigidos*

*Índice de Atraso na Execução dos Sprints (IAES)*

*Crítico*: 0 * 2% sobre valor da OS
*Inaceitável*: 0 * 5% sobre valor da OS

*Glosa*: 0

Cálculo conforme item 7.4.3 - Tabela 01, Anexo I - Termo de Referência. 



 ****************** 


*Índice de Atraso na Execução da Ordem de Serviço (IAOS)*

*Resultado*: Crítico * 3% sobre valor da OS 

*Glosa*: 0.0

Cálculo conforme item 7.4.3 - Tabela 02, Anexo I - Termo de Referência. 

"
113809,Subproj GAL,Ordem de Serviço,OS - Emissão de NF-e,Ordem de Serviço,,"
*Avaliação da Qualidade - Níveis Mínimos de Serviços Exigidos*

*Índice de Atraso na Execução dos Sprints (IAES)*

*Crítico*: 0 * 2% sobre valor da OS
*Inaceitável*: 0 * 5% sobre valor da OS

*Glosa*: 0

Cálculo conforme item 7.4.3 - Tabela 01, Anexo I - Termo de Referência. 



 ****************** 


*Índice de Atraso na Execução da Ordem de Serviço (IAOS)*

*Resultado*: Aceitável 

*Glosa*: 0

Cálculo conforme item 7.4.3 - Tabela 02, Anexo I - Termo de Referência. 

"
113804,Subproj GAL,Ordem de Serviço,OS - Emissão de NF-e,Ordem de Serviço,,"
*Avaliação da Qualidade - Níveis Mínimos de Serviços Exigidos*

*Índice de Atraso na Execução dos Sprints (IAES)*

*Crítico*: 0 * 2% sobre valor da OS
*Inaceitável*: 0 * 5% sobre valor da OS

*Glosa*: 0

Cálculo conforme item 7.4.3 - Tabela 01, Anexo I - Termo de Referência. 



 ****************** 


*Índice de Atraso na Execução da Ordem de Serviço (IAOS)*

*Resultado*: Crítico * 3% sobre valor da OS 

*Glosa*: 0.0

Cálculo conforme item 7.4.3 - Tabela 02, Anexo I - Termo de Referência. 

"
113794,Subproj GAL,Ordem de Serviço,OS - Emissão de NF-e,Ordem de Serviço,,"
*Avaliação da Qualidade - Níveis Mínimos de Serviços Exigidos*

*Índice de Atraso na Execução dos Sprints (IAES)*

*Crítico*: 0 * 2% sobre valor da OS
*Inaceitável*: 0 * 5% sobre valor da OS

*Glosa*: 0

Cálculo conforme item 7.4.3 - Tabela 01, Anexo I - Termo de Referência. 



 ****************** 


*Índice de Atraso na Execução da Ordem de Serviço (IAOS)*

*Resultado*: Aceitável 

*Glosa*: 0

Cálculo conforme item 7.4.3 - Tabela 02, Anexo I - Termo de Referência. 

"
113787,Subproj GAL,Ordem de Serviço,OS - Emissão de NF-e,Ordem de Serviço,,"
*Avaliação da Qualidade - Níveis Mínimos de Serviços Exigidos*

*Índice de Atraso na Execução dos Sprints (IAES)*

*Crítico*: 0 * 2% sobre valor da OS
*Inaceitável*: 0 * 5% sobre valor da OS

*Glosa*: 0

Cálculo conforme item 7.4.3 - Tabela 01, Anexo I - Termo de Referência. 



 ****************** 


*Índice de Atraso na Execução da Ordem de Serviço (IAOS)*

*Resultado*: Crítico * 3% sobre valor da OS 

*Glosa*: 0.0

Cálculo conforme item 7.4.3 - Tabela 02, Anexo I - Termo de Referência. 

"
113272,Subproj GAL,Ordem de Serviço,OS - Emissão de NF-e,Ordem de Serviço,,"
*Avaliação da Qualidade - Níveis Mínimos de Serviços Exigidos*

*Índice de Atraso na Execução dos Sprints (IAES)*

*Crítico*: 0 * 2% sobre valor da OS
*Inaceitável*: 0 * 5% sobre valor da OS

*Glosa*: 0

Cálculo conforme item 7.4.3 - Tabela 01, Anexo I - Termo de Referência. 



 ****************** 


*Índice de Atraso na Execução da Ordem de Serviço (IAOS)*

*Resultado*: Aceitável 

*Glosa*: 0

Cálculo conforme item 7.4.3 - Tabela 02, Anexo I - Termo de Referência. 

"
113277,Subproj GAL,Ordem de Serviço,OS - Entregue,Ordem de Serviço,,"
*Índice de Atraso na Execução da Ordem de Serviço (IAOS)*

*IAOS = ( QDDos - QDAos ) / QDAos*

*QDDos*: 5    (dias decorridos)
*QDAos*: 1     (dias acordados)
*IAOS* : 4.0 (índice)

*Resultado*: Inaceitável

Cálculo conforme item 7.4.3 - Tabela 02, Anexo I - Termo de Referência. 

"
112460,Subproj GAL,Demanda,Demanda - Entregue,(30 SE)  Módulo Ambiental - Impressão do Mapa de Trabalho na Alocação,"Após receber e alocar os ensaios, a aplicação pergunta se quer imprimir o mapa de trabalho , gerando um arquivo PDF. Neste momento a aplicação está demorando para carregar o PDF e as vezes não gera o arquivo.
Apesar de existir o mapa de trabalho na impressão, a bancada prefere utilizar essa a funcionalidae de imprimir mapa de  trabalho na alocação do ensaio, quando está realizando a análise do ensaio. ","Prezado Donizete.

Segue para sua análise, aprovação e seguimento."
113307,Subproj GAL,Demanda,Demanda - Entregue,(5474 CGLAB) Módulo Nacional - Tabela de agrupamento II 2024,"Atualizar a tabela de agrupamento do Módulo Nacional , conforme definições em anexo.",Para análise e implementação.
112997,Subproj GAL,Demanda,Demanda - Entregue,(5243 CE) Módulo Ambiental - Inclusão de Resultado,"
Solicitação 230413000235 está com a analise físico químico com status de alocada, porém não se consegue fazer nenhuma alteração na análise para colocar resultado, pois ele não aparece na aba de entrada de resultados.  ",Para análise e correção.
112461,Subproj GAL,Demanda,Demanda - Entregue,(26 CGLAB) Módulo Biologia Médica Inclusão no pré-tabelado anticorpo,"Inclusão no Pré-tabelado: ""Anticorpo?:

Oropouche

Orthopox Vírus

Monkeypox vírus

Varicella Zoster monoclonal

Varicella Zoster policlonal

Observações:
1. Colocar a tabela em ordem alfabética .
2. Inclusão dos itens abaixo relacionados (escritos por extenso e com letra minúscula)","Prezado Donizete.

Segue para sua análise, aprovação e seguimento."
112996,Subproj GAL,Demanda,Demanda - Entregue,(4944 PR)  Módulo Ambiental -  Forma de Abastecimento SAA," Forma de Abastecimento SAA na aplicação do PR:
]Ao cadastrar uma solicitação de SAA, para a UT 123- CAMPO LARGO
Campo: Procedência da Coleta
SISTEMA DE DISTRIBUIÇÃO

Campo: Ponto de coleta
CAVALETE/HIDROMETRO

Campo : Área
O mesmo deveria puxar os bairros que são atendidos por essa UT, contudo o campo é OBRIGATORIO, e não indica que não existe nada cadastrado no sistema.

No Sisagua o bairro estão corretos e atualizados (anexo).

Feito também atualização no Gal no dia 16/03/23, o campo Área no relatório indica que não há nada cadastrado (conforme anexo)

Em anexo as telas das atualizações e  cadastro na referida UT.",Para análise e correção.
112995,Subproj GAL,Demanda,Demanda - Entregue,(5078 PE ) Módulo Ambiental  -  Fechamento da Solicitação," Fechamento da Solicitação - Estado de Pernambuco:
As solicitações 230160000088 e 230160000085 foram abertas pelo mesmo laboratório e enviados para o mesmo laboratório executor, porém ao liberar a 230160000088, ela não vai para a tela de Fechar a Solicitação. Ela está na tela de Fechar a Solicitação de outro laboratório executor da rede.

Laboratório de cadastro
CNES: 2315173 - VIGIAMB DE CHA DE ALEGRIA

Laboratório executor
CNES: 5856752 - I GERENCIA REGIONAL DE SAUDE RECIFE",Para análise e correção.
112851,SubProj SIA,Ordem de Serviço,OS - Entregue,Ordem de Serviço,,"
*Índice de Atraso na Execução da Ordem de Serviço (IAOS)*

*IAOS = ( QDDos - QDAos ) / QDAos*

*QDDos*: 33    (dias decorridos)
*QDAos*: 5     (dias acordados)
*IAOS* : 5.6 (índice)

*Resultado*: Inaceitável

Cálculo conforme item 7.4.3 - Tabela 02, Anexo I - Termo de Referência. 

"
106943,SubProj SIA,Demanda,Demanda - Entregue,Nova versão APAC - cpt 07/2024,"*Justificativa*
Operacionalização do Programa Mais Acesso a Especialistas (PMAE).

*Escopo*

1- Disponibilizar versão da APAC referente à competência 07/2024, com seguintes alterações:

(i) A partir da competência 07/2024, o sistema deverá reconhecer uma APAC do Programa Mais Acesso a Especialistas (PMAE) quando:

* O procedimento principal possuir o Atributo Complementar ""053"" no SIGTAP; e
* O quinto dígito do número de autorização ser preenchido com valor ""7"";
* O caráter de atendimento ser ""01 - Eletivo"".

(ii) Uma numeração de APAC com quinto dígito ""7"" só deve ser permitida para procedimento APAC principal que possua atributo complementar ""053 - Programa Mais Acesso a Especialistas (PMAE)""

(iii) APAC com procedimento principal com Atributo Complementar ""053"" no SIGTAP só deve admitir os motivos de saída:
* 1.1 - Alta Curado;
* 1.2 - Alta Melhorado;
* 1.4 - Alta a pedido;
* 1.5 - Alta com previsão de retorno para acompanhamento do paciente;
* 4.1 - Óbito - Com declaração de óbito fornecida pelo médico assistente;
* 4.2 - Óbito - Com declaração de óbito fornecida pelo Instituto Médico Legal - IML; e
* 4.3 - Óbito - Com declaração de óbito fornecida pelo Serviço de Verificação de óbito - SVO.

(iv) Quando o procedimento principal possuir a regra condicionada ""0011 - CONDICIONA O REGISTRO DE PROCEDIMENTOS SECUNDÁRIOS NA APAC"", a APAC deverá exigir o registro de, pelo menos, 2 procedimentos secundários, sendo um deles, obrigatoriamente, o ?03.01.01.007-2? *OU* o ?03.01.01.030-7?..

(v) Caso o procedimento principal possua o atributo complementar código ""054 - APAC com validade fixa de 2 competências"", o período entre a data de início e fim de validade da APAC deve ser de 2 competências e com apresentação única, não admitindo APAC de continuidade.

(vi) Quando o procedimento principal for do subgrupo 0901 e o secundário possuir o atributo complementar ?055 - Exige data do resultado diagnóstico de Neoplasia?, deve ser obrigatório o preenchimento da tela de dados complementares da Quimioterapia com os campos listados abaixo (os demais campos da tela não deverão ser habilitados para preenchimento):

|_.Campo|_.Preenchimento Obrigatório|
| Data diagnóstico cito/histopatologico | Sim |
| CID Principal  | Sim |
| CID secundário| Não |

(vii) Os procedimentos secundários que possuírem o atributo complementar ""040 - Registro no SISCAN?, deverão passar a *poder* ser registrados também na APAC, como procedimentos secundários do Subgrupo 0901, sem alteração nas regras já existentes no BPA.

Observação: Os procedimentos principais de OCI terão a Regra Condicionada 0009 (já existente no SIGTAP), a qual condiciona que os secundários não terão valor. Ou seja, o valor da OCI deverá ser calculado apenas com o valor do procedimento principal.

",
110714,SubProj SIA,Demanda,Demanda - Entregue,Criar versão mensal obrigatória BDSIA - 07/2024,"Objetivo
Realizar as modificações necessárias no banco de dados do SIA e na aplicação para disponibilizar aos gestores municipais e estaduais as regras mais atuais para o processamento e faturamento ambulatorial.

Justificativa
Pelo fato do SIA ser uma aplicação de processamento descentralizada, faz-se necessário atualizar a aplicação e banco de dados de forma a atender às mudanças de modelo de financiamento da tabela do SUS e das regras de negócios estabelecidas nas políticas nacionais.

Escopo
Disponibilizar a versão obrigatória do BDSIA referente à competência 07/2024",
110715,SubProj SIA,Demanda,Demanda - Entregue,Criar versão mensal não obrigatória BDSIA - 08/2024,"Objetivo
Realizar as modificações necessárias no banco de dados do SIA e na aplicação para disponibilizar aos gestores municipais e estaduais as regras mais atuais para o processamento e faturamento ambulatorial.

Justificativa
Pelo fato do SIA ser uma aplicação de processamento descentralizada, faz-se necessário atualizar a aplicação e banco de dados de forma a atender às mudanças de modelo de financiamento da tabela do SUS e das regras de negócios estabelecidas nas políticas nacionais.

Escopo
Disponibilizar a versão não obrigatória do BDSIA referente à competência 08/2024",
111439,Subproj HORUS,Ordem de Serviço,OS - Entregue,Ordem de Serviço,,"
*Índice de Atraso na Execução da Ordem de Serviço (IAOS)*

*IAOS = ( QDDos - QDAos ) / QDAos*

*QDDos*: 35    (dias decorridos)
*QDAos*: 7     (dias acordados)
*IAOS* : 4.0 (índice)

*Resultado*: Inaceitável

Cálculo conforme item 7.4.3 - Tabela 02, Anexo I - Termo de Referência. 

"
112722,Subproj GAL,Ordem de Serviço,OS - Emissão de NF-e,Ordem de Serviço,,"
*Avaliação da Qualidade - Níveis Mínimos de Serviços Exigidos*

*Índice de Atraso na Execução dos Sprints (IAES)*

*Crítico*: 0 * 2% sobre valor da OS
*Inaceitável*: 0 * 5% sobre valor da OS

*Glosa*: 0

Cálculo conforme item 7.4.3 - Tabela 01, Anexo I - Termo de Referência. 



 ****************** 


*Índice de Atraso na Execução da Ordem de Serviço (IAOS)*

*Resultado*: Aceitável 

*Glosa*: 0

Cálculo conforme item 7.4.3 - Tabela 02, Anexo I - Termo de Referência. 

"
112712,Subproj GAL,Ordem de Serviço,OS - Emissão de NF-e,Ordem de Serviço,,"
*Avaliação da Qualidade - Níveis Mínimos de Serviços Exigidos*

*Índice de Atraso na Execução dos Sprints (IAES)*

*Crítico*: 0 * 2% sobre valor da OS
*Inaceitável*: 0 * 5% sobre valor da OS

*Glosa*: 0

Cálculo conforme item 7.4.3 - Tabela 01, Anexo I - Termo de Referência. 



 ****************** 


*Índice de Atraso na Execução da Ordem de Serviço (IAOS)*

*Resultado*: Aceitável 

*Glosa*: 0

Cálculo conforme item 7.4.3 - Tabela 02, Anexo I - Termo de Referência. 

"
112673,Subproj GAL,Ordem de Serviço,OS - Emissão de NF-e,Ordem de Serviço,,"
*Avaliação da Qualidade - Níveis Mínimos de Serviços Exigidos*

*Índice de Atraso na Execução dos Sprints (IAES)*

*Crítico*: 0 * 2% sobre valor da OS
*Inaceitável*: 0 * 5% sobre valor da OS

*Glosa*: 0

Cálculo conforme item 7.4.3 - Tabela 01, Anexo I - Termo de Referência. 



 ****************** 


*Índice de Atraso na Execução da Ordem de Serviço (IAOS)*

*Resultado*: Aceitável 

*Glosa*: 0

Cálculo conforme item 7.4.3 - Tabela 02, Anexo I - Termo de Referência. 

"
112707,Subproj GAL,Ordem de Serviço,OS - Entregue,Ordem de Serviço,,"
*Índice de Atraso na Execução da Ordem de Serviço (IAOS)*

*IAOS = ( QDDos - QDAos ) / QDAos*

*QDDos*: 19    (dias decorridos)
*QDAos*: 12     (dias acordados)
*IAOS* : 0.58 (índice)

*Resultado*: Inaceitável

Cálculo conforme item 7.4.3 - Tabela 02, Anexo I - Termo de Referência. 

"
112717,Subproj GAL,Ordem de Serviço,OS - Entregue,Ordem de Serviço,,"
*Índice de Atraso na Execução da Ordem de Serviço (IAOS)*

*IAOS = ( QDDos - QDAos ) / QDAos*

*QDDos*: 5    (dias decorridos)
*QDAos*: 2     (dias acordados)
*IAOS* : 1.5 (índice)

*Resultado*: Inaceitável

Cálculo conforme item 7.4.3 - Tabela 02, Anexo I - Termo de Referência. 

"
112678,Subproj GAL,Ordem de Serviço,OS - Entregue,Ordem de Serviço,,"
*Índice de Atraso na Execução da Ordem de Serviço (IAOS)*

*IAOS = ( QDDos - QDAos ) / QDAos*

*QDDos*: 5    (dias decorridos)
*QDAos*: 2     (dias acordados)
*IAOS* : 1.5 (índice)

*Resultado*: Inaceitável

Cálculo conforme item 7.4.3 - Tabela 02, Anexo I - Termo de Referência. 

"
112683,Subproj GAL,Ordem de Serviço,OS - Entregue,Ordem de Serviço,,"
*Índice de Atraso na Execução da Ordem de Serviço (IAOS)*

*IAOS = ( QDDos - QDAos ) / QDAos*

*QDDos*: 5    (dias decorridos)
*QDAos*: 2     (dias acordados)
*IAOS* : 1.5 (índice)

*Resultado*: Inaceitável

Cálculo conforme item 7.4.3 - Tabela 02, Anexo I - Termo de Referência. 

"
112702,Subproj GAL,Ordem de Serviço,OS - Entregue,Ordem de Serviço,,"
*Índice de Atraso na Execução da Ordem de Serviço (IAOS)*

*IAOS = ( QDDos - QDAos ) / QDAos*

*QDDos*: 5    (dias decorridos)
*QDAos*: 2     (dias acordados)
*IAOS* : 1.5 (índice)

*Resultado*: Inaceitável

Cálculo conforme item 7.4.3 - Tabela 02, Anexo I - Termo de Referência. 

"
111369,Subproj HORUS,Ordem de Serviço,OS - Emissão de NF-e,Ordem de Serviço,,"
*Avaliação da Qualidade - Níveis Mínimos de Serviços Exigidos*

*Índice de Atraso na Execução dos Sprints (IAES)*

*Crítico*: 0 * 2% sobre valor da OS
*Inaceitável*: 0 * 5% sobre valor da OS

*Glosa*: 0

Cálculo conforme item 7.4.3 - Tabela 01, Anexo I - Termo de Referência. 



 ****************** 


*Índice de Atraso na Execução da Ordem de Serviço (IAOS)*

*Resultado*: Aceitável 

*Glosa*: 0

Cálculo conforme item 7.4.3 - Tabela 02, Anexo I - Termo de Referência. 

"
112564,Subproj HORUS,Ordem de Serviço,OS - Entregue,Ordem de Serviço,,"
*Índice de Atraso na Execução da Ordem de Serviço (IAOS)*

*IAOS = ( QDDos - QDAos ) / QDAos*

*QDDos*: 20    (dias decorridos)
*QDAos*: 7     (dias acordados)
*IAOS* : 1.86 (índice)

*Resultado*: Inaceitável

Cálculo conforme item 7.4.3 - Tabela 02, Anexo I - Termo de Referência. 

"
111459,Subproj HORUS,Ordem de Serviço,OS - Entregue,Ordem de Serviço,,"
*Índice de Atraso na Execução da Ordem de Serviço (IAOS)*

*IAOS = ( QDDos - QDAos ) / QDAos*

*QDDos*: 28    (dias decorridos)
*QDAos*: 7     (dias acordados)
*IAOS* : 3.0 (índice)

*Resultado*: Inaceitável

Cálculo conforme item 7.4.3 - Tabela 02, Anexo I - Termo de Referência. 

"
112604,Subproj HORUS,Ordem de Serviço,OS - Entregue,Ordem de Serviço,,"
*Índice de Atraso na Execução da Ordem de Serviço (IAOS)*

*IAOS = ( QDDos - QDAos ) / QDAos*

*QDDos*: 19    (dias decorridos)
*QDAos*: 7     (dias acordados)
*IAOS* : 1.71 (índice)

*Resultado*: Inaceitável

Cálculo conforme item 7.4.3 - Tabela 02, Anexo I - Termo de Referência. 

"
111379,Subproj HORUS,Ordem de Serviço,OS - Entregue,Ordem de Serviço,,"
*Índice de Atraso na Execução da Ordem de Serviço (IAOS)*

*IAOS = ( QDDos - QDAos ) / QDAos*

*QDDos*: 28    (dias decorridos)
*QDAos*: 7     (dias acordados)
*IAOS* : 3.0 (índice)

*Resultado*: Inaceitável

Cálculo conforme item 7.4.3 - Tabela 02, Anexo I - Termo de Referência. 

"
111349,Subproj HORUS,Ordem de Serviço,OS - Entregue,Ordem de Serviço,,"
*Índice de Atraso na Execução da Ordem de Serviço (IAOS)*

*IAOS = ( QDDos - QDAos ) / QDAos*

*QDDos*: 29    (dias decorridos)
*QDAos*: 7     (dias acordados)
*IAOS* : 3.14 (índice)

*Resultado*: Inaceitável

Cálculo conforme item 7.4.3 - Tabela 02, Anexo I - Termo de Referência. 

"
112112,Subproj Plataforma Brasil,Ordem de Serviço,OS - Emissão de NF-e,Ordem de Serviço,,"
*Avaliação da Qualidade - Níveis Mínimos de Serviços Exigidos*

*Índice de Atraso na Execução dos Sprints (IAES)*

*Crítico*: 0 * 2% sobre valor da OS
*Inaceitável*: 0 * 5% sobre valor da OS

*Glosa*: 0

Cálculo conforme item 7.4.3 - Tabela 01, Anexo I - Termo de Referência. 



 ****************** 


*Índice de Atraso na Execução da Ordem de Serviço (IAOS)*

*Resultado*: Aceitável 

*Glosa*: 0

Cálculo conforme item 7.4.3 - Tabela 02, Anexo I - Termo de Referência. 

"
112102,Subproj Plataforma Brasil,Ordem de Serviço,OS - Emissão de NF-e,Ordem de Serviço,,"
*Avaliação da Qualidade - Níveis Mínimos de Serviços Exigidos*

*Índice de Atraso na Execução dos Sprints (IAES)*

*Crítico*: 0 * 2% sobre valor da OS
*Inaceitável*: 0 * 5% sobre valor da OS

*Glosa*: 0

Cálculo conforme item 7.4.3 - Tabela 01, Anexo I - Termo de Referência. 



 ****************** 


*Índice de Atraso na Execução da Ordem de Serviço (IAOS)*

*Resultado*: Aceitável 

*Glosa*: 0

Cálculo conforme item 7.4.3 - Tabela 02, Anexo I - Termo de Referência. 

"
112097,Subproj Plataforma Brasil,Ordem de Serviço,OS - Emissão de NF-e,Ordem de Serviço,,"
*Avaliação da Qualidade - Níveis Mínimos de Serviços Exigidos*

*Índice de Atraso na Execução dos Sprints (IAES)*

*Crítico*: 0 * 2% sobre valor da OS
*Inaceitável*: 0 * 5% sobre valor da OS

*Glosa*: 0

Cálculo conforme item 7.4.3 - Tabela 01, Anexo I - Termo de Referência. 



 ****************** 


*Índice de Atraso na Execução da Ordem de Serviço (IAOS)*

*Resultado*: Aceitável 

*Glosa*: 0

Cálculo conforme item 7.4.3 - Tabela 02, Anexo I - Termo de Referência. 

"
112092,Subproj Plataforma Brasil,Ordem de Serviço,OS - Emissão de NF-e,Ordem de Serviço,,"
*Avaliação da Qualidade - Níveis Mínimos de Serviços Exigidos*

*Índice de Atraso na Execução dos Sprints (IAES)*

*Crítico*: 0 * 2% sobre valor da OS
*Inaceitável*: 0 * 5% sobre valor da OS

*Glosa*: 0

Cálculo conforme item 7.4.3 - Tabela 01, Anexo I - Termo de Referência. 



 ****************** 


*Índice de Atraso na Execução da Ordem de Serviço (IAOS)*

*Resultado*: Aceitável 

*Glosa*: 0

Cálculo conforme item 7.4.3 - Tabela 02, Anexo I - Termo de Referência. 

"
112087,Subproj Plataforma Brasil,Ordem de Serviço,OS - Emissão de NF-e,Ordem de Serviço,,"
*Avaliação da Qualidade - Níveis Mínimos de Serviços Exigidos*

*Índice de Atraso na Execução dos Sprints (IAES)*

*Crítico*: 0 * 2% sobre valor da OS
*Inaceitável*: 0 * 5% sobre valor da OS

*Glosa*: 0

Cálculo conforme item 7.4.3 - Tabela 01, Anexo I - Termo de Referência. 



 ****************** 


*Índice de Atraso na Execução da Ordem de Serviço (IAOS)*

*Resultado*: Aceitável 

*Glosa*: 0

Cálculo conforme item 7.4.3 - Tabela 02, Anexo I - Termo de Referência. 

"
112082,Subproj Plataforma Brasil,Ordem de Serviço,OS - Emissão de NF-e,Ordem de Serviço,,"
*Avaliação da Qualidade - Níveis Mínimos de Serviços Exigidos*

*Índice de Atraso na Execução dos Sprints (IAES)*

*Crítico*: 0 * 2% sobre valor da OS
*Inaceitável*: 0 * 5% sobre valor da OS

*Glosa*: 0

Cálculo conforme item 7.4.3 - Tabela 01, Anexo I - Termo de Referência. 



 ****************** 


*Índice de Atraso na Execução da Ordem de Serviço (IAOS)*

*Resultado*: Aceitável 

*Glosa*: 0

Cálculo conforme item 7.4.3 - Tabela 02, Anexo I - Termo de Referência. 

"
112072,Subproj Plataforma Brasil,Ordem de Serviço,OS - Emissão de NF-e,Ordem de Serviço,,"
*Avaliação da Qualidade - Níveis Mínimos de Serviços Exigidos*

*Índice de Atraso na Execução dos Sprints (IAES)*

*Crítico*: 0 * 2% sobre valor da OS
*Inaceitável*: 0 * 5% sobre valor da OS

*Glosa*: 0

Cálculo conforme item 7.4.3 - Tabela 01, Anexo I - Termo de Referência. 



 ****************** 


*Índice de Atraso na Execução da Ordem de Serviço (IAOS)*

*Resultado*: Aceitável 

*Glosa*: 0

Cálculo conforme item 7.4.3 - Tabela 02, Anexo I - Termo de Referência. 

"
112067,Subproj Plataforma Brasil,Ordem de Serviço,OS - Emissão de NF-e,Ordem de Serviço,,"
*Avaliação da Qualidade - Níveis Mínimos de Serviços Exigidos*

*Índice de Atraso na Execução dos Sprints (IAES)*

*Crítico*: 0 * 2% sobre valor da OS
*Inaceitável*: 0 * 5% sobre valor da OS

*Glosa*: 0

Cálculo conforme item 7.4.3 - Tabela 01, Anexo I - Termo de Referência. 



 ****************** 


*Índice de Atraso na Execução da Ordem de Serviço (IAOS)*

*Resultado*: Aceitável 

*Glosa*: 0

Cálculo conforme item 7.4.3 - Tabela 02, Anexo I - Termo de Referência. 

"
112062,Subproj Plataforma Brasil,Ordem de Serviço,OS - Emissão de NF-e,Ordem de Serviço,,"
*Avaliação da Qualidade - Níveis Mínimos de Serviços Exigidos*

*Índice de Atraso na Execução dos Sprints (IAES)*

*Crítico*: 0 * 2% sobre valor da OS
*Inaceitável*: 0 * 5% sobre valor da OS

*Glosa*: 0

Cálculo conforme item 7.4.3 - Tabela 01, Anexo I - Termo de Referência. 



 ****************** 


*Índice de Atraso na Execução da Ordem de Serviço (IAOS)*

*Resultado*: Aceitável 

*Glosa*: 0

Cálculo conforme item 7.4.3 - Tabela 02, Anexo I - Termo de Referência. 

"
112032,Subproj Plataforma Brasil,Ordem de Serviço,OS - Emissão de NF-e,Ordem de Serviço,,"
*Avaliação da Qualidade - Níveis Mínimos de Serviços Exigidos*

*Índice de Atraso na Execução dos Sprints (IAES)*

*Crítico*: 0 * 2% sobre valor da OS
*Inaceitável*: 0 * 5% sobre valor da OS

*Glosa*: 0

Cálculo conforme item 7.4.3 - Tabela 01, Anexo I - Termo de Referência. 



 ****************** 


*Índice de Atraso na Execução da Ordem de Serviço (IAOS)*

*Resultado*: Aceitável 

*Glosa*: 0

Cálculo conforme item 7.4.3 - Tabela 02, Anexo I - Termo de Referência. 

"
112052,Subproj Plataforma Brasil,Ordem de Serviço,OS - Emissão de NF-e,Ordem de Serviço,,"
*Avaliação da Qualidade - Níveis Mínimos de Serviços Exigidos*

*Índice de Atraso na Execução dos Sprints (IAES)*

*Crítico*: 0 * 2% sobre valor da OS
*Inaceitável*: 0 * 5% sobre valor da OS

*Glosa*: 0

Cálculo conforme item 7.4.3 - Tabela 01, Anexo I - Termo de Referência. 



 ****************** 


*Índice de Atraso na Execução da Ordem de Serviço (IAOS)*

*Resultado*: Aceitável 

*Glosa*: 0

Cálculo conforme item 7.4.3 - Tabela 02, Anexo I - Termo de Referência. 

"
112047,Subproj Plataforma Brasil,Ordem de Serviço,OS - Emissão de NF-e,Ordem de Serviço,,"
*Avaliação da Qualidade - Níveis Mínimos de Serviços Exigidos*

*Índice de Atraso na Execução dos Sprints (IAES)*

*Crítico*: 0 * 2% sobre valor da OS
*Inaceitável*: 0 * 5% sobre valor da OS

*Glosa*: 0

Cálculo conforme item 7.4.3 - Tabela 01, Anexo I - Termo de Referência. 



 ****************** 


*Índice de Atraso na Execução da Ordem de Serviço (IAOS)*

*Resultado*: Aceitável 

*Glosa*: 0

Cálculo conforme item 7.4.3 - Tabela 02, Anexo I - Termo de Referência. 

"
112247,Subproj Plataforma Brasil,Ordem de Serviço,OS - Emissão de NF-e,Ordem de Serviço,,"
*Avaliação da Qualidade - Níveis Mínimos de Serviços Exigidos*

*Índice de Atraso na Execução dos Sprints (IAES)*

*Crítico*: 0 * 2% sobre valor da OS
*Inaceitável*: 0 * 5% sobre valor da OS

*Glosa*: 0

Cálculo conforme item 7.4.3 - Tabela 01, Anexo I - Termo de Referência. 



 ****************** 


*Índice de Atraso na Execução da Ordem de Serviço (IAOS)*

*Resultado*: Aceitável 

*Glosa*: 0

Cálculo conforme item 7.4.3 - Tabela 02, Anexo I - Termo de Referência. 

"
112242,Subproj Plataforma Brasil,Ordem de Serviço,OS - Emissão de NF-e,Ordem de Serviço,,"
*Avaliação da Qualidade - Níveis Mínimos de Serviços Exigidos*

*Índice de Atraso na Execução dos Sprints (IAES)*

*Crítico*: 0 * 2% sobre valor da OS
*Inaceitável*: 0 * 5% sobre valor da OS

*Glosa*: 0

Cálculo conforme item 7.4.3 - Tabela 01, Anexo I - Termo de Referência. 



 ****************** 


*Índice de Atraso na Execução da Ordem de Serviço (IAOS)*

*Resultado*: Aceitável 

*Glosa*: 0

Cálculo conforme item 7.4.3 - Tabela 02, Anexo I - Termo de Referência. 

"
112237,Subproj Plataforma Brasil,Ordem de Serviço,OS - Emissão de NF-e,Ordem de Serviço,,"
*Avaliação da Qualidade - Níveis Mínimos de Serviços Exigidos*

*Índice de Atraso na Execução dos Sprints (IAES)*

*Crítico*: 0 * 2% sobre valor da OS
*Inaceitável*: 0 * 5% sobre valor da OS

*Glosa*: 0

Cálculo conforme item 7.4.3 - Tabela 01, Anexo I - Termo de Referência. 



 ****************** 


*Índice de Atraso na Execução da Ordem de Serviço (IAOS)*

*Resultado*: Aceitável 

*Glosa*: 0

Cálculo conforme item 7.4.3 - Tabela 02, Anexo I - Termo de Referência. 

"
112227,Subproj Plataforma Brasil,Ordem de Serviço,OS - Emissão de NF-e,Ordem de Serviço,,"
*Avaliação da Qualidade - Níveis Mínimos de Serviços Exigidos*

*Índice de Atraso na Execução dos Sprints (IAES)*

*Crítico*: 0 * 2% sobre valor da OS
*Inaceitável*: 0 * 5% sobre valor da OS

*Glosa*: 0

Cálculo conforme item 7.4.3 - Tabela 01, Anexo I - Termo de Referência. 



 ****************** 


*Índice de Atraso na Execução da Ordem de Serviço (IAOS)*

*Resultado*: Aceitável 

*Glosa*: 0

Cálculo conforme item 7.4.3 - Tabela 02, Anexo I - Termo de Referência. 

"
112222,Subproj Plataforma Brasil,Ordem de Serviço,OS - Emissão de NF-e,Ordem de Serviço,,"
*Avaliação da Qualidade - Níveis Mínimos de Serviços Exigidos*

*Índice de Atraso na Execução dos Sprints (IAES)*

*Crítico*: 0 * 2% sobre valor da OS
*Inaceitável*: 0 * 5% sobre valor da OS

*Glosa*: 0

Cálculo conforme item 7.4.3 - Tabela 01, Anexo I - Termo de Referência. 



 ****************** 


*Índice de Atraso na Execução da Ordem de Serviço (IAOS)*

*Resultado*: Aceitável 

*Glosa*: 0

Cálculo conforme item 7.4.3 - Tabela 02, Anexo I - Termo de Referência. 

"
112217,Subproj Plataforma Brasil,Ordem de Serviço,OS - Emissão de NF-e,Ordem de Serviço,,"
*Avaliação da Qualidade - Níveis Mínimos de Serviços Exigidos*

*Índice de Atraso na Execução dos Sprints (IAES)*

*Crítico*: 0 * 2% sobre valor da OS
*Inaceitável*: 0 * 5% sobre valor da OS

*Glosa*: 0

Cálculo conforme item 7.4.3 - Tabela 01, Anexo I - Termo de Referência. 



 ****************** 


*Índice de Atraso na Execução da Ordem de Serviço (IAOS)*

*Resultado*: Aceitável 

*Glosa*: 0

Cálculo conforme item 7.4.3 - Tabela 02, Anexo I - Termo de Referência. 

"
112262,Subproj Plataforma Brasil,Ordem de Serviço,OS - Emissão de NF-e,Ordem de Serviço,,"
*Avaliação da Qualidade - Níveis Mínimos de Serviços Exigidos*

*Índice de Atraso na Execução dos Sprints (IAES)*

*Crítico*: 0 * 2% sobre valor da OS
*Inaceitável*: 0 * 5% sobre valor da OS

*Glosa*: 0

Cálculo conforme item 7.4.3 - Tabela 01, Anexo I - Termo de Referência. 



 ****************** 


*Índice de Atraso na Execução da Ordem de Serviço (IAOS)*

*Resultado*: Aceitável 

*Glosa*: 0

Cálculo conforme item 7.4.3 - Tabela 02, Anexo I - Termo de Referência. 

"
112257,Subproj Plataforma Brasil,Ordem de Serviço,OS - Emissão de NF-e,Ordem de Serviço,,"
*Avaliação da Qualidade - Níveis Mínimos de Serviços Exigidos*

*Índice de Atraso na Execução dos Sprints (IAES)*

*Crítico*: 0 * 2% sobre valor da OS
*Inaceitável*: 0 * 5% sobre valor da OS

*Glosa*: 0

Cálculo conforme item 7.4.3 - Tabela 01, Anexo I - Termo de Referência. 



 ****************** 


*Índice de Atraso na Execução da Ordem de Serviço (IAOS)*

*Resultado*: Aceitável 

*Glosa*: 0

Cálculo conforme item 7.4.3 - Tabela 02, Anexo I - Termo de Referência. 

"
112252,Subproj Plataforma Brasil,Ordem de Serviço,OS - Emissão de NF-e,Ordem de Serviço,,"
*Avaliação da Qualidade - Níveis Mínimos de Serviços Exigidos*

*Índice de Atraso na Execução dos Sprints (IAES)*

*Crítico*: 0 * 2% sobre valor da OS
*Inaceitável*: 0 * 5% sobre valor da OS

*Glosa*: 0

Cálculo conforme item 7.4.3 - Tabela 01, Anexo I - Termo de Referência. 



 ****************** 


*Índice de Atraso na Execução da Ordem de Serviço (IAOS)*

*Resultado*: Aceitável 

*Glosa*: 0

Cálculo conforme item 7.4.3 - Tabela 02, Anexo I - Termo de Referência. 

"
112202,Subproj Plataforma Brasil,Ordem de Serviço,OS - Emissão de NF-e,Ordem de Serviço,,"
*Avaliação da Qualidade - Níveis Mínimos de Serviços Exigidos*

*Índice de Atraso na Execução dos Sprints (IAES)*

*Crítico*: 0 * 2% sobre valor da OS
*Inaceitável*: 0 * 5% sobre valor da OS

*Glosa*: 0

Cálculo conforme item 7.4.3 - Tabela 01, Anexo I - Termo de Referência. 



 ****************** 


*Índice de Atraso na Execução da Ordem de Serviço (IAOS)*

*Resultado*: Aceitável 

*Glosa*: 0

Cálculo conforme item 7.4.3 - Tabela 02, Anexo I - Termo de Referência. 

"
112197,Subproj Plataforma Brasil,Ordem de Serviço,OS - Emissão de NF-e,Ordem de Serviço,,"
*Avaliação da Qualidade - Níveis Mínimos de Serviços Exigidos*

*Índice de Atraso na Execução dos Sprints (IAES)*

*Crítico*: 0 * 2% sobre valor da OS
*Inaceitável*: 0 * 5% sobre valor da OS

*Glosa*: 0

Cálculo conforme item 7.4.3 - Tabela 01, Anexo I - Termo de Referência. 



 ****************** 


*Índice de Atraso na Execução da Ordem de Serviço (IAOS)*

*Resultado*: Aceitável 

*Glosa*: 0

Cálculo conforme item 7.4.3 - Tabela 02, Anexo I - Termo de Referência. 

"
112192,Subproj Plataforma Brasil,Ordem de Serviço,OS - Emissão de NF-e,Ordem de Serviço,,"
*Avaliação da Qualidade - Níveis Mínimos de Serviços Exigidos*

*Índice de Atraso na Execução dos Sprints (IAES)*

*Crítico*: 0 * 2% sobre valor da OS
*Inaceitável*: 0 * 5% sobre valor da OS

*Glosa*: 0

Cálculo conforme item 7.4.3 - Tabela 01, Anexo I - Termo de Referência. 



 ****************** 


*Índice de Atraso na Execução da Ordem de Serviço (IAOS)*

*Resultado*: Aceitável 

*Glosa*: 0

Cálculo conforme item 7.4.3 - Tabela 02, Anexo I - Termo de Referência. 

"
112187,Subproj Plataforma Brasil,Ordem de Serviço,OS - Emissão de NF-e,Ordem de Serviço,,"
*Avaliação da Qualidade - Níveis Mínimos de Serviços Exigidos*

*Índice de Atraso na Execução dos Sprints (IAES)*

*Crítico*: 0 * 2% sobre valor da OS
*Inaceitável*: 0 * 5% sobre valor da OS

*Glosa*: 0

Cálculo conforme item 7.4.3 - Tabela 01, Anexo I - Termo de Referência. 



 ****************** 


*Índice de Atraso na Execução da Ordem de Serviço (IAOS)*

*Resultado*: Aceitável 

*Glosa*: 0

Cálculo conforme item 7.4.3 - Tabela 02, Anexo I - Termo de Referência. 

"
112182,Subproj Plataforma Brasil,Ordem de Serviço,OS - Emissão de NF-e,Ordem de Serviço,,"
*Avaliação da Qualidade - Níveis Mínimos de Serviços Exigidos*

*Índice de Atraso na Execução dos Sprints (IAES)*

*Crítico*: 0 * 2% sobre valor da OS
*Inaceitável*: 0 * 5% sobre valor da OS

*Glosa*: 0

Cálculo conforme item 7.4.3 - Tabela 01, Anexo I - Termo de Referência. 



 ****************** 


*Índice de Atraso na Execução da Ordem de Serviço (IAOS)*

*Resultado*: Aceitável 

*Glosa*: 0

Cálculo conforme item 7.4.3 - Tabela 02, Anexo I - Termo de Referência. 

"
112167,Subproj Plataforma Brasil,Ordem de Serviço,OS - Emissão de NF-e,Ordem de Serviço,,"
*Avaliação da Qualidade - Níveis Mínimos de Serviços Exigidos*

*Índice de Atraso na Execução dos Sprints (IAES)*

*Crítico*: 0 * 2% sobre valor da OS
*Inaceitável*: 0 * 5% sobre valor da OS

*Glosa*: 0

Cálculo conforme item 7.4.3 - Tabela 01, Anexo I - Termo de Referência. 



 ****************** 


*Índice de Atraso na Execução da Ordem de Serviço (IAOS)*

*Resultado*: Aceitável 

*Glosa*: 0

Cálculo conforme item 7.4.3 - Tabela 02, Anexo I - Termo de Referência. 

"
112162,Subproj Plataforma Brasil,Ordem de Serviço,OS - Emissão de NF-e,Ordem de Serviço,,"
*Avaliação da Qualidade - Níveis Mínimos de Serviços Exigidos*

*Índice de Atraso na Execução dos Sprints (IAES)*

*Crítico*: 0 * 2% sobre valor da OS
*Inaceitável*: 0 * 5% sobre valor da OS

*Glosa*: 0

Cálculo conforme item 7.4.3 - Tabela 01, Anexo I - Termo de Referência. 



 ****************** 


*Índice de Atraso na Execução da Ordem de Serviço (IAOS)*

*Resultado*: Aceitável 

*Glosa*: 0

Cálculo conforme item 7.4.3 - Tabela 02, Anexo I - Termo de Referência. 

"
112157,Subproj Plataforma Brasil,Ordem de Serviço,OS - Emissão de NF-e,Ordem de Serviço,,"
*Avaliação da Qualidade - Níveis Mínimos de Serviços Exigidos*

*Índice de Atraso na Execução dos Sprints (IAES)*

*Crítico*: 0 * 2% sobre valor da OS
*Inaceitável*: 0 * 5% sobre valor da OS

*Glosa*: 0

Cálculo conforme item 7.4.3 - Tabela 01, Anexo I - Termo de Referência. 



 ****************** 


*Índice de Atraso na Execução da Ordem de Serviço (IAOS)*

*Resultado*: Aceitável 

*Glosa*: 0

Cálculo conforme item 7.4.3 - Tabela 02, Anexo I - Termo de Referência. 

"
112147,Subproj Plataforma Brasil,Ordem de Serviço,OS - Emissão de NF-e,Ordem de Serviço,,"
*Avaliação da Qualidade - Níveis Mínimos de Serviços Exigidos*

*Índice de Atraso na Execução dos Sprints (IAES)*

*Crítico*: 0 * 2% sobre valor da OS
*Inaceitável*: 0 * 5% sobre valor da OS

*Glosa*: 0

Cálculo conforme item 7.4.3 - Tabela 01, Anexo I - Termo de Referência. 



 ****************** 


*Índice de Atraso na Execução da Ordem de Serviço (IAOS)*

*Resultado*: Aceitável 

*Glosa*: 0

Cálculo conforme item 7.4.3 - Tabela 02, Anexo I - Termo de Referência. 

"
112142,Subproj Plataforma Brasil,Ordem de Serviço,OS - Emissão de NF-e,Ordem de Serviço,,"
*Avaliação da Qualidade - Níveis Mínimos de Serviços Exigidos*

*Índice de Atraso na Execução dos Sprints (IAES)*

*Crítico*: 0 * 2% sobre valor da OS
*Inaceitável*: 0 * 5% sobre valor da OS

*Glosa*: 0

Cálculo conforme item 7.4.3 - Tabela 01, Anexo I - Termo de Referência. 



 ****************** 


*Índice de Atraso na Execução da Ordem de Serviço (IAOS)*

*Resultado*: Aceitável 

*Glosa*: 0

Cálculo conforme item 7.4.3 - Tabela 02, Anexo I - Termo de Referência. 

"
112137,Subproj Plataforma Brasil,Ordem de Serviço,OS - Emissão de NF-e,Ordem de Serviço,,"
*Avaliação da Qualidade - Níveis Mínimos de Serviços Exigidos*

*Índice de Atraso na Execução dos Sprints (IAES)*

*Crítico*: 0 * 2% sobre valor da OS
*Inaceitável*: 0 * 5% sobre valor da OS

*Glosa*: 0

Cálculo conforme item 7.4.3 - Tabela 01, Anexo I - Termo de Referência. 



 ****************** 


*Índice de Atraso na Execução da Ordem de Serviço (IAOS)*

*Resultado*: Aceitável 

*Glosa*: 0

Cálculo conforme item 7.4.3 - Tabela 02, Anexo I - Termo de Referência. 

"
112132,Subproj Plataforma Brasil,Ordem de Serviço,OS - Emissão de NF-e,Ordem de Serviço,,"
*Avaliação da Qualidade - Níveis Mínimos de Serviços Exigidos*

*Índice de Atraso na Execução dos Sprints (IAES)*

*Crítico*: 0 * 2% sobre valor da OS
*Inaceitável*: 0 * 5% sobre valor da OS

*Glosa*: 0

Cálculo conforme item 7.4.3 - Tabela 01, Anexo I - Termo de Referência. 



 ****************** 


*Índice de Atraso na Execução da Ordem de Serviço (IAOS)*

*Resultado*: Aceitável 

*Glosa*: 0

Cálculo conforme item 7.4.3 - Tabela 02, Anexo I - Termo de Referência. 

"
112127,Subproj Plataforma Brasil,Ordem de Serviço,OS - Emissão de NF-e,Ordem de Serviço,,"
*Avaliação da Qualidade - Níveis Mínimos de Serviços Exigidos*

*Índice de Atraso na Execução dos Sprints (IAES)*

*Crítico*: 0 * 2% sobre valor da OS
*Inaceitável*: 0 * 5% sobre valor da OS

*Glosa*: 0

Cálculo conforme item 7.4.3 - Tabela 01, Anexo I - Termo de Referência. 



 ****************** 


*Índice de Atraso na Execução da Ordem de Serviço (IAOS)*

*Resultado*: Aceitável 

*Glosa*: 0

Cálculo conforme item 7.4.3 - Tabela 02, Anexo I - Termo de Referência. 

"
112122,Subproj Plataforma Brasil,Ordem de Serviço,OS - Emissão de NF-e,Ordem de Serviço,,"
*Avaliação da Qualidade - Níveis Mínimos de Serviços Exigidos*

*Índice de Atraso na Execução dos Sprints (IAES)*

*Crítico*: 0 * 2% sobre valor da OS
*Inaceitável*: 0 * 5% sobre valor da OS

*Glosa*: 0

Cálculo conforme item 7.4.3 - Tabela 01, Anexo I - Termo de Referência. 



 ****************** 


*Índice de Atraso na Execução da Ordem de Serviço (IAOS)*

*Resultado*: Aceitável 

*Glosa*: 0

Cálculo conforme item 7.4.3 - Tabela 02, Anexo I - Termo de Referência. 

"
112117,Subproj Plataforma Brasil,Ordem de Serviço,OS - Emissão de NF-e,Ordem de Serviço,,"
*Avaliação da Qualidade - Níveis Mínimos de Serviços Exigidos*

*Índice de Atraso na Execução dos Sprints (IAES)*

*Crítico*: 0 * 2% sobre valor da OS
*Inaceitável*: 0 * 5% sobre valor da OS

*Glosa*: 0

Cálculo conforme item 7.4.3 - Tabela 01, Anexo I - Termo de Referência. 



 ****************** 


*Índice de Atraso na Execução da Ordem de Serviço (IAOS)*

*Resultado*: Aceitável 

*Glosa*: 0

Cálculo conforme item 7.4.3 - Tabela 02, Anexo I - Termo de Referência. 

"
112172,Subproj Plataforma Brasil,Ordem de Serviço,OS - Entregue,Ordem de Serviço,,"
*Índice de Atraso na Execução da Ordem de Serviço (IAOS)*

*IAOS = ( QDDos - QDAos ) / QDAos*

*QDDos*: 12    (dias decorridos)
*QDAos*: 5     (dias acordados)
*IAOS* : 1.4 (índice)

*Resultado*: Inaceitável

Cálculo conforme item 7.4.3 - Tabela 02, Anexo I - Termo de Referência. 

"
112574,Subproj HORUS,Ordem de Serviço,OS - Entregue,Ordem de Serviço,,"
*Índice de Atraso na Execução da Ordem de Serviço (IAOS)*

*IAOS = ( QDDos - QDAos ) / QDAos*

*QDDos*: 15    (dias decorridos)
*QDAos*: 7     (dias acordados)
*IAOS* : 1.14 (índice)

*Resultado*: Inaceitável

Cálculo conforme item 7.4.3 - Tabela 02, Anexo I - Termo de Referência. 

"
112584,Subproj HORUS,Ordem de Serviço,OS - Entregue,Ordem de Serviço,,"
*Índice de Atraso na Execução da Ordem de Serviço (IAOS)*

*IAOS = ( QDDos - QDAos ) / QDAos*

*QDDos*: 15    (dias decorridos)
*QDAos*: 7     (dias acordados)
*IAOS* : 1.14 (índice)

*Resultado*: Inaceitável

Cálculo conforme item 7.4.3 - Tabela 02, Anexo I - Termo de Referência. 

"
112579,Subproj HORUS,Ordem de Serviço,OS - Entregue,Ordem de Serviço,,"
*Índice de Atraso na Execução da Ordem de Serviço (IAOS)*

*IAOS = ( QDDos - QDAos ) / QDAos*

*QDDos*: 15    (dias decorridos)
*QDAos*: 7     (dias acordados)
*IAOS* : 1.14 (índice)

*Resultado*: Inaceitável

Cálculo conforme item 7.4.3 - Tabela 02, Anexo I - Termo de Referência. 

"
112589,Subproj HORUS,Ordem de Serviço,OS - Entregue,Ordem de Serviço,,"
*Índice de Atraso na Execução da Ordem de Serviço (IAOS)*

*IAOS = ( QDDos - QDAos ) / QDAos*

*QDDos*: 15    (dias decorridos)
*QDAos*: 7     (dias acordados)
*IAOS* : 1.14 (índice)

*Resultado*: Inaceitável

Cálculo conforme item 7.4.3 - Tabela 02, Anexo I - Termo de Referência. 

"
112027,Subproj Plataforma Brasil,Ordem de Serviço,OS - Em andamento,Ordem de Serviço,,
111374,Subproj HORUS,Ordem de Serviço,OS - Entregue,Ordem de Serviço,,"
*Índice de Atraso na Execução da Ordem de Serviço (IAOS)*

*IAOS = ( QDDos - QDAos ) / QDAos*

*QDDos*: 17    (dias decorridos)
*QDAos*: 7     (dias acordados)
*IAOS* : 1.43 (índice)

*Resultado*: Inaceitável

Cálculo conforme item 7.4.3 - Tabela 02, Anexo I - Termo de Referência. 

"
112594,Subproj HORUS,Ordem de Serviço,OS - Entregue,Ordem de Serviço,,"
*Índice de Atraso na Execução da Ordem de Serviço (IAOS)*

*IAOS = ( QDDos - QDAos ) / QDAos*

*QDDos*: 12    (dias decorridos)
*QDAos*: 7     (dias acordados)
*IAOS* : 0.71 (índice)

*Resultado*: Inaceitável

Cálculo conforme item 7.4.3 - Tabela 02, Anexo I - Termo de Referência. 

"
112599,Subproj HORUS,Ordem de Serviço,OS - Entregue,Ordem de Serviço,,"
*Índice de Atraso na Execução da Ordem de Serviço (IAOS)*

*IAOS = ( QDDos - QDAos ) / QDAos*

*QDDos*: 12    (dias decorridos)
*QDAos*: 7     (dias acordados)
*IAOS* : 0.71 (índice)

*Resultado*: Inaceitável

Cálculo conforme item 7.4.3 - Tabela 02, Anexo I - Termo de Referência. 

"
112609,Subproj HORUS,Ordem de Serviço,OS - Entregue,Ordem de Serviço,,"
*Índice de Atraso na Execução da Ordem de Serviço (IAOS)*

*IAOS = ( QDDos - QDAos ) / QDAos*

*QDDos*: 12    (dias decorridos)
*QDAos*: 7     (dias acordados)
*IAOS* : 0.71 (índice)

*Resultado*: Inaceitável

Cálculo conforme item 7.4.3 - Tabela 02, Anexo I - Termo de Referência. 

"
112619,Subproj HORUS,Ordem de Serviço,OS - Entregue,Ordem de Serviço,,"
*Índice de Atraso na Execução da Ordem de Serviço (IAOS)*

*IAOS = ( QDDos - QDAos ) / QDAos*

*QDDos*: 12    (dias decorridos)
*QDAos*: 7     (dias acordados)
*IAOS* : 0.71 (índice)

*Resultado*: Inaceitável

Cálculo conforme item 7.4.3 - Tabela 02, Anexo I - Termo de Referência. 

"
110724,Subproj HORUS,Demanda,Demanda - Entregue,"Erro no status dos itens e da Distribuição, módulo Especializado_SES MT (2)","A CAF de Mato Grosso (Estabelecimento de Saúde: CENTRO ESTADUAL DE ABASTECIMENTO E DISTRIBUIÇÃO DE INSUMOS DE SAÚDE DE MATO GROSSO (CEADIS), CNES 4069463) realizou as ?Distribuição sem requisição? abaixo, no entanto, o status da requisição e dos itens permanecem como Inicial, devendo ter sido alterado para Atendido. Os itens foram atendidos conforme consta nos relatórios de saída do estabelecimento atendente. O estabelecimento também confirmou que os produtos foram subtraídos do estoque, só não houve a alteração do status.","Por favor, proceder atendimento da demanda."
112569,Subproj HORUS,Ordem de Serviço,OS - Emissão de NF-e,Ordem de Serviço,,"
*Avaliação da Qualidade - Níveis Mínimos de Serviços Exigidos*

*Índice de Atraso na Execução dos Sprints (IAES)*

*Crítico*: 0 * 2% sobre valor da OS
*Inaceitável*: 0 * 5% sobre valor da OS

*Glosa*: 0

Cálculo conforme item 7.4.3 - Tabela 01, Anexo I - Termo de Referência. 



 ****************** 


*Índice de Atraso na Execução da Ordem de Serviço (IAOS)*

*Resultado*: Aceitável 

*Glosa*: 0

Cálculo conforme item 7.4.3 - Tabela 02, Anexo I - Termo de Referência. 

"
111359,Subproj HORUS,Ordem de Serviço,OS - Entregue,Ordem de Serviço,,"
*Índice de Atraso na Execução da Ordem de Serviço (IAOS)*

*IAOS = ( QDDos - QDAos ) / QDAos*

*QDDos*: 17    (dias decorridos)
*QDAos*: 7     (dias acordados)
*IAOS* : 1.43 (índice)

*Resultado*: Inaceitável

Cálculo conforme item 7.4.3 - Tabela 02, Anexo I - Termo de Referência. 

"
110805,Subproj HORUS,Ordem de Serviço,OS - Entregue,Ordem de Serviço,,"
*Índice de Atraso na Execução da Ordem de Serviço (IAOS)*

*IAOS = ( QDDos - QDAos ) / QDAos*

*QDDos*: 14    (dias decorridos)
*QDAos*: 7     (dias acordados)
*IAOS* : 1.0 (índice)

*Resultado*: Inaceitável

Cálculo conforme item 7.4.3 - Tabela 02, Anexo I - Termo de Referência. 

"
109711,Subproj Plataforma Brasil,Demanda,Demanda - Entregue,[PB-2024-047] [579] O sistema apresenta erro interno ao tentar alterar o cadastro de pesquisador,"Fomos notificados pelo pesquisador Magno Ferraz Fonseca - CPF 09285635962 a respeito de problema ocorrido ao tentar alterar seus dados de cadastro. Pois, o sistema apresenta erro interno. 

Ao verificarmos o cadastro do pesquisador constamos que ele não consegue atualizar a aba de Dados Complementares ""Maior Título Acadêmico"" e nem adicionar o endereço do ""Currículo Lattes"".

O erro ocorre tanto na aba ""Alterar Meus Dados"" quanto na funcionalidade de alteração de cadastro de pessoa física, do módulo ""Administrador"" (aba ""Administrador"" > menu ""Cadastros"" > submenu ""Pessoa Física""). 

DADOS DA PESQUISADOR: 
Nome completo: Magno Ferraz Fonseca
CPF: 09285635962
E-mail: magnoprime23@gmail.com

SOLUÇÃO: 
O sistema deverá permitir que o pesquisador consiga atualizar os seus dados cadastrais sem que ocorra erro interno.

OBJETIVO DA DEMANDA: 
Correção do sistema para que se comporte conforme definido na especificação de caso de uso ""Manter Pessoa Física"". 

SOLICITANTE: 
Magno Ferraz Fonseca magnoprime23@gmail.com",Ajuste do Valor da Demanda
111429,Subproj HORUS,Ordem de Serviço,OS - Emissão de NF-e,Ordem de Serviço,,"
*Avaliação da Qualidade - Níveis Mínimos de Serviços Exigidos*

*Índice de Atraso na Execução dos Sprints (IAES)*

*Crítico*: 0 * 2% sobre valor da OS
*Inaceitável*: 0 * 5% sobre valor da OS

*Glosa*: 0

Cálculo conforme item 7.4.3 - Tabela 01, Anexo I - Termo de Referência. 



 ****************** 


*Índice de Atraso na Execução da Ordem de Serviço (IAOS)*

*Resultado*: Aceitável 

*Glosa*: 0

Cálculo conforme item 7.4.3 - Tabela 02, Anexo I - Termo de Referência. 

"
110252,Subproj HORUS,Ordem de Serviço,OS - Emissão de NF-e,Ordem de Serviço,,"
*Avaliação da Qualidade - Níveis Mínimos de Serviços Exigidos*

*Índice de Atraso na Execução dos Sprints (IAES)*

*Crítico*: 0 * 2% sobre valor da OS
*Inaceitável*: 0 * 5% sobre valor da OS

*Glosa*: 0

Cálculo conforme item 7.4.3 - Tabela 01, Anexo I - Termo de Referência. 



 ****************** 


*Índice de Atraso na Execução da Ordem de Serviço (IAOS)*

*Resultado*: Aceitável 

*Glosa*: 0

Cálculo conforme item 7.4.3 - Tabela 02, Anexo I - Termo de Referência. 

"
111414,Subproj HORUS,Ordem de Serviço,OS - Emissão de NF-e,Ordem de Serviço,,"
*Avaliação da Qualidade - Níveis Mínimos de Serviços Exigidos*

*Índice de Atraso na Execução dos Sprints (IAES)*

*Crítico*: 0 * 2% sobre valor da OS
*Inaceitável*: 0 * 5% sobre valor da OS

*Glosa*: 0

Cálculo conforme item 7.4.3 - Tabela 01, Anexo I - Termo de Referência. 



 ****************** 


*Índice de Atraso na Execução da Ordem de Serviço (IAOS)*

*Resultado*: Aceitável 

*Glosa*: 0

Cálculo conforme item 7.4.3 - Tabela 02, Anexo I - Termo de Referência. 

"
111389,Subproj HORUS,Ordem de Serviço,OS - Emissão de NF-e,Ordem de Serviço,,"
*Avaliação da Qualidade - Níveis Mínimos de Serviços Exigidos*

*Índice de Atraso na Execução dos Sprints (IAES)*

*Crítico*: 0 * 2% sobre valor da OS
*Inaceitável*: 0 * 5% sobre valor da OS

*Glosa*: 0

Cálculo conforme item 7.4.3 - Tabela 01, Anexo I - Termo de Referência. 



 ****************** 


*Índice de Atraso na Execução da Ordem de Serviço (IAOS)*

*Resultado*: Aceitável 

*Glosa*: 0

Cálculo conforme item 7.4.3 - Tabela 02, Anexo I - Termo de Referência. 

"
111384,Subproj HORUS,Ordem de Serviço,OS - Emissão de NF-e,Ordem de Serviço,,"
*Avaliação da Qualidade - Níveis Mínimos de Serviços Exigidos*

*Índice de Atraso na Execução dos Sprints (IAES)*

*Crítico*: 0 * 2% sobre valor da OS
*Inaceitável*: 0 * 5% sobre valor da OS

*Glosa*: 0

Cálculo conforme item 7.4.3 - Tabela 01, Anexo I - Termo de Referência. 



 ****************** 


*Índice de Atraso na Execução da Ordem de Serviço (IAOS)*

*Resultado*: Aceitável 

*Glosa*: 0

Cálculo conforme item 7.4.3 - Tabela 02, Anexo I - Termo de Referência. 

"
111354,Subproj HORUS,Ordem de Serviço,OS - Emissão de NF-e,Ordem de Serviço,,"
*Avaliação da Qualidade - Níveis Mínimos de Serviços Exigidos*

*Índice de Atraso na Execução dos Sprints (IAES)*

*Crítico*: 0 * 2% sobre valor da OS
*Inaceitável*: 0 * 5% sobre valor da OS

*Glosa*: 0

Cálculo conforme item 7.4.3 - Tabela 01, Anexo I - Termo de Referência. 



 ****************** 


*Índice de Atraso na Execução da Ordem de Serviço (IAOS)*

*Resultado*: Aceitável 

*Glosa*: 0

Cálculo conforme item 7.4.3 - Tabela 02, Anexo I - Termo de Referência. 

"
111265,Subproj HORUS,Ordem de Serviço,OS - Emissão de NF-e,Ordem de Serviço,,"
*Avaliação da Qualidade - Níveis Mínimos de Serviços Exigidos*

*Índice de Atraso na Execução dos Sprints (IAES)*

*Crítico*: 0 * 2% sobre valor da OS
*Inaceitável*: 0 * 5% sobre valor da OS

*Glosa*: 0

Cálculo conforme item 7.4.3 - Tabela 01, Anexo I - Termo de Referência. 



 ****************** 


*Índice de Atraso na Execução da Ordem de Serviço (IAOS)*

*Resultado*: Aceitável 

*Glosa*: 0

Cálculo conforme item 7.4.3 - Tabela 02, Anexo I - Termo de Referência. 

"
111250,Subproj HORUS,Ordem de Serviço,OS - Emissão de NF-e,Ordem de Serviço,,"
*Avaliação da Qualidade - Níveis Mínimos de Serviços Exigidos*

*Índice de Atraso na Execução dos Sprints (IAES)*

*Crítico*: 0 * 2% sobre valor da OS
*Inaceitável*: 0 * 5% sobre valor da OS

*Glosa*: 0

Cálculo conforme item 7.4.3 - Tabela 01, Anexo I - Termo de Referência. 



 ****************** 


*Índice de Atraso na Execução da Ordem de Serviço (IAOS)*

*Resultado*: Aceitável 

*Glosa*: 0

Cálculo conforme item 7.4.3 - Tabela 02, Anexo I - Termo de Referência. 

"
111567,Subproj GAL,Demanda,Demanda - Entregue,(5507 GO) Módulo Ambiental - Criar  de ensaios/métodos - Análise Toxicológica,"Criar  de ensaios/métodos - Análise Toxicológica, conforme definições em anexo dos 73 ensaios: 
- Análise	
- Ensaios	
- Metodologias	
- VMP	
- Unidade de Referência	
- Motivo 
","Prezado Elmo

Segue para vossa análise, aprovação e seguimento."
110726,Subproj Plataforma Brasil,Demanda,Demanda - Entregue,"[PB-2024-052] [629] O sistema não atualizou a situação de emenda coparticipante, após ter sido retirado pelo centro coordenador.","Fomos notificados pelo CEP a respeito de problema ocorrido na emenda ""Ec1"" do projeto, onde o sistema não atualizou a situação do protocolo para ""Retirado pelo Centro Coordenador"", visto que o protocolo anterior ""POc"" encontra-se como ""Retirado pelo Centro Coordenador"".

DADOS DO PROJETO:
Título da Pesquisa: Avaliação da implementação do sequenciamento de genoma completo para o diagnóstico, detecção de resistência e escolha de esquema terapêutico da tuberculose em condições de prática clínica.
Pesquisador Responsável: Ana Marcia de Sá Guimarães
CAAE: 79497924.1.3004.5375
Submetido em: 07/06/2024
Instituição Proponente: Centro de Referência e Treinamento DST/AIDS
Situação da Versão do Projeto: Aguardando Apreciação de

SOLUÇÃO A SER ADOTADA: 
- A situação do protocolo ""Ec1"" deve ser atualizada para ""Retirado pelo Centro Coordenador"". 

SOLICITANTES:
- Equipe PB/CONEP (plataformabrasil@saude.gov.br) 

OBJETIVO DA DEMANDA:
- Correção do sistema para que se comporte conforme definido na Especificação Técnica 188-M.",
109595,Subproj Plataforma Brasil,Demanda,Demanda - Entregue,[PB-2024-045] [522]Sistema não atualizou a situação da réplica de participante,"O projeto  foi retirado pelo centro coordenador na emenda E2 do centro coordenador, porém a situação do projeto não foi atualizada para retirado pelo centro coordenador.

DADOS DO PROJETO 
Título da Pesquisa: PHOSPHATE- Ensaio Clínico Randomizado Pragmático de Níveis-Alvo Altos ou Padrão de Fosfato na Doença Renal em Estágio Terminal
Pesquisador Responsável: Precil Diego Miranda de Menezes Neves
Área Temática:????Pesquisas com coordenação e/ou patrocínio originados fora do Brasil, excetuadas aquelas com copatrocínio do Governo Brasileiro;
Versão: 2
CAAE: 44305821.4.2014.0070
Submetido em: 14/09/2023
Instituição Proponente: HOSPITAL ALEMAO OSWALDO CRUZ
Situação da Versão do Projeto: Parecer Consubstanciado Emitido (Aprovado)
Localização atual da Versão do Projeto: Pesquisador Responsável

SOLUÇÃO A SER ADOTADA 

A  situação do protocolo ""POp"" deve ser atualizada para ""retirado pelo centro coordenador"", visto que o protocolo já foi retirado pela E2 do centro participante.

OBJETIVO DA DEMANDA:

Correção do sistema para que se comporte conforme definido na Especificação Técnica 188-M.

SOLICITANTES:
Bianca Paula Mentz Chiella bmentz <bmentz@hcpa.edu.br>
",
109175,Subproj Plataforma Brasil,Demanda,Demanda - Entregue,[PB-2024-032] [517] registro no histórico de trâmites em duplicidade Projeto.,"Fomos notificados pelo comitê de ética que o  após varias tentativas de liberação do parecr consubstanciado do projeto o sistema liberou o parecer mas no histórico de tramites o registro da liberação  

DADOS DO PROJETO:
 
Título da Pesquisa: M23-698
 - Estudo de Fase 3, Randomizado, Controlado por Placebo, Duplo-cego 
para Avaliar a Eficácia e Segurança de Upadacitinibe em Indivíduos 
Adultos e Adolescentes com Hidradenite Supurativa Moderada a Severa que 
Falharam no Tratamento Anti-TNF
Pesquisador Responsável: ROBERTO SOUTO DA SILVA
		           Área Temática: 	Pesquisas com coordenação e/ou patrocínio originados fora do Brasil, excetuadas aquelas com copatrocínio do Governo Brasileiro;
Versão: 3
CAAE: 72786123.3.2001.5243
Submetido em: 25/04/2024
Instituição Proponente: INSTITUTO DE PESQUISA E ENSINO CLIGEDIMUNO - IPEC
Situação da Versão do Projeto: Parecer Consubstanciado Emitido (Aprovado)
Localização atual da Versão do Projeto: Pesquisador Responsável
Patrocinador Principal: 		ABBVIE FARMACEUTICA LTDA.
			            


SOLUÇÃO A SER ADOTADA (PROBLEMA 03): 
- Excluir o registro em duplicidade  no histórico de trâmites, da liberação do parecer para PO, versão 2 , emitido em 11/04/2024 

SOLICITANTES: 
- Comitê de Ética em Pesquisa da Faculdade de Medicina UFF- (etica.ret@id.uff.br)
- Marina Boaventura  (marina.boaventura@saude.gov.br)

OBJETIVO DA DEMANDA:
- Correção do sistema para que se comporte conforme definido na regra de negócio [RN469].",
111568,Subproj GAL,Demanda,Demanda - Entregue,"(5378 SP, 5453 SC) Biologia Médica - Protocolo de Ensaio - impressão por número da amostra","No  protocolo de ensaio, criar o número de amostra nas opções de impressão.

Justificativa: O número da amostra é o tipo de identificação mais utilizado nas rotinas do laboratório.","Prezado Donizete.

Segue para vossa análise, aprovação e seguimento."
109243,Subproj GAL,Demanda,Demanda - Entregue,"(5193 MA, 5227 SC,  5225 BA , 5386 BA, 5360 MS, 5365 FIOCRUZ, 5368 AC, 5380 FIOCRUZ, 5411 CGLAB) Módulo Biologia Médica - Criar kits","1. 5193 MA  - Criar novo VR e novo nome do Kit
Exame: Zika IgG                           Sigla do Exame: ZIKA
Metodologia: Enzimaimunoensaio            Sigla da Metodologia: ELISA
Nome do Kit: Zika Vírus IgG
Nome Fabricante: EUROIMMUN
Valor Referência:
Não reagente:  < 0,8.
Inconclusivo :  ? 0,8 a <1,1.
Reagente: >1,1.

2.5257 SC - Inativar kit
Exame: Zika, IgG / Enzimaimunoensaio
Kit: Anti-Vírus Zika ELISA (IgG)
Fabricante: Euroimmun
Valor de referência:
Não Reagente: < 16 UR/mL
Indeterminado: ? 16 a ? 22 UR/mL 
Reagente: > 22 UR/mL

3. 5225 BA ? Inativar kit
Inativar o Kit ""Elecsys Anti-HBc II"" Para o exame SIFILISKIT: Elecsys Anti-HBc II
Fabricante: Roche
Valor de Referência:
Não reagente: COI > 1,0
Reagente: COI < ou = 1,0\

4.	(5386 BA) Criar Kit 
Exame:	Pesquisa de Arbovírus (ZDC)	Sigla do Exame:	ZDC
Metodologia:	RT-PCR em tempo real	Sigla da Metodologia:	RT-PCR
Nome do Kit: KIT MOLECULAR ZC D-TIPAGEM
Nome Fabricante: BIO-MANGUINHOS
Valor Referência: Não detectável.

5. (5360 MS  BA) Criar Kit
Exame:	Vírus Respiratórios	Sigla do Exame:	VRSRT
Metodologia:	RT-PCR em tempo real	Sigla da Metodologia:	DTNFLU
Nome do Kit: Allplex Respiratory Painel 3
Nome Fabricante: Seegene
Valor Referência: Não detectável.


6. (5365 Fiocruz )Criar Kit
Exame:	Vírus Respiratórios	Sigla do Exame:	VRSRT
Metodologia:	RT-PCR Em tempo real	Sigla da Metodologia:	RTTR
Nome do Kit: Kit IBMP Biomol Flu A, B e COVID
Nome Fabricante: IBPM
Valor Referência: Não detectável.

	
7. Criar Kit
Exame:	Covid-19 Biologia Molecular	Sigla do Exame:	COVID
Metodologia:	RT-PCR Em tempo real	Sigla da Metodologia:	RTTR
Nome do Kit: Kit IBMP Biomol Flu A, B e COVID
Nome Fabricante:	IBPM
Valor Referência:	Não detectável.




8. (5368 AC) crair Kit
	
Exame:	Pesquisa de Arbovírus (ZDC) Sigla do Exame:	PEQZDC
Metodologia:	RT-PCR em tempo real Sigla da Metodologia:	RTTR
Nome do Kit: Detecção por PCR em Tempo Real VIASURE Zika, Dengue e Chikungunya
Nome Fabricante:	Certest - Biotec
Valor Referência:	Não detectável.


9. ( 5411 CGLAB ) Criar Kit
 Exame: Pesquisa de Arbovírus (ZDC) Sigla do Exame: PEQZDC
Metodologia: RT-PCR em tempo real Sigla da Metodologia: RTTR
Nome do Kit:
Kit molecular ZC D-Tipagem
Nome Fabricante: Biomanguinhos
Valor Referência: Não Detectável.

10. 5380 FIOCRUZ - Criar Kits
	
Exame:	Chikungunya, Biologia Molecular	Sigla do Exame:	CHIKBM
Metodologia:	RT-PCR em tempo real	Sigla da Metodologia:	RTTR
Nome do Kit:
	Kit Molecular ZC D-Tipagem
Nome Fabricante:	Bio-Manguinhos
Valor Referência:	Não detectável.

11. 5380 FIOCRUZ Criar Kit

	
Exame:	Dengue, Biologia Molecular	Sigla do Exame:	DENGB
Metodologia:	RT-PCR em tempo real	Sigla da Metodologia:	RTTR
Nome do Kit: Kit Molecular ZC D-Tipagem
Nome Fabricante:	Bio-Manguinhos
Valor Referência:	Não detectável.



12. 5380 FIOCRUZ - Criar kit
Exame:	Zika, Biologia Molecular	Sigla do Exame:	ZIKABM
Metodologia:	RT-PCR em tempo real	Sigla da Metodologia:	RTTR
Nome do Kit:
	Kit Molecular ZC D-Tipagem
Nome Fabricante:	Bio-Manguinhos
Valor Referência:	Não detectável.


13. 5380 FIOCRUZ - Criar kit

Exame:	Pesquisa de Arbovírus (ZDC)	Sigla do Exame:	PEQZDC
Metodologia:	RT-PCR em tempo real	Sigla da Metodologia:	RTTR
Nome do Kit:Kit Molecular ZC D-Tipagem
Nome Fabricante: Bio-Manguinhos
Valor Referência: Não detectável.



","Prezado Elmo.

Segue para sua análise, aprovação e seguimento."
108513,Subproj GAL,Demanda,Demanda - Entregue,"(5151SC / 5159 CGLAB,  5228 Fiocruz e 5363 BA - Módulo Biologia Médica  - Criação de pré-tabelado e de microrganismo","
1. Criar o pré-tabelado: Testes fenotípicos (TEFE)
Codigo/Descrição
1 Imunocromatografia (OKN ou OKNVI)
2 Imunocromatografia (CARBA 5)
3 mCIM/eCIM (Método de inativação de carbapenêmicos modificado)
4 Método do disco combinado (Ác. borônico, ác. dipicolínico ou EDTA)
5 Teste Hodge modificado
6 Teste bioquímico/colorimétrico CarbaNP
7 Teste bioquímico/colorimétrico BlueCarba (BCT)
9 Teste bioquímico/colorimétrico ? CARBA
10 Método do disco combinado (Ác. borônico e derivados, cloxacilina e ácido dipicolínico ou EDTA)

2.  Criar pré-tabelado (PSNGPO) para ser utilizado no seguinte exame/metodologia: Poliomelite/Paraliasia Flácida Aguda por Isolamento Viral
Alterar para:
Negativo
Inconclusivo
Não Enterovírus
Enterovírus não Pólio (EVNP)
Poliovírus Derivado da Vacina Tipo 1 (PVDV 1)
Poliovírus Derivado da Vacina Tipo 2 (PVDV 2)
Poliovírus Derivado da Vacina Tipo 3 (PVDV 3)
Poliovírus Derivado da Vacina Tipos 1 + 2 (PVDV 1 + PVDV2)
Poliovírus Derivado da Vacina Tipos 1 + 3 (PVDV 1 + PVDV3)
Poliovírus Derivado da Vacina Tipos 2 + 3 (PVDV 2 + PVDV3)
Poliovírus Derivado da Vacina Tipos 1 + 2 + 3 (PVDV 1 + PVDV 2 + PVDV3)
Poliovírus Vacinal tipo 1 (Sabin Like 1 - SL1)
Poliovírus Vacinal tipo 2 (Sabin Like 2 - SL2)
Poliovírus Vacinal tipo 3 (Sabin Like 3 - SL3)
Poliovírus Vacinal tipos (Sabin Like - SL1 + SL2)
Poliovírus Vacinal tipos (Sabin Like - SL1 + SL3)
Poliovírus Vacinal tipos (Sabin Like - SL2 + SL3)
Poliovírus Vacinal tipos (Sabin Like - SL1 + SL2 + SL3)
Poliovírus Selvagem tipo 1
Poliovírus Selvagem tipo 2
Poliovírus Selvagem tipo 3

3.  Criar no Pré-tabelado de Bactérias (BACT) o seguinte microrganismo:
- Pseudocitrobacter faecalis
","Prezado Donizete

Segue para sua análise, aprovação e seguimento."
112614,Subproj HORUS,Ordem de Serviço,OS - Em andamento,Ordem de Serviço,,
112881,SubProj SIA,Ordem de Serviço,OS - Em andamento,Ordem de Serviço,,
111555,SubProj SIA,Demanda,Demanda - Em atendimento,Análise e correção do layout da APAC,"*Escopo*
Devido a hipótese de haver diferença entre dados complementares de nefrologia da APAC e o layout, conforme anexos. 
Solicitamos análise e correção se necessário.",
112473,SubProj SIH,Ordem de Serviço,OS - Em andamento,Ordem de Serviço,,
110713,SubProj SIH,Demanda,Demanda - Em atendimento,Verificação de erro - Relatório cirurgias eletivas SIHD,"Solicito análise e resolução do erro reportado pela SES/MT, conforme e-mail anexo.

O gestor relata que ao atualizar o SIHD para a versão 20.80, referente à competência 06/2024, o relatório ""AIHs de Cirurgia Eletiva"" deixa de funcionar.",
112697,Subproj GAL,Ordem de Serviço,OS - Em andamento,Ordem de Serviço,,
112693,Subproj GAL,Ordem de Serviço,OS - Em andamento,Ordem de Serviço,,
112107,Subproj Plataforma Brasil,Ordem de Serviço,OS - Em andamento,Ordem de Serviço,,
112207,Subproj Plataforma Brasil,Ordem de Serviço,OS - Em andamento,Ordem de Serviço,,
111880,Subproj Plataforma Brasil,Demanda,Demanda - Em atendimento,[PB-2024-062] [666] O sistema não está gerando o relatório de desempenho dos CEPs.,"*CASO 01*?

Fomos notificados pelo CEP 0047 Hospital Santo Antônio/Obras Sociais Irmã Dulce que o sistema não está gerando o relatório De Desempenho (Falha no Processamento).

DADOS DO CEP:
CEP 0047 Hospital Santo Antônio/Obras Sociais Irmã Dulce

SOLUÇÃO A SER ADOTADA:
O sistema deverá apresentar o relatório de desempenho solicitado pelo CEP.

*CASO 02?*

Fomos notificados pelo CEP 0035 - Hospital Estadual Geral de Goiânia Dr. Alberto Rassi - HGG que o sistema não está gerando o relatório De Desempenho (Falha no Processamento).

DADOS DO CEP:
CEP 0035 - Hospital Estadual Geral de Goiânia Dr. Alberto Rassi - HGG

SOLUÇÃO A SER ADOTADA:
O sistema deverá apresentar o relatório de desempenho solicitado pelo CEP.


OBJETIVO DA DEMANDA:
 - Correção do sistema para que se comporte conforme Especificação Técnica 250.

SOLICITANTES:
- Equipe PB/Conep (plataformabrasil@saude.gov.br)","Fase de Plano de Trabalho Aprovada, sem custos envolvidos."
111860,Subproj Hemovida Web,Ordem de Serviço,OS - Em andamento,Ordem de Serviço,,
111855,Subproj Hemovida Web,Ordem de Serviço,OS - Em andamento,Ordem de Serviço,,
111850,Subproj Hemovida Web,Ordem de Serviço,OS - Em andamento,Ordem de Serviço,,
111845,Subproj Hemovida Web,Ordem de Serviço,OS - Em andamento,Ordem de Serviço,,
111840,Subproj Hemovida Web,Ordem de Serviço,OS - Em andamento,Ordem de Serviço,,
111835,Subproj Hemovida Web,Ordem de Serviço,OS - Em andamento,Ordem de Serviço,,
111693,Subproj Hemovida Web,Ordem de Serviço,OS - Em andamento,Ordem de Serviço,,
111689,Subproj Hemovida Web,Ordem de Serviço,OS - Em andamento,Ordem de Serviço,,
111326,Subproj HORUS WS,Ordem de Serviço,OS - Em andamento,Ordem de Serviço,,
111520,subproj Hemovida Web Coagulopatias,Ordem de Serviço,OS - Em andamento,Ordem de Serviço,,
111496,subproj Hemovida Web Coagulopatias,Ordem de Serviço,OS - Em andamento,Ordem de Serviço,,
111419,Subproj HORUS,Ordem de Serviço,OS - Em andamento,Ordem de Serviço,,
111409,Subproj HORUS,Ordem de Serviço,OS - Em andamento,Ordem de Serviço,,
111404,Subproj HORUS,Ordem de Serviço,OS - Em andamento,Ordem de Serviço,,
111260,Subproj HORUS,Ordem de Serviço,OS - Em andamento,Ordem de Serviço,,
111255,Subproj HORUS,Ordem de Serviço,OS - Em andamento,Ordem de Serviço,,
109241,Subproj Plataforma Brasil,Demanda,Demanda - Entregue,[PB-2024-034] [585] O sistema não atualizou a situação de emenda coparticipante,"Fomos notificados a respeito de problema ocorrido na emenda ""Ec1"" do projeto, onde o sistema não atualizou a situação do protocolo para ""Retirado pelo Centro Coordenador"", visto que o centro coparticipante no protocolo ""POc"" consta com situação de ""Retirado pelo Centro Coordenador"".


DADOS DO PROJETO

Título da Pesquisa: VIREMIA BAIXA PERSISTENTE EM ESQUEMAS COM DOLUTEGRAVIR RELACIONADOS A PERDA DE ATIVIDADE DO FÁRMACO POR MUTAÇÕES DE RESISTÊNCIA EM 3PPT, env OU gag.
Pesquisador Responsável: Ricardo Sobhie Diaz
Área Temática:	
Versão: 3
CAAE: 76352023.1.1001.5412
Submetido em: 15/04/2024
Instituição Proponente: RICARDO SOBHIE DIAZ & CIA SOLUCOES CIENTIFICAS LTDA
Situação da Versão do Projeto: Parecer Consubstanciado Emitido (Aprovado)
Localização atual da Versão do Projeto: Pesquisador Responsável
Patrocinador Principal:		Financiamento Próprio



DADOS DO PROJETO COPARTICIPANTE:
Título da Pesquisa: VIREMIA BAIXA PERSISTENTE EM ESQUEMAS COM DOLUTEGRAVIR RELACIONADOS A PERDA DE ATIVIDADE DO FÁRMACO POR MUTAÇÕES DE RESISTÊNCIA EM 3PPT, env OU gag.
Pesquisador Responsável: Ricardo Sobhie Diaz
Área Temática:	
Versão: 1
CAAE:
Submetido em: 09/05/2024
Instituição Proponente: Instituto de Infectologia Emílio Ribas
Situação da Versão do Projeto: Aguardando Apreciação de
Localização atual da Versão do Projeto: Pesquisador Responsável
Patrocinador Principal:		Financiamento Próprio


SOLUÇÃO A SER ADOTADA:
- A situação do protocolo ""Ec1"" do centro coparticipante deve ser atualizada para ""Retirado pelo Centro Coordenador"", visto que o Protocolo ""POc"" já se encontra retirado pelo centro coordenador.

OBJETIVO DA DEMANDA:
- Correção do sistema para que se comporte conforme definido na Especificação Técnica 188-M.

SOLICITANTES:
Elza Stefani (elza.stefani@emilioribas.sp.gov.br)
Alessandra dos Santos Ferreira alessandra.ferreira@saude.gov.br",